emp_id,department,role,band,gender,city,education,age,tenure_years,salary,performance,satisfaction,engagement,leaves_taken,trainings,promotions,attrition,exit_reason,hire_year,remote_pct,overtime_hrs,manager_rating,peer_rating,skip_meetings_pct,attrition_risk,risk_band,cost_to_replace,days_since_promo,target_achieved
EMP00000,Engineering,Director,L4,Male,Chennai,Master's,39,0.2,56700.0,3.5,4.2,3.6,18,7,1,0,Transfer,2022,25,21,4.0,4.3,0.11,0.476,Medium,87400.0,777,0.47
EMP00001,Operations,VP,L5,Non-Binary,Chennai,Bachelor's,23,3.0,75500.0,3.6,3.2,3.6,1,0,2,0,Transfer,2023,75,20,3.9,3.2,0.1,0.477,Medium,146500.0,422,0.8
EMP00002,Sales,Senior Analyst,L3,Female,Kolkata,Master's,26,0.3,73700.0,4.6,3.8,4.0,18,5,2,1,Contract End,2022,0,23,4.0,3.1,0.34,0.541,Medium,67600.0,1067,0.54
EMP00003,HR,Manager,L4,Male,Mumbai,Bachelor's,30,2.4,132300.0,3.4,4.1,3.3,29,6,3,0,Retirement,2017,75,13,3.5,2.8,0.2,0.389,Medium,246200.0,1112,0.58
EMP00004,Customer Success,Manager,L1,Male,Bangalore,Master's,24,6.3,73300.0,4.4,3.6,3.9,19,4,0,0,Resignation,2019,50,7,3.3,3.8,0.3,0.313,Low,79100.0,815,0.73
EMP00005,Marketing,VP,L6,Male,Bangalore,MBA,39,3.3,82100.0,4.3,3.1,2.6,17,4,3,0,Transfer,2017,100,11,4.5,4.0,0.34,0.453,Medium,124600.0,573,0.78
EMP00006,Sales,Analyst,L5,Male,Pune,Bachelor's,39,0.7,116900.0,4.3,4.2,4.4,23,3,0,0,Retirement,2016,0,16,4.3,4.0,0.27,0.39,Medium,119300.0,216,0.43
EMP00007,Engineering,VP,L3,Female,Mumbai,Master's,54,4.3,140500.0,2.9,2.7,2.6,6,7,0,1,Retirement,2023,25,19,4.3,4.7,0.3,0.604,Medium,176900.0,1412,0.35
EMP00008,Product,Analyst,L3,Male,Delhi,MBA,51,7.2,102900.0,4.1,3.8,3.5,10,7,0,0,Retirement,2022,75,3,3.9,4.1,0.39,0.29,Low,87600.0,366,0.59
EMP00009,Sales,VP,L6,Male,Pune,Bachelor's,51,4.9,98300.0,2.8,3.8,4.6,15,8,2,0,Transfer,2021,50,15,3.9,3.1,0.18,0.397,Medium,88100.0,608,0.85
EMP00010,Finance,Senior Manager,L4,Male,Chennai,PhD,57,1.8,27200.0,4.6,4.7,3.9,2,3,1,1,Resignation,2017,75,20,4.3,2.7,0.27,0.461,Medium,43300.0,1149,0.41
EMP00011,Operations,Senior Manager,L6,Non-Binary,Chennai,Master's,48,8.6,131400.0,3.5,3.6,2.2,29,7,0,0,Resignation,2023,0,6,3.0,4.7,0.08,0.452,Medium,221200.0,708,0.63
EMP00012,Sales,Director,L6,Non-Binary,Chennai,MBA,29,4.7,89800.0,3.5,4.8,3.7,19,3,1,0,Contract End,2021,25,0,4.5,2.7,0.03,0.207,Low,151000.0,431,0.83
EMP00013,Engineering,VP,L2,Male,Pune,Diploma,49,2.4,43100.0,4.6,3.1,3.3,4,5,2,1,Transfer,2022,50,6,4.9,3.0,0.13,0.387,Medium,77500.0,803,0.63
EMP00014,Product,Senior Manager,L5,Female,Hyderabad,Master's,34,0.6,72700.0,2.9,3.9,3.2,31,3,3,1,Contract End,2023,75,13,2.5,4.1,0.02,0.467,Medium,128800.0,83,0.77
EMP00015,Customer Success,Individual Contributor,L3,Male,Bangalore,Bachelor's,51,7.0,98500.0,4.0,4.4,2.4,20,3,0,0,Resignation,2021,50,15,4.8,3.7,0.12,0.43,Medium,54400.0,1374,0.71
EMP00016,Engineering,Director,L1,Female,Kolkata,MBA,48,20.0,45500.0,4.7,3.9,3.4,31,0,2,0,Retirement,2022,100,3,2.5,4.1,0.03,0.235,Low,66800.0,997,0.61
EMP00017,Sales,Analyst,L4,Female,Kolkata,Bachelor's,29,0.1,120700.0,3.9,3.7,3.0,11,8,3,0,Resignation,2019,0,1,4.5,1.9,0.14,0.337,Medium,191200.0,48,0.63
EMP00018,Customer Success,Senior Manager,L3,Male,Bangalore,Bachelor's,25,3.9,82000.0,4.2,2.2,2.5,3,6,0,1,Transfer,2022,0,8,3.2,3.9,0.35,0.528,Medium,63400.0,108,0.58
EMP00019,Engineering,Director,L3,Male,Mumbai,Diploma,44,2.1,78100.0,4.4,3.2,3.6,8,6,1,0,Transfer,2022,25,13,3.7,3.5,0.02,0.507,Medium,146900.0,521,0.57
EMP00020,Marketing,Manager,L1,Non-Binary,Noida,MBA,53,1.9,87800.0,4.8,4.3,2.9,31,3,3,0,Contract End,2023,50,12,4.2,3.6,0.39,0.45,Medium,151400.0,376,0.84
EMP00021,Customer Success,Analyst,L3,Female,Mumbai,Bachelor's,29,9.0,33500.0,4.6,3.4,4.6,15,0,1,0,Resignation,2023,100,24,2.8,4.0,0.35,0.431,Medium,40400.0,97,0.82
EMP00022,Product,Director,L6,Male,Pune,MBA,57,8.9,56300.0,4.0,4.5,2.1,11,0,3,1,Contract End,2023,50,6,2.9,4.5,0.19,0.324,Low,73900.0,575,0.67
EMP00023,Marketing,Individual Contributor,L1,Male,Pune,PhD,46,0.3,121900.0,3.1,4.4,4.1,22,3,1,0,Retirement,2018,75,14,3.5,3.8,0.35,0.433,Medium,123800.0,1131,0.64
EMP00024,Customer Success,Manager,L1,Male,Delhi,Master's,30,1.4,51200.0,3.3,3.4,3.5,28,3,1,0,Contract End,2023,50,16,3.2,2.7,0.25,0.448,Medium,95000.0,1164,0.44
EMP00025,Engineering,Individual Contributor,L2,Male,Mumbai,MBA,31,3.8,39900.0,3.7,3.4,4.3,25,8,2,0,Termination,2021,75,19,2.5,3.7,0.08,0.411,Medium,23400.0,1303,0.65
EMP00026,Marketing,Senior Analyst,L6,Male,Kolkata,Master's,35,2.6,100000.0,4.8,1.5,4.1,24,1,0,0,Termination,2023,0,12,3.9,4.0,0.14,0.51,Medium,87900.0,723,0.56
EMP00027,HR,VP,L6,Male,Kolkata,MBA,23,1.1,152000.0,4.1,4.4,4.9,31,4,3,0,Retirement,2015,100,11,4.6,4.9,0.08,0.317,Low,88800.0,568,0.42
EMP00028,Finance,Senior Analyst,L4,Male,Bangalore,MBA,37,2.0,54300.0,4.4,4.2,4.6,10,3,1,0,Resignation,2019,75,4,3.8,1.7,0.27,0.305,Low,58000.0,559,0.59
EMP00029,Sales,Director,L4,Male,Chennai,PhD,50,4.5,122300.0,4.0,4.1,4.6,18,4,2,0,Termination,2019,0,3,3.8,4.1,0.15,0.242,Low,206900.0,222,0.79
EMP00030,Engineering,Senior Analyst,L2,Female,Pune,Master's,23,12.1,45400.0,4.4,3.6,4.0,18,5,3,0,Retirement,2023,100,3,3.3,4.9,0.14,0.266,Low,77300.0,128,0.38
EMP00031,Sales,Individual Contributor,L1,Female,Bangalore,Bachelor's,53,0.2,75600.0,2.9,4.1,3.3,16,4,0,0,Retirement,2017,50,5,3.2,4.1,0.05,0.393,Medium,58600.0,1232,0.53
EMP00032,Sales,VP,L3,Male,Delhi,PhD,23,3.2,38400.0,4.4,3.6,4.9,14,0,0,0,Contract End,2018,100,11,3.7,4.0,0.27,0.367,Medium,31300.0,562,0.46
EMP00033,Sales,Director,L1,Male,Delhi,Bachelor's,29,0.2,86400.0,3.1,3.1,3.4,20,2,0,0,Contract End,2015,50,1,2.8,3.7,0.03,0.405,Medium,100300.0,725,0.75
EMP00034,Sales,Individual Contributor,L3,Female,Chennai,Bachelor's,27,2.3,67100.0,4.8,4.2,4.8,7,8,2,0,Transfer,2015,50,13,3.4,3.7,0.29,0.345,Medium,98200.0,894,0.67
EMP00035,Operations,VP,L5,Male,Noida,Master's,52,2.5,52300.0,2.5,3.9,2.3,13,8,3,1,Contract End,2017,0,23,2.4,4.3,0.19,0.559,Medium,70600.0,27,0.41
EMP00036,Operations,VP,L2,Male,Pune,MBA,54,0.4,94700.0,3.8,4.4,3.2,8,5,3,0,Resignation,2018,0,10,4.0,4.1,0.26,0.386,Medium,143100.0,211,0.59
EMP00037,Product,Senior Analyst,L6,Male,Hyderabad,MBA,44,7.1,34300.0,4.2,3.5,3.5,8,0,3,0,Retirement,2019,50,15,4.5,3.2,0.18,0.486,Medium,42500.0,127,0.6
EMP00038,Marketing,Individual Contributor,L2,Male,Pune,MBA,30,4.0,73100.0,4.3,4.1,4.1,13,6,0,0,Termination,2017,50,24,2.7,2.0,0.36,0.48,Medium,143000.0,1305,0.62
EMP00039,Product,Individual Contributor,L1,Male,Kolkata,PhD,52,0.2,110500.0,3.9,4.7,3.4,23,8,2,0,Contract End,2017,50,13,4.5,3.6,0.3,0.403,Medium,58200.0,1023,0.72
EMP00040,Sales,Senior Manager,L2,Female,Chennai,Diploma,42,0.3,43800.0,4.4,2.5,3.3,9,5,3,0,Contract End,2019,100,12,4.7,2.5,0.02,0.549,Medium,32600.0,262,0.49
EMP00041,Sales,Director,L2,Male,Delhi,Master's,24,2.3,57500.0,4.5,4.8,2.7,29,8,1,0,Retirement,2022,50,20,3.5,3.3,0.28,0.52,Medium,72900.0,880,0.59
EMP00042,Finance,Senior Analyst,L3,Male,Chennai,MBA,35,6.5,59300.0,4.5,4.3,3.2,11,7,1,0,Retirement,2016,50,12,3.0,4.5,0.3,0.364,Medium,101700.0,1088,0.79
EMP00043,Sales,Individual Contributor,L4,Female,Noida,MBA,50,3.9,41900.0,3.1,3.5,4.4,11,1,1,0,Transfer,2016,75,14,3.4,2.2,0.09,0.417,Medium,37300.0,264,0.8
EMP00044,Sales,Senior Manager,L4,Male,Bangalore,Diploma,33,5.1,50700.0,2.6,2.9,3.1,3,0,2,0,Termination,2015,50,14,3.5,3.6,0.19,0.499,Medium,96800.0,1213,0.69
EMP00045,HR,Individual Contributor,L5,Female,Bangalore,MBA,34,3.2,92800.0,3.4,4.3,3.8,31,4,2,1,Contract End,2023,75,9,2.3,3.8,0.22,0.327,Low,184900.0,663,0.5
EMP00046,Sales,Analyst,L4,Male,Chennai,MBA,40,8.4,132700.0,4.2,4.2,3.6,0,1,3,0,Transfer,2017,75,23,2.9,4.2,0.13,0.484,Medium,78100.0,727,0.48
EMP00047,Customer Success,Individual Contributor,L6,Male,Pune,Bachelor's,35,0.4,86400.0,4.2,4.2,2.0,28,2,0,0,Contract End,2022,25,21,4.2,3.6,0.09,0.595,Medium,140100.0,292,0.4
EMP00048,Engineering,Senior Manager,L2,Female,Noida,Bachelor's,55,0.7,117100.0,4.0,3.0,4.9,19,7,1,0,Termination,2023,100,11,3.4,3.5,0.24,0.383,Medium,219300.0,251,0.25
EMP00049,HR,Senior Manager,L5,Male,Kolkata,MBA,34,6.5,24200.0,3.1,3.0,3.6,23,5,2,0,Contract End,2015,75,17,3.8,2.9,0.34,0.466,Medium,38700.0,961,0.53
EMP00050,Sales,Individual Contributor,L2,Male,Delhi,Master's,44,1.4,87000.0,4.8,2.2,2.7,14,4,2,0,Termination,2016,50,2,2.3,2.0,0.1,0.511,Medium,64900.0,957,0.4
EMP00051,Sales,Senior Analyst,L2,Male,Chennai,MBA,40,4.6,105800.0,4.6,4.9,3.8,27,4,1,0,Contract End,2020,50,23,4.5,4.5,0.3,0.406,Medium,56900.0,890,0.47
EMP00052,Finance,VP,L1,Female,Delhi,MBA,52,3.2,150700.0,2.6,3.7,3.3,21,1,0,0,Termination,2023,100,18,2.9,3.3,0.29,0.458,Medium,255900.0,1471,0.6
EMP00053,Marketing,Senior Analyst,L4,Male,Delhi,Diploma,32,20.0,84000.0,3.5,3.0,1.9,31,6,2,0,Termination,2021,50,1,4.1,3.7,0.1,0.288,Low,61500.0,1204,0.39
EMP00054,Sales,Senior Manager,L1,Male,Pune,Master's,41,4.9,69200.0,3.8,4.8,3.5,15,8,0,0,Contract End,2018,75,7,3.9,3.7,0.24,0.295,Low,120600.0,1463,0.52
EMP00055,Engineering,Analyst,L1,Male,Pune,Bachelor's,35,10.3,45400.0,4.2,3.0,2.7,31,3,3,0,Contract End,2020,0,12,3.7,3.6,0.3,0.467,Medium,72300.0,506,0.55
EMP00056,Engineering,Senior Analyst,L1,Male,Noida,PhD,57,1.9,41700.0,3.6,3.2,3.0,30,0,0,0,Contract End,2023,50,17,4.0,2.9,0.06,0.499,Medium,25100.0,251,0.64
EMP00057,HR,Manager,L2,Male,Kolkata,PhD,43,1.8,203800.0,4.3,2.5,2.9,6,3,1,0,Transfer,2015,75,13,3.1,4.6,0.15,0.572,Medium,158300.0,795,0.68
EMP00058,Marketing,Senior Manager,L2,Female,Pune,Diploma,35,2.4,78900.0,2.8,3.6,4.1,20,8,3,1,Termination,2019,50,19,3.5,4.2,0.22,0.519,Medium,91300.0,1258,0.45
EMP00059,Finance,Senior Analyst,L5,Female,Kolkata,Bachelor's,43,3.7,95000.0,3.7,4.6,3.9,10,6,3,0,Termination,2015,0,9,2.7,3.0,0.0,0.331,Medium,142700.0,1113,0.74
EMP00060,Customer Success,Manager,L3,Female,Mumbai,Master's,37,1.5,23400.0,2.8,4.0,3.8,8,2,1,0,Transfer,2021,100,12,4.4,4.5,0.08,0.443,Medium,27800.0,125,0.68
EMP00061,Finance,Analyst,L4,Male,Kolkata,Bachelor's,34,0.1,123000.0,3.8,4.5,3.7,26,7,1,0,Transfer,2015,25,23,3.5,3.6,0.15,0.454,Medium,94400.0,1435,0.58
EMP00062,Engineering,Senior Analyst,L3,Female,Hyderabad,Master's,56,1.6,48200.0,3.4,2.7,2.9,9,5,2,1,Contract End,2018,50,8,3.0,2.9,0.3,0.495,Medium,54900.0,163,0.74
EMP00063,Product,Director,L3,Male,Kolkata,Master's,23,2.5,81000.0,4.4,4.1,1.7,4,2,2,0,Transfer,2017,75,23,3.3,3.2,0.21,0.548,Medium,85000.0,561,0.6
EMP00064,Marketing,Director,L1,Male,Pune,Diploma,36,1.6,111200.0,4.7,3.1,4.2,21,4,0,0,Retirement,2020,100,21,4.6,4.2,0.34,0.514,Medium,208000.0,217,0.7
EMP00065,Product,VP,L5,Male,Hyderabad,Bachelor's,45,1.8,64200.0,4.5,3.2,4.1,3,4,1,0,Contract End,2020,50,14,4.6,2.6,0.02,0.411,Medium,86600.0,1351,0.59
EMP00066,Customer Success,Senior Manager,L1,Male,Bangalore,Master's,38,3.3,74900.0,2.7,2.6,3.3,19,6,0,0,Termination,2020,50,7,3.4,3.1,0.13,0.479,Medium,139600.0,577,0.8
EMP00067,Customer Success,Director,L2,Male,Mumbai,Bachelor's,46,8.2,95900.0,3.3,4.7,2.7,21,0,3,0,Contract End,2018,50,21,4.7,3.2,0.06,0.424,Medium,158500.0,929,0.62
EMP00068,Operations,Manager,L4,Male,Hyderabad,MBA,25,1.1,97800.0,2.4,4.2,2.2,12,8,0,0,Transfer,2019,25,1,4.1,2.6,0.12,0.351,Medium,179900.0,1441,0.74
EMP00069,Sales,VP,L3,Female,Mumbai,Diploma,57,2.5,76100.0,4.1,4.4,3.3,21,2,0,0,Contract End,2016,100,17,3.7,4.3,0.12,0.409,Medium,140100.0,1029,0.74
EMP00070,Operations,Analyst,L3,Male,Noida,MBA,51,3.1,41200.0,3.7,3.6,4.3,26,7,0,0,Transfer,2017,75,20,3.9,3.5,0.17,0.473,Medium,54600.0,409,0.77
EMP00071,Engineering,Individual Contributor,L3,Male,Kolkata,Master's,50,0.7,80500.0,3.8,3.6,3.0,6,3,0,0,Retirement,2019,100,2,3.8,3.9,0.23,0.402,Medium,52200.0,671,0.75
EMP00072,Product,Individual Contributor,L4,Male,Delhi,MBA,49,1.5,124400.0,2.4,3.9,3.3,5,8,1,1,Contract End,2016,50,8,2.9,3.5,0.13,0.38,Medium,84000.0,1222,0.82
EMP00073,Sales,Director,L2,Male,Mumbai,Master's,56,3.3,93500.0,4.0,4.6,2.2,12,5,2,0,Resignation,2020,100,1,4.2,4.8,0.29,0.354,Medium,84400.0,221,0.36
EMP00074,HR,Analyst,L3,Male,Delhi,Bachelor's,30,7.2,76800.0,3.1,2.8,3.2,10,7,2,0,Contract End,2017,100,20,4.7,3.1,0.08,0.497,Medium,100200.0,132,0.52
EMP00075,Sales,Individual Contributor,L5,Male,Mumbai,Bachelor's,50,1.7,44400.0,3.9,3.8,2.7,5,6,3,0,Transfer,2020,100,23,4.2,3.2,0.08,0.585,Medium,30800.0,1350,0.63
EMP00076,Engineering,Individual Contributor,L6,Male,Mumbai,Bachelor's,41,2.2,93600.0,4.3,2.3,2.8,19,7,1,0,Transfer,2022,100,6,3.9,3.5,0.02,0.501,Medium,122900.0,801,0.46
EMP00077,Sales,Senior Manager,L3,Female,Delhi,Bachelor's,25,1.6,37900.0,5.0,2.8,1.8,15,7,0,1,Termination,2023,75,7,3.4,4.8,0.28,0.564,Medium,38100.0,834,0.66
EMP00078,Product,Director,L1,Male,Bangalore,MBA,52,4.0,103200.0,4.4,2.2,2.5,7,4,0,0,Resignation,2019,0,3,3.0,3.7,0.39,0.487,Medium,70500.0,618,0.45
EMP00079,Product,Senior Manager,L1,Female,Noida,MBA,24,1.1,29800.0,4.0,4.5,2.4,9,8,2,0,Transfer,2023,75,19,3.6,4.4,0.27,0.544,Medium,27500.0,1236,0.48
EMP00080,Engineering,Senior Manager,L1,Male,Pune,Diploma,44,1.1,134700.0,2.3,4.2,3.4,30,5,3,0,Termination,2016,50,10,4.3,4.4,0.39,0.43,Medium,152200.0,210,0.79
EMP00081,Sales,Individual Contributor,L2,Female,Kolkata,Bachelor's,38,1.7,56200.0,3.8,3.6,3.9,13,2,1,0,Retirement,2022,100,15,4.0,3.2,0.17,0.471,Medium,72100.0,139,0.74
EMP00082,Sales,Analyst,L2,Male,Bangalore,Bachelor's,27,1.2,41200.0,4.2,2.5,3.4,12,4,3,0,Retirement,2016,100,21,2.7,4.8,0.34,0.581,Medium,33100.0,511,0.78
EMP00083,Operations,Individual Contributor,L3,Female,Delhi,Bachelor's,24,0.9,50900.0,4.0,3.7,1.8,26,3,1,0,Resignation,2021,50,14,4.1,4.2,0.24,0.508,Medium,54300.0,692,0.49
EMP00084,Operations,Individual Contributor,L4,Male,Mumbai,Bachelor's,29,0.7,60400.0,4.0,2.8,1.6,27,1,0,0,Contract End,2021,75,7,3.0,3.8,0.02,0.572,Medium,116700.0,1121,0.9
EMP00085,Marketing,Individual Contributor,L1,Female,Noida,Bachelor's,51,0.1,41500.0,2.4,1.6,3.3,2,2,2,0,Resignation,2016,50,6,4.2,4.5,0.02,0.496,Medium,26300.0,636,0.5
EMP00086,Sales,VP,L2,Female,Mumbai,Bachelor's,40,1.7,85400.0,4.8,3.1,4.5,19,6,2,0,Retirement,2023,25,14,4.6,2.8,0.13,0.481,Medium,95600.0,906,0.37
EMP00087,Operations,Senior Analyst,L4,Female,Noida,Master's,40,7.3,65800.0,4.2,4.6,4.2,22,8,3,0,Contract End,2015,100,7,3.9,4.4,0.35,0.303,Low,61900.0,781,0.8
EMP00088,Operations,Analyst,L3,Male,Noida,Master's,47,2.6,105000.0,3.7,4.5,3.6,26,6,2,0,Resignation,2017,75,20,4.9,4.6,0.26,0.475,Medium,124500.0,649,0.43
EMP00089,Finance,Individual Contributor,L3,Male,Bangalore,Bachelor's,33,4.0,131300.0,3.8,4.9,2.4,19,8,1,0,Resignation,2018,50,3,4.2,1.7,0.03,0.299,Low,70900.0,909,0.34
EMP00090,Operations,Analyst,L1,Male,Delhi,MBA,25,1.1,199200.0,3.3,4.4,4.7,19,3,2,0,Contract End,2017,25,23,4.5,3.2,0.08,0.434,Medium,304700.0,1487,0.42
EMP00091,Customer Success,Individual Contributor,L2,Male,Bangalore,MBA,28,8.4,23000.0,3.3,4.0,3.6,19,5,0,0,Transfer,2020,100,6,4.3,3.5,0.37,0.359,Medium,30200.0,184,0.65
EMP00092,Engineering,Manager,L3,Male,Bangalore,Master's,25,1.8,69900.0,4.2,3.1,2.4,28,5,1,1,Contract End,2017,75,21,1.6,4.0,0.11,0.626,Medium,94400.0,1322,0.64
EMP00093,Operations,Senior Manager,L2,Male,Pune,Bachelor's,22,0.9,63700.0,3.1,4.3,4.0,7,5,0,0,Termination,2019,100,24,3.2,4.7,0.27,0.476,Medium,41600.0,302,0.73
EMP00094,Product,Senior Manager,L3,Female,Kolkata,Master's,50,1.9,93900.0,3.0,4.5,4.3,0,0,0,0,Termination,2019,75,17,3.4,4.2,0.21,0.38,Medium,130000.0,105,0.7
EMP00095,Sales,Analyst,L1,Male,Kolkata,Diploma,25,0.1,58500.0,3.1,4.0,4.8,7,7,3,0,Termination,2019,0,2,3.3,3.7,0.13,0.249,Low,112500.0,175,0.69
EMP00096,Operations,Manager,L4,Female,Bangalore,MBA,31,0.5,141900.0,4.6,2.5,3.9,24,0,0,0,Retirement,2023,100,23,3.1,3.5,0.26,0.594,Medium,91800.0,1273,0.55
EMP00097,HR,Senior Manager,L3,Male,Chennai,Bachelor's,36,3.1,42400.0,3.4,3.3,4.8,30,2,0,0,Resignation,2021,0,13,4.7,3.6,0.06,0.347,Medium,44400.0,1344,0.62
EMP00098,Engineering,Manager,L4,Female,Kolkata,Bachelor's,36,0.7,59900.0,4.6,3.0,1.6,11,6,3,0,Retirement,2016,75,23,3.8,4.5,0.39,0.697,High,95500.0,1303,0.74
EMP00099,Finance,VP,L2,Female,Bangalore,Bachelor's,22,6.3,179200.0,3.1,2.4,2.9,9,4,2,1,Contract End,2021,0,22,4.3,3.9,0.18,0.614,Medium,268400.0,924,0.71
EMP00100,Engineering,Senior Analyst,L4,Female,Hyderabad,Master's,45,7.1,42300.0,4.1,2.6,4.0,27,8,2,0,Contract End,2022,50,16,3.4,4.3,0.05,0.48,Medium,83300.0,1429,0.49
EMP00101,Sales,VP,L1,Female,Pune,MBA,38,2.3,69300.0,4.6,4.3,4.2,26,6,0,0,Contract End,2016,50,19,3.7,3.5,0.16,0.396,Medium,124400.0,1398,0.73
EMP00102,Operations,VP,L3,Female,Hyderabad,Bachelor's,32,0.5,60600.0,4.4,3.3,2.4,28,3,2,0,Transfer,2017,0,21,4.5,4.4,0.24,0.574,Medium,45600.0,1274,0.41
EMP00103,Sales,Senior Manager,L5,Male,Pune,Master's,42,2.3,73200.0,4.0,3.3,4.8,28,2,0,0,Termination,2020,100,18,4.2,2.1,0.31,0.422,Medium,39700.0,1297,0.74
EMP00104,Marketing,Individual Contributor,L6,Male,Hyderabad,Bachelor's,27,0.5,118100.0,4.2,4.6,4.7,20,3,3,0,Transfer,2020,0,7,2.5,3.3,0.1,0.285,Low,60800.0,179,0.69
EMP00105,HR,Director,L4,Male,Mumbai,MBA,52,3.8,73900.0,4.8,3.8,4.9,10,0,2,0,Resignation,2020,100,20,3.5,3.8,0.17,0.428,Medium,106000.0,1420,0.63
EMP00106,Operations,Individual Contributor,L4,Male,Hyderabad,Bachelor's,48,3.7,89700.0,2.8,2.4,4.2,4,1,0,0,Transfer,2019,100,21,4.0,4.5,0.21,0.53,Medium,164500.0,177,0.29
EMP00107,Operations,Manager,L3,Male,Delhi,Master's,25,8.2,28200.0,2.6,2.7,2.5,30,7,0,0,Resignation,2019,100,11,3.9,2.4,0.05,0.526,Medium,22500.0,1230,0.14
EMP00108,Engineering,Senior Manager,L4,Male,Kolkata,MBA,33,0.5,58100.0,4.8,4.2,3.2,24,7,2,0,Resignation,2019,75,16,2.8,4.0,0.32,0.483,Medium,48700.0,1411,0.59
EMP00109,Sales,Analyst,L3,Non-Binary,Kolkata,MBA,38,10.7,41800.0,3.4,4.0,3.7,10,6,0,0,Retirement,2016,50,3,4.5,3.5,0.1,0.263,Low,71800.0,193,0.78
EMP00110,Sales,Individual Contributor,L6,Female,Noida,Bachelor's,37,0.7,71600.0,2.8,3.8,4.3,24,0,1,0,Resignation,2020,75,17,3.4,4.8,0.38,0.447,Medium,118200.0,284,0.53
EMP00111,Engineering,Analyst,L2,Male,Bangalore,Bachelor's,52,2.1,40800.0,3.5,3.8,2.2,24,3,2,0,Termination,2017,50,8,3.3,4.8,0.19,0.509,Medium,49000.0,970,0.66
EMP00112,Marketing,Director,L4,Female,Chennai,Bachelor's,47,5.8,88000.0,3.7,3.3,4.8,4,0,1,1,Retirement,2020,50,2,3.6,4.7,0.22,0.296,Low,120100.0,829,0.35
EMP00113,Marketing,Manager,L2,Female,Hyderabad,Master's,56,5.1,136300.0,4.9,3.7,4.0,13,5,1,0,Transfer,2023,50,2,4.6,4.0,0.11,0.306,Low,135100.0,899,0.55
EMP00114,Operations,Manager,L2,Male,Noida,Bachelor's,42,1.5,216200.0,4.4,2.9,2.3,6,2,0,0,Termination,2020,0,12,3.2,3.1,0.39,0.597,Medium,289800.0,547,0.53
EMP00115,Customer Success,VP,L4,Female,Delhi,Diploma,50,2.6,112100.0,4.8,4.5,2.1,0,1,2,0,Retirement,2015,75,9,4.1,3.4,0.07,0.391,Medium,96300.0,606,0.54
EMP00116,Engineering,Analyst,L5,Female,Chennai,Master's,46,8.9,46300.0,3.2,4.3,2.7,10,7,2,0,Termination,2015,50,18,3.0,3.6,0.06,0.438,Medium,32200.0,1238,0.58
EMP00117,Product,Director,L4,Male,Noida,Master's,36,5.7,73500.0,3.9,4.2,2.6,22,0,3,1,Termination,2015,100,12,2.5,3.5,0.09,0.404,Medium,133200.0,1249,0.44
EMP00118,Finance,Senior Analyst,L3,Male,Chennai,MBA,57,5.6,154100.0,4.2,3.3,2.9,17,4,3,0,Termination,2017,50,21,4.0,3.7,0.23,0.522,Medium,227100.0,666,0.8
EMP00119,Engineering,Manager,L1,Male,Noida,MBA,55,4.9,65500.0,3.4,3.8,3.5,0,8,2,0,Transfer,2017,75,11,4.2,4.1,0.37,0.427,Medium,62700.0,1404,0.56
EMP00120,Product,Senior Analyst,L2,Female,Pune,Master's,48,5.8,34900.0,3.9,3.6,3.1,21,6,3,0,Contract End,2018,100,23,4.5,3.1,0.08,0.547,Medium,29700.0,1288,0.78
EMP00121,Marketing,Manager,L3,Female,Mumbai,MBA,27,2.4,107300.0,3.4,4.0,4.1,29,8,2,0,Retirement,2017,100,16,4.6,4.2,0.17,0.426,Medium,59400.0,1215,0.67
EMP00122,Engineering,Analyst,L5,Male,Chennai,Diploma,29,2.2,135600.0,3.9,4.6,4.6,2,5,3,0,Resignation,2015,75,9,3.2,4.3,0.04,0.31,Low,135500.0,1272,0.88
EMP00123,Operations,Director,L5,Male,Noida,Bachelor's,41,3.4,127500.0,4.4,3.0,4.0,7,5,1,0,Contract End,2020,25,0,3.2,3.7,0.34,0.37,Medium,208600.0,324,0.69
EMP00124,Operations,Analyst,L1,Male,Hyderabad,PhD,42,1.2,116100.0,4.0,3.0,4.8,0,1,1,0,Termination,2018,100,4,4.3,2.9,0.27,0.329,Low,78200.0,567,0.58
EMP00125,Engineering,Analyst,L3,Male,Mumbai,Bachelor's,53,1.8,129900.0,4.7,3.3,2.8,21,5,2,0,Resignation,2019,75,1,3.4,3.9,0.25,0.385,Medium,207900.0,1106,0.51
EMP00126,Marketing,Senior Analyst,L5,Male,Kolkata,MBA,34,1.7,89600.0,3.1,3.8,4.0,6,5,1,0,Termination,2020,25,11,3.3,4.1,0.34,0.364,Medium,157300.0,654,0.89
EMP00127,Operations,Manager,L6,Non-Binary,Kolkata,MBA,35,0.3,86900.0,4.2,4.3,4.0,27,5,2,0,Contract End,2018,100,23,3.7,3.4,0.17,0.458,Medium,126900.0,534,0.7
EMP00128,Customer Success,Manager,L1,Male,Noida,PhD,35,1.5,99400.0,3.4,3.0,4.5,12,5,2,1,Resignation,2021,50,10,4.2,3.1,0.06,0.406,Medium,161500.0,667,0.52
EMP00129,Product,Senior Manager,L3,Male,Mumbai,Bachelor's,43,8.7,143600.0,3.4,2.6,3.6,17,6,0,0,Contract End,2016,0,17,4.0,4.1,0.04,0.523,Medium,75200.0,1419,0.53
EMP00130,Engineering,VP,L4,Male,Chennai,PhD,38,0.4,47400.0,4.5,3.4,4.4,30,4,3,0,Contract End,2016,50,20,3.7,3.6,0.24,0.51,Medium,64100.0,536,0.81
EMP00131,Operations,Senior Analyst,L2,Female,Delhi,Master's,46,2.5,61600.0,4.1,4.4,4.3,19,1,1,0,Contract End,2023,0,8,3.6,3.7,0.31,0.332,Medium,69500.0,385,0.75
EMP00132,Customer Success,Individual Contributor,L2,Male,Noida,Master's,27,12.2,42100.0,3.9,3.5,4.3,16,7,0,0,Retirement,2020,75,18,3.1,4.4,0.3,0.397,Medium,54600.0,415,0.77
EMP00133,Engineering,Manager,L2,Male,Mumbai,Master's,37,1.5,192400.0,3.5,4.3,2.3,14,6,2,0,Resignation,2023,100,6,3.7,3.1,0.31,0.386,Medium,221600.0,673,0.66
EMP00134,Sales,VP,L3,Female,Pune,Bachelor's,49,3.3,57200.0,4.1,3.3,3.0,16,7,2,0,Transfer,2017,100,24,3.2,3.5,0.06,0.547,Medium,34700.0,1331,0.81
EMP00135,HR,Director,L3,Female,Noida,MBA,49,1.0,82000.0,2.8,2.5,4.3,14,8,2,0,Contract End,2023,100,0,4.1,4.7,0.02,0.373,Medium,41300.0,426,0.31
EMP00136,Operations,VP,L2,Male,Delhi,Bachelor's,39,0.1,34200.0,4.1,3.4,3.9,15,5,3,0,Contract End,2015,25,24,4.2,4.5,0.25,0.571,Medium,43500.0,1121,0.33
EMP00137,Engineering,Analyst,L1,Male,Bangalore,Master's,26,0.2,128900.0,3.1,3.5,3.1,14,4,1,0,Transfer,2015,100,22,3.8,4.1,0.1,0.539,Medium,241000.0,422,0.54
EMP00138,Finance,Manager,L2,Female,Noida,Diploma,41,10.0,56000.0,3.8,3.8,4.1,28,0,2,0,Retirement,2018,50,14,4.8,4.1,0.17,0.398,Medium,68100.0,999,0.5
EMP00139,Operations,Individual Contributor,L1,Female,Noida,Bachelor's,25,2.4,271900.0,2.1,2.5,2.8,19,7,2,0,Contract End,2017,0,15,3.9,3.8,0.15,0.56,Medium,430400.0,1097,0.56
EMP00140,Marketing,Senior Manager,L3,Female,Hyderabad,Bachelor's,39,1.1,97600.0,4.2,2.6,3.1,18,5,2,0,Transfer,2015,75,14,3.9,4.5,0.0,0.557,Medium,192200.0,1195,0.56
EMP00141,Engineering,Director,L2,Male,Kolkata,MBA,40,1.8,112900.0,3.9,4.1,4.1,13,5,0,1,Transfer,2020,75,16,3.3,3.8,0.05,0.423,Medium,189100.0,217,0.29
EMP00142,Engineering,Senior Manager,L3,Male,Chennai,Master's,25,2.2,33100.0,4.3,4.7,2.5,7,3,0,0,Contract End,2021,50,13,4.9,2.2,0.01,0.435,Medium,50300.0,312,0.73
EMP00143,Product,Manager,L3,Male,Hyderabad,Master's,41,0.5,68600.0,4.6,3.5,4.4,14,0,0,0,Resignation,2021,100,8,4.3,2.0,0.32,0.349,Medium,107100.0,12,0.56
EMP00144,Operations,Manager,L2,Male,Bangalore,MBA,52,1.1,93600.0,3.6,3.4,2.9,3,4,1,1,Termination,2019,75,9,4.0,4.2,0.36,0.438,Medium,142400.0,30,0.3
EMP00145,Engineering,Analyst,L1,Male,Noida,Master's,55,0.2,77100.0,3.3,4.4,4.0,25,8,0,0,Retirement,2017,50,17,2.2,2.3,0.35,0.462,Medium,84100.0,533,0.54
EMP00146,Engineering,VP,L3,Male,Delhi,Bachelor's,34,17.9,125800.0,3.6,4.4,2.3,16,8,0,0,Resignation,2018,100,18,3.6,4.2,0.23,0.345,Medium,190400.0,593,0.57
EMP00147,Sales,Senior Analyst,L4,Male,Delhi,MBA,41,7.8,61900.0,4.8,3.8,3.5,8,7,0,0,Contract End,2022,0,4,4.1,4.2,0.16,0.318,Low,51500.0,606,0.6
EMP00148,Engineering,Analyst,L1,Male,Chennai,MBA,46,4.5,64000.0,3.8,2.5,3.7,5,0,0,0,Resignation,2017,100,9,4.6,4.1,0.17,0.437,Medium,111800.0,1399,0.47
EMP00149,Engineering,VP,L5,Male,Pune,Bachelor's,38,1.8,82400.0,3.6,2.5,3.4,13,6,3,0,Retirement,2021,50,2,4.2,3.0,0.2,0.405,Medium,131100.0,722,0.52
EMP00150,Engineering,Senior Manager,L4,Non-Binary,Noida,Bachelor's,56,13.8,32700.0,2.6,2.9,2.4,28,1,1,0,Retirement,2016,100,16,2.8,3.7,0.18,0.514,Medium,18100.0,344,0.81
EMP00151,Marketing,Individual Contributor,L1,Male,Noida,PhD,46,12.5,58500.0,4.3,4.0,2.4,31,2,3,0,Termination,2022,0,11,3.4,3.2,0.4,0.412,Medium,110100.0,1452,0.89
EMP00152,Finance,Senior Manager,L5,Male,Chennai,PhD,43,2.8,39200.0,2.9,3.8,2.8,8,0,0,1,Resignation,2022,75,20,2.8,3.9,0.19,0.534,Medium,62300.0,1291,0.87
EMP00153,Sales,VP,L2,Female,Bangalore,MBA,49,2.0,93900.0,4.7,4.3,4.3,18,5,1,0,Termination,2022,0,10,2.6,4.0,0.05,0.296,Low,125000.0,773,0.82
EMP00154,Engineering,Individual Contributor,L4,Female,Hyderabad,Bachelor's,24,3.5,95800.0,3.3,3.1,3.7,18,1,0,0,Retirement,2016,50,16,4.5,3.2,0.01,0.527,Medium,184800.0,1221,0.62
EMP00155,Product,VP,L2,Male,Chennai,PhD,51,4.8,140700.0,4.1,4.7,2.5,0,6,2,0,Retirement,2020,25,5,4.2,4.0,0.28,0.333,Medium,78100.0,558,0.64
EMP00156,Marketing,Analyst,L3,Male,Delhi,MBA,22,2.3,170100.0,4.6,3.9,2.8,30,6,0,0,Transfer,2015,50,3,4.7,3.7,0.2,0.367,Medium,276000.0,40,0.71
EMP00157,Customer Success,Manager,L4,Male,Bangalore,Master's,36,1.4,50600.0,3.9,3.9,2.2,4,2,3,0,Contract End,2015,50,19,3.5,3.0,0.04,0.569,Medium,57300.0,598,0.62
EMP00158,Customer Success,Senior Manager,L3,Male,Mumbai,Diploma,51,3.0,52100.0,4.3,3.8,3.2,27,2,2,0,Retirement,2021,100,0,3.0,4.3,0.25,0.353,Medium,79500.0,937,0.51
EMP00159,Product,Individual Contributor,L1,Female,Delhi,Bachelor's,41,1.8,76200.0,4.1,4.2,3.4,1,3,1,1,Retirement,2015,50,3,4.5,4.2,0.02,0.345,Medium,87800.0,67,0.8
EMP00160,Engineering,Manager,L3,Male,Delhi,Diploma,24,2.2,55400.0,4.2,3.1,3.8,2,4,2,0,Contract End,2023,75,13,2.8,3.6,0.05,0.461,Medium,77900.0,681,0.63
EMP00161,Operations,Director,L3,Female,Chennai,Master's,43,0.9,116300.0,4.6,3.9,2.8,24,1,0,1,Resignation,2017,50,13,2.8,4.3,0.02,0.494,Medium,137000.0,763,0.74
EMP00162,Customer Success,Senior Manager,L2,Male,Pune,PhD,47,1.5,94900.0,4.4,3.6,3.1,2,8,0,0,Retirement,2015,75,11,3.0,3.4,0.17,0.435,Medium,162700.0,610,0.67
EMP00163,Sales,Director,L4,Female,Mumbai,Bachelor's,46,3.6,71800.0,3.7,4.0,2.9,15,1,2,0,Resignation,2020,0,10,2.5,4.3,0.03,0.408,Medium,140500.0,1449,0.92
EMP00164,Operations,VP,L3,Female,Noida,MBA,52,3.1,71100.0,4.8,4.3,3.5,7,6,0,0,Resignation,2016,50,3,4.3,3.2,0.15,0.305,Low,100700.0,1224,0.65
EMP00165,Operations,Manager,L5,Male,Noida,Bachelor's,44,3.3,82900.0,4.1,2.0,4.6,10,5,0,0,Resignation,2022,100,9,3.9,3.0,0.08,0.494,Medium,93100.0,1459,0.68
EMP00166,Marketing,Senior Analyst,L2,Male,Hyderabad,Bachelor's,47,4.0,78900.0,3.8,4.4,4.5,14,1,2,0,Retirement,2015,50,11,1.9,4.4,0.32,0.301,Low,146700.0,1130,0.68
EMP00167,Operations,Individual Contributor,L3,Female,Pune,Bachelor's,36,10.9,153000.0,3.3,2.9,3.8,6,4,2,0,Contract End,2022,100,2,3.2,3.6,0.19,0.33,Low,97500.0,1284,0.88
EMP00168,Engineering,VP,L3,Female,Bangalore,Bachelor's,37,2.0,54000.0,4.4,2.6,2.4,0,4,3,0,Termination,2017,100,16,4.8,3.2,0.28,0.546,Medium,70900.0,398,0.77
EMP00169,Product,VP,L3,Male,Noida,PhD,48,9.6,106000.0,2.9,3.7,3.2,17,3,3,0,Resignation,2023,100,4,4.4,3.3,0.18,0.336,Medium,175000.0,1451,0.28
EMP00170,Product,Senior Manager,L1,Male,Bangalore,Diploma,35,1.3,85400.0,4.3,4.5,4.7,23,1,2,1,Termination,2018,0,5,4.5,2.8,0.25,0.327,Low,122300.0,399,0.32
EMP00171,Engineering,Senior Manager,L5,Male,Pune,Bachelor's,24,2.5,110500.0,3.5,3.9,2.6,26,3,2,0,Termination,2018,75,13,3.8,4.2,0.21,0.486,Medium,182200.0,359,0.5
EMP00172,Customer Success,Director,L2,Female,Kolkata,PhD,44,3.4,53000.0,3.0,4.0,3.8,12,0,0,1,Termination,2019,100,6,3.0,3.7,0.33,0.365,Medium,79100.0,948,0.6
EMP00173,Engineering,Individual Contributor,L4,Male,Mumbai,MBA,46,2.1,51300.0,4.5,3.6,2.8,4,0,1,1,Resignation,2019,25,19,4.6,3.7,0.19,0.523,Medium,33300.0,1258,0.35
EMP00174,Finance,Director,L1,Male,Pune,MBA,29,5.3,99800.0,4.5,4.7,2.0,3,7,3,0,Retirement,2022,100,8,2.7,3.5,0.36,0.421,Medium,190900.0,462,0.53
EMP00175,Engineering,Analyst,L1,Male,Bangalore,Bachelor's,50,0.1,54100.0,4.4,3.3,1.6,9,0,3,0,Transfer,2017,50,23,3.1,3.7,0.25,0.657,Medium,76300.0,1091,0.72
EMP00176,Sales,Individual Contributor,L3,Male,Noida,Bachelor's,36,4.2,94200.0,4.1,3.8,3.3,28,4,2,0,Transfer,2023,75,2,3.4,3.8,0.33,0.35,Medium,166600.0,611,0.53
EMP00177,Sales,Analyst,L1,Male,Noida,Master's,54,0.5,78100.0,3.3,4.7,3.2,2,7,0,1,Contract End,2016,50,3,4.5,2.9,0.29,0.338,Medium,75700.0,1145,0.39
EMP00178,Engineering,Manager,L6,Female,Hyderabad,Bachelor's,39,0.2,49500.0,3.6,3.8,2.0,7,6,0,1,Termination,2019,50,4,3.2,4.0,0.36,0.435,Medium,25300.0,152,0.64
EMP00179,Marketing,VP,L3,Female,Mumbai,Diploma,42,1.5,60600.0,4.2,3.4,3.6,13,6,3,0,Termination,2018,75,18,3.4,3.8,0.34,0.462,Medium,95900.0,1011,0.67
EMP00180,Marketing,Senior Manager,L4,Female,Mumbai,Diploma,40,2.3,109800.0,4.4,4.4,3.9,14,5,1,0,Transfer,2023,75,2,4.4,4.6,0.18,0.244,Low,187300.0,247,0.56
EMP00181,Product,Manager,L2,Female,Noida,MBA,34,0.1,71000.0,4.0,4.1,2.1,5,2,0,0,Termination,2017,75,12,3.4,2.8,0.03,0.494,Medium,126200.0,1401,0.77
EMP00182,HR,Analyst,L5,Female,Pune,PhD,45,3.6,87600.0,4.3,3.4,2.0,1,0,1,0,Transfer,2023,75,13,4.4,4.0,0.19,0.513,Medium,124800.0,1431,0.5
EMP00183,Engineering,Director,L2,Female,Kolkata,MBA,31,3.6,84600.0,4.4,3.2,4.8,10,8,1,0,Transfer,2022,25,24,4.3,2.9,0.15,0.442,Medium,86800.0,1072,0.48
EMP00184,Engineering,Senior Analyst,L6,Female,Chennai,Bachelor's,29,3.4,85300.0,2.5,4.1,3.7,14,0,3,1,Resignation,2023,100,9,4.4,3.0,0.28,0.412,Medium,160200.0,1009,0.69
EMP00185,Sales,Manager,L1,Female,Kolkata,Diploma,53,7.7,29900.0,4.3,4.3,4.0,29,1,3,0,Resignation,2020,100,24,4.1,2.2,0.04,0.418,Medium,34500.0,53,0.68
EMP00186,Sales,Senior Manager,L2,Female,Mumbai,PhD,29,6.8,172200.0,3.1,3.1,3.7,12,3,2,0,Contract End,2015,100,20,3.6,3.7,0.06,0.528,Medium,268100.0,1421,0.54
EMP00187,Engineering,Senior Analyst,L1,Female,Noida,Master's,49,1.0,51300.0,4.7,3.1,3.9,8,5,2,0,Transfer,2016,50,1,3.7,3.3,0.3,0.34,Medium,39800.0,51,0.35
EMP00188,Customer Success,Manager,L3,Female,Chennai,MBA,34,3.1,87000.0,3.3,3.8,2.3,29,1,3,0,Resignation,2023,100,4,4.3,4.4,0.16,0.429,Medium,78200.0,1349,0.79
EMP00189,Operations,Individual Contributor,L2,Male,Mumbai,MBA,25,6.6,135800.0,3.0,4.6,2.8,30,4,1,1,Resignation,2018,100,23,4.6,3.4,0.22,0.45,Medium,250300.0,789,0.63
EMP00190,Engineering,Manager,L3,Male,Noida,Bachelor's,54,0.1,89700.0,3.8,4.0,3.7,31,1,2,0,Retirement,2018,50,5,3.5,2.7,0.21,0.389,Medium,112300.0,1255,0.65
EMP00191,Sales,VP,L5,Male,Noida,Diploma,35,4.2,40600.0,4.8,4.0,3.3,13,5,0,0,Contract End,2016,25,12,3.4,4.8,0.16,0.385,Medium,22400.0,704,0.59
EMP00192,Product,Director,L3,Male,Mumbai,Diploma,24,2.4,84700.0,3.7,4.4,3.0,26,7,0,1,Retirement,2016,100,11,4.5,3.5,0.15,0.425,Medium,62600.0,1144,0.46
EMP00193,Sales,Director,L4,Female,Bangalore,Master's,50,3.9,39100.0,3.9,2.8,3.1,18,5,0,0,Resignation,2019,25,5,3.3,3.2,0.06,0.392,Medium,66300.0,952,0.66
EMP00194,Product,Senior Manager,L1,Male,Delhi,PhD,45,4.0,105400.0,3.8,3.4,3.5,27,1,0,0,Contract End,2018,75,7,3.1,4.0,0.26,0.367,Medium,81500.0,145,0.78
EMP00195,Sales,Manager,L1,Male,Delhi,MBA,29,7.0,40700.0,2.0,3.6,3.7,4,4,3,1,Contract End,2015,25,11,3.2,3.5,0.16,0.394,Medium,43900.0,1035,0.72
EMP00196,Customer Success,VP,L4,Male,Noida,Master's,25,13.5,36200.0,4.3,2.7,4.4,21,8,0,0,Transfer,2022,100,19,2.0,3.0,0.18,0.385,Medium,28600.0,1264,0.58
EMP00197,Sales,VP,L3,Female,Delhi,Bachelor's,49,8.5,53400.0,4.5,4.6,4.3,0,3,0,0,Termination,2022,0,20,4.2,2.5,0.14,0.317,Low,54200.0,1015,0.53
EMP00198,Finance,Senior Manager,L4,Female,Hyderabad,Bachelor's,54,9.3,174300.0,4.6,2.5,4.4,23,2,1,0,Retirement,2015,25,14,2.0,4.0,0.17,0.428,Medium,103100.0,214,0.85
EMP00199,Marketing,Director,L6,Male,Noida,Master's,24,4.3,124600.0,3.5,2.8,4.0,21,0,1,0,Contract End,2023,50,3,3.5,3.4,0.2,0.329,Low,100700.0,650,0.68
EMP00200,HR,Individual Contributor,L4,Female,Noida,Bachelor's,27,5.8,75900.0,4.1,3.3,4.3,0,1,0,0,Contract End,2017,0,6,4.6,4.2,0.25,0.349,Medium,51600.0,761,0.21
EMP00201,Engineering,Director,L5,Male,Noida,Master's,55,1.2,83300.0,2.3,4.1,4.4,7,4,1,0,Resignation,2018,75,7,3.5,1.9,0.04,0.358,Medium,135700.0,232,0.46
EMP00202,HR,Director,L3,Female,Noida,Bachelor's,41,3.8,73600.0,3.9,4.0,2.2,22,5,1,1,Transfer,2015,50,1,3.1,2.4,0.12,0.375,Medium,70000.0,653,0.81
EMP00203,Customer Success,Senior Manager,L3,Female,Noida,Bachelor's,49,0.4,86500.0,4.1,3.8,4.5,20,7,3,0,Transfer,2018,50,24,2.4,3.2,0.33,0.486,Medium,52500.0,273,0.7
EMP00204,Marketing,Analyst,L1,Female,Mumbai,MBA,52,16.3,91800.0,3.8,4.3,2.8,6,8,2,0,Transfer,2020,75,8,3.2,3.4,0.12,0.342,Medium,90400.0,758,0.69
EMP00205,Product,Individual Contributor,L5,Male,Hyderabad,Master's,57,3.5,42900.0,3.5,4.4,2.5,26,8,0,0,Termination,2016,100,8,3.4,4.4,0.39,0.36,Medium,74800.0,50,0.5
EMP00206,Finance,Senior Analyst,L4,Female,Mumbai,PhD,41,0.4,38300.0,3.8,3.5,2.5,1,3,2,0,Resignation,2023,50,11,4.4,3.5,0.34,0.461,Medium,68700.0,896,0.5
EMP00207,HR,Senior Analyst,L1,Female,Pune,Diploma,45,0.1,54600.0,4.3,4.9,3.1,26,8,0,0,Transfer,2021,0,22,4.0,3.1,0.32,0.494,Medium,69100.0,49,0.8
EMP00208,Finance,Individual Contributor,L3,Female,Chennai,Bachelor's,50,1.2,45900.0,3.8,2.4,4.5,21,1,2,0,Transfer,2023,0,15,3.5,3.9,0.15,0.477,Medium,80300.0,1203,0.62
EMP00209,Engineering,VP,L4,Male,Pune,Bachelor's,53,0.6,63200.0,2.7,4.5,3.7,27,0,3,0,Termination,2016,50,15,3.7,2.6,0.15,0.456,Medium,75800.0,767,0.53
EMP00210,Customer Success,Analyst,L2,Male,Noida,Master's,45,5.2,75400.0,4.7,3.9,4.2,4,0,2,0,Contract End,2016,50,2,3.0,4.3,0.12,0.289,Low,74400.0,889,0.53
EMP00211,Customer Success,Senior Analyst,L4,Female,Hyderabad,Bachelor's,42,0.6,39600.0,4.1,3.4,3.2,3,6,0,0,Termination,2016,100,18,3.3,3.6,0.1,0.485,Medium,74300.0,1227,0.46
EMP00212,Sales,Manager,L3,Male,Mumbai,Diploma,53,5.2,55500.0,4.2,2.2,4.0,7,4,2,0,Retirement,2017,50,12,2.6,3.1,0.33,0.456,Medium,79400.0,558,0.88
EMP00213,Marketing,Senior Manager,L4,Male,Chennai,Bachelor's,45,0.8,57300.0,4.2,2.7,2.7,1,7,3,0,Contract End,2019,0,19,3.4,4.4,0.29,0.572,Medium,41600.0,183,0.73
EMP00214,Engineering,Manager,L1,Female,Chennai,MBA,55,7.6,32500.0,4.0,3.9,4.1,1,8,1,0,Resignation,2018,100,23,4.3,4.2,0.39,0.437,Medium,37600.0,517,0.81
EMP00215,Customer Success,Senior Analyst,L1,Male,Pune,Master's,34,3.9,46900.0,2.1,4.6,2.9,3,5,3,0,Resignation,2022,75,16,4.6,4.5,0.37,0.412,Medium,25300.0,1188,0.48
EMP00216,Operations,Director,L2,Male,Pune,Master's,23,5.2,54000.0,3.4,3.3,3.7,28,2,1,0,Resignation,2022,100,2,3.3,3.3,0.08,0.364,Medium,49700.0,1131,0.81
EMP00217,Finance,Senior Analyst,L2,Female,Bangalore,Bachelor's,24,0.5,31200.0,2.7,4.5,4.7,14,0,3,0,Resignation,2018,25,10,3.9,3.6,0.32,0.327,Low,54700.0,953,0.75
EMP00218,Operations,Manager,L2,Male,Pune,MBA,27,4.9,37700.0,3.3,3.7,4.2,17,6,0,0,Resignation,2022,50,2,4.3,2.9,0.22,0.306,Low,50000.0,1178,0.81
EMP00219,Engineering,Director,L3,Male,Pune,PhD,34,2.7,69600.0,3.8,3.6,3.8,11,5,0,0,Contract End,2020,100,21,2.3,4.0,0.24,0.543,Medium,79100.0,110,0.65
EMP00220,Product,Individual Contributor,L6,Male,Mumbai,Bachelor's,45,8.1,61500.0,4.7,4.1,2.9,20,2,0,0,Transfer,2017,50,11,4.2,4.1,0.18,0.413,Medium,32000.0,46,0.7
EMP00221,Product,Senior Manager,L2,Male,Hyderabad,Bachelor's,36,3.4,45100.0,3.3,4.9,3.9,3,0,0,0,Retirement,2020,50,13,4.8,3.6,0.07,0.366,Medium,55600.0,1402,0.59
EMP00222,Marketing,Manager,L2,Female,Hyderabad,MBA,40,4.8,100400.0,3.8,4.1,2.9,21,1,3,0,Resignation,2016,100,1,2.9,4.2,0.2,0.367,Medium,193500.0,1293,0.84
EMP00223,Engineering,VP,L3,Male,Mumbai,MBA,37,2.3,130000.0,4.9,4.5,3.1,19,3,0,1,Transfer,2015,50,4,3.4,3.0,0.36,0.366,Medium,255600.0,1110,0.67
EMP00224,Operations,Manager,L3,Male,Kolkata,Bachelor's,56,4.4,48200.0,3.2,4.3,3.3,3,4,2,0,Transfer,2021,100,18,3.6,4.0,0.39,0.457,Medium,61600.0,151,0.5
EMP00225,Sales,Senior Manager,L2,Female,Bangalore,Bachelor's,38,8.8,76100.0,4.0,1.9,3.6,8,3,1,0,Contract End,2020,50,7,3.8,2.7,0.04,0.432,Medium,38800.0,1298,0.24
EMP00226,Sales,Senior Analyst,L3,Female,Noida,MBA,39,0.6,104200.0,4.0,2.5,2.5,17,7,1,1,Contract End,2015,50,16,3.5,3.0,0.18,0.623,Medium,136900.0,293,0.39
EMP00227,Engineering,Individual Contributor,L2,Male,Mumbai,Bachelor's,55,2.4,65000.0,2.6,4.8,3.0,21,7,3,0,Transfer,2021,0,9,2.7,3.5,0.2,0.343,Medium,129600.0,1219,0.54
EMP00228,Finance,Senior Manager,L3,Female,Delhi,Bachelor's,28,1.7,165800.0,3.6,3.2,2.8,19,5,0,0,Contract End,2018,75,22,3.6,3.5,0.04,0.594,Medium,202800.0,1104,0.59
EMP00229,Operations,Senior Analyst,L1,Female,Chennai,Bachelor's,50,0.1,41100.0,4.1,4.6,4.1,18,7,3,0,Retirement,2016,50,12,4.3,3.8,0.16,0.378,Medium,26200.0,946,0.65
EMP00230,Finance,Director,L3,Female,Noida,MBA,54,0.5,82000.0,3.2,3.9,2.9,7,7,1,0,Retirement,2019,100,21,4.1,3.2,0.23,0.498,Medium,48600.0,90,0.87
EMP00231,Product,Analyst,L4,Male,Pune,MBA,49,6.2,85400.0,4.4,1.6,4.2,23,0,0,1,Retirement,2021,100,7,2.8,3.9,0.14,0.473,Medium,144800.0,502,0.75
EMP00232,Operations,VP,L3,Male,Kolkata,MBA,28,0.1,77300.0,3.8,3.9,4.0,0,7,1,0,Contract End,2016,100,5,3.1,3.3,0.16,0.332,Medium,111700.0,1336,0.53
EMP00233,Engineering,Analyst,L4,Male,Pune,Master's,48,1.5,112300.0,3.3,3.8,2.8,13,0,1,0,Contract End,2019,0,20,4.3,4.4,0.26,0.531,Medium,116100.0,131,0.64
EMP00234,Operations,VP,L2,Male,Noida,MBA,24,2.9,57300.0,3.5,3.9,3.6,8,5,0,0,Contract End,2022,75,5,3.6,3.8,0.3,0.39,Medium,73400.0,556,0.78
EMP00235,Marketing,Senior Analyst,L2,Female,Bangalore,Bachelor's,41,3.0,106800.0,2.6,4.6,4.7,31,5,0,0,Retirement,2015,25,2,2.9,4.0,0.04,0.24,Low,86900.0,972,0.69
EMP00236,Product,Senior Manager,L4,Female,Delhi,Bachelor's,52,3.8,48300.0,4.2,4.0,4.0,10,1,2,0,Retirement,2018,100,16,3.5,4.2,0.31,0.458,Medium,63000.0,1378,0.3
EMP00237,Sales,Individual Contributor,L1,Female,Hyderabad,Bachelor's,29,6.1,33200.0,3.8,3.7,2.7,15,7,2,0,Retirement,2020,25,12,2.8,3.8,0.11,0.399,Medium,34400.0,1278,0.72
EMP00238,Finance,Analyst,L1,Male,Noida,MBA,46,9.2,107800.0,4.5,3.7,2.5,26,1,1,0,Transfer,2020,50,23,3.4,3.9,0.31,0.49,Medium,209300.0,1380,0.57
EMP00239,Product,Director,L3,Male,Pune,Bachelor's,27,1.7,112500.0,4.5,3.3,3.3,25,5,2,0,Transfer,2019,50,24,2.7,3.9,0.39,0.552,Medium,171100.0,1242,0.58
EMP00240,Operations,VP,L2,Female,Kolkata,MBA,22,10.5,42600.0,3.7,3.7,4.2,4,6,3,0,Termination,2015,100,2,4.0,2.1,0.13,0.217,Low,35900.0,179,0.33
EMP00241,Sales,Senior Manager,L1,Male,Mumbai,Bachelor's,45,0.3,71300.0,3.7,3.8,1.6,14,8,2,1,Resignation,2020,50,13,4.2,2.5,0.33,0.547,Medium,79700.0,473,0.66
EMP00242,Operations,Manager,L6,Female,Chennai,Bachelor's,55,2.8,116400.0,3.4,3.5,2.1,5,4,1,0,Resignation,2022,25,24,2.3,3.8,0.08,0.59,Medium,122100.0,1403,0.31
EMP00243,Operations,Senior Analyst,L3,Male,Delhi,Master's,40,10.9,31200.0,3.2,3.3,2.8,28,4,1,0,Transfer,2016,100,3,3.3,3.6,0.0,0.387,Medium,52800.0,1318,0.53
EMP00244,Engineering,Director,L1,Female,Mumbai,PhD,53,1.4,73400.0,2.8,4.3,3.4,27,5,2,0,Contract End,2019,50,2,4.2,3.6,0.0,0.373,Medium,95200.0,1270,0.43
EMP00245,Finance,Analyst,L3,Female,Delhi,Bachelor's,25,0.9,58000.0,3.9,4.3,2.7,26,3,1,0,Resignation,2019,75,2,2.8,3.1,0.14,0.373,Medium,75300.0,964,0.48
EMP00246,Product,VP,L4,Female,Delhi,Bachelor's,44,1.4,103900.0,4.6,3.4,4.4,25,0,3,0,Resignation,2021,75,17,4.8,4.6,0.18,0.437,Medium,97900.0,714,0.52
EMP00247,HR,Individual Contributor,L2,Female,Noida,MBA,34,0.6,68700.0,3.3,4.7,4.5,0,6,1,0,Contract End,2020,25,5,3.7,4.7,0.3,0.233,Low,129600.0,1380,0.54
EMP00248,Marketing,Manager,L2,Male,Delhi,MBA,41,6.4,57100.0,3.7,4.1,3.8,11,2,2,0,Termination,2019,75,21,4.7,3.8,0.27,0.418,Medium,28800.0,1445,0.84
EMP00249,Sales,Director,L3,Male,Mumbai,Bachelor's,40,0.7,128200.0,3.4,3.4,3.3,17,7,1,0,Transfer,2023,25,13,4.6,3.4,0.15,0.479,Medium,70700.0,412,0.8
EMP00250,Operations,Senior Manager,L1,Female,Chennai,Master's,34,4.4,67700.0,3.8,4.9,3.8,0,2,3,0,Contract End,2021,75,4,4.8,4.2,0.16,0.221,Low,87200.0,709,0.9
EMP00251,Engineering,Director,L2,Male,Mumbai,PhD,33,3.6,62100.0,3.3,2.5,3.7,10,5,0,0,Retirement,2015,50,22,3.4,4.0,0.38,0.617,Medium,57400.0,552,0.78
EMP00252,Marketing,Individual Contributor,L3,Male,Mumbai,Bachelor's,39,0.1,138000.0,4.3,4.2,3.1,16,3,3,0,Contract End,2023,75,3,4.4,4.3,0.04,0.318,Low,180400.0,253,0.43
EMP00253,Product,Manager,L5,Female,Bangalore,Diploma,36,1.0,70100.0,4.5,3.0,1.4,7,0,3,1,Resignation,2016,50,15,2.5,3.8,0.11,0.662,High,78000.0,1384,0.55
EMP00254,Engineering,Senior Manager,L3,Female,Bangalore,Bachelor's,50,1.9,157000.0,4.6,2.8,2.4,16,2,2,0,Resignation,2018,0,17,2.4,3.0,0.29,0.574,Medium,300900.0,855,0.57
EMP00255,HR,Senior Manager,L6,Female,Bangalore,MBA,29,0.8,88000.0,4.1,4.3,4.2,20,7,1,1,Retirement,2022,0,11,3.8,4.0,0.01,0.32,Low,157700.0,1144,0.34
EMP00256,Marketing,VP,L4,Male,Hyderabad,MBA,54,0.8,44500.0,4.4,4.4,2.8,15,7,3,0,Resignation,2022,50,12,3.4,3.6,0.18,0.468,Medium,37800.0,1264,0.77
EMP00257,Operations,Analyst,L4,Male,Kolkata,Bachelor's,38,1.3,53900.0,4.4,3.4,3.4,20,7,0,0,Transfer,2015,50,20,2.7,2.1,0.23,0.526,Medium,72700.0,227,0.6
EMP00258,Marketing,Senior Manager,L2,Male,Delhi,Master's,52,0.1,53200.0,4.1,3.4,1.8,19,7,2,0,Termination,2018,50,2,1.8,4.1,0.32,0.505,Medium,89200.0,135,0.77
EMP00259,Product,VP,L4,Female,Noida,MBA,27,11.2,45800.0,3.9,4.7,4.9,26,1,0,0,Termination,2017,75,7,3.8,3.4,0.02,0.187,Low,55900.0,1405,0.64
EMP00260,Customer Success,Manager,L3,Female,Mumbai,Bachelor's,46,0.8,52000.0,3.3,4.0,3.7,11,4,3,0,Resignation,2020,75,14,3.4,4.1,0.34,0.43,Medium,83000.0,33,0.53
EMP00261,Engineering,Manager,L2,Male,Hyderabad,Master's,25,0.6,81000.0,4.0,3.5,3.6,26,3,2,0,Transfer,2019,100,10,1.8,3.4,0.37,0.446,Medium,156500.0,538,0.92
EMP00262,Engineering,Manager,L1,Female,Chennai,Bachelor's,45,4.2,92600.0,4.7,4.4,1.7,17,4,3,0,Contract End,2021,0,13,4.7,3.6,0.25,0.461,Medium,87300.0,65,0.62
EMP00263,HR,Senior Manager,L2,Female,Kolkata,Bachelor's,36,9.3,215100.0,4.3,3.9,3.1,8,6,0,0,Termination,2017,50,5,4.3,4.6,0.29,0.3,Low,277000.0,272,0.94
EMP00264,Sales,Senior Analyst,L1,Female,Noida,PhD,42,1.8,106200.0,4.7,3.4,4.2,20,6,1,0,Resignation,2021,0,7,2.6,3.0,0.28,0.37,Medium,207900.0,278,0.43
EMP00265,Sales,Manager,L3,Male,Noida,Master's,27,4.0,182200.0,4.2,3.1,2.2,12,5,3,0,Retirement,2018,50,24,3.4,4.4,0.2,0.577,Medium,138000.0,833,0.74
EMP00266,Operations,VP,L5,Male,Noida,Bachelor's,57,4.1,66200.0,3.8,4.4,2.5,6,3,0,1,Retirement,2020,75,13,4.0,3.1,0.14,0.488,Medium,102600.0,129,0.48
EMP00267,Product,Director,L1,Non-Binary,Bangalore,Bachelor's,32,0.7,131500.0,3.7,3.9,3.3,30,4,2,0,Resignation,2019,75,20,3.3,4.5,0.27,0.475,Medium,144100.0,852,0.59
EMP00268,Operations,VP,L6,Female,Noida,Bachelor's,33,1.7,25700.0,3.9,4.2,3.6,27,1,0,0,Contract End,2023,75,1,4.4,3.9,0.06,0.283,Low,40900.0,311,0.35
EMP00269,Finance,Manager,L4,Female,Bangalore,Bachelor's,40,0.2,79700.0,3.8,4.5,2.8,0,1,0,0,Transfer,2017,100,7,4.8,4.5,0.13,0.442,Medium,81700.0,608,0.43
EMP00270,Product,Senior Manager,L5,Male,Mumbai,MBA,43,5.7,78800.0,4.0,3.3,3.0,2,1,1,0,Termination,2023,25,4,4.6,3.2,0.25,0.357,Medium,47000.0,962,0.86
EMP00271,Engineering,Senior Manager,L5,Male,Noida,Bachelor's,46,1.4,92600.0,4.8,3.4,1.7,6,7,0,0,Termination,2019,50,20,3.3,3.1,0.1,0.644,Medium,82800.0,68,0.74
EMP00272,Product,Senior Manager,L3,Male,Hyderabad,Bachelor's,25,4.5,64900.0,4.9,3.2,4.0,10,2,1,0,Transfer,2018,100,0,4.2,2.5,0.03,0.358,Medium,113800.0,1103,0.64
EMP00273,Customer Success,Senior Manager,L5,Male,Mumbai,Master's,45,5.2,144900.0,4.2,2.5,3.1,6,8,3,0,Retirement,2017,75,17,3.0,3.3,0.11,0.581,Medium,106300.0,1337,0.84
EMP00274,Sales,Director,L1,Male,Bangalore,Bachelor's,51,7.4,93800.0,4.1,3.8,3.9,19,4,2,0,Termination,2020,0,15,3.0,3.5,0.37,0.358,Medium,146300.0,1299,0.43
EMP00275,Engineering,Manager,L4,Male,Pune,Bachelor's,41,11.1,87800.0,4.2,4.5,3.2,8,8,0,0,Transfer,2023,25,5,4.6,3.7,0.05,0.315,Low,86100.0,1479,0.47
EMP00276,Product,Senior Analyst,L2,Male,Delhi,Bachelor's,41,2.4,102800.0,3.6,4.5,2.5,26,0,0,0,Contract End,2018,25,7,4.0,3.8,0.17,0.376,Medium,72100.0,319,0.9
EMP00277,Operations,Analyst,L1,Male,Mumbai,Diploma,35,1.8,93100.0,3.3,4.5,4.6,13,5,0,0,Retirement,2022,50,23,3.1,2.8,0.37,0.455,Medium,114700.0,147,0.59
EMP00278,Engineering,Analyst,L3,Male,Pune,Bachelor's,23,2.2,57200.0,4.4,4.2,4.6,9,7,2,0,Retirement,2016,0,17,3.5,4.1,0.16,0.433,Medium,63500.0,1025,0.3
EMP00279,Operations,Individual Contributor,L3,Male,Mumbai,Bachelor's,28,1.8,63000.0,3.7,2.9,4.7,15,3,0,1,Transfer,2023,100,13,4.0,4.2,0.01,0.468,Medium,106200.0,105,0.62
EMP00280,Engineering,Analyst,L1,Male,Bangalore,Master's,47,0.1,50500.0,3.9,3.9,4.4,26,4,3,0,Transfer,2019,50,4,4.7,2.5,0.09,0.292,Low,65400.0,73,0.58
EMP00281,Customer Success,Director,L3,Male,Chennai,Master's,47,0.4,158200.0,3.3,2.3,4.2,10,6,1,0,Termination,2022,100,17,4.0,2.8,0.34,0.575,Medium,246000.0,538,0.28
EMP00282,Marketing,Director,L5,Female,Hyderabad,MBA,53,4.3,68700.0,3.4,4.3,2.7,10,7,3,1,Contract End,2021,25,15,4.3,3.1,0.31,0.48,Medium,53400.0,1092,0.83
EMP00283,Engineering,VP,L3,Male,Noida,Master's,22,4.3,42100.0,4.5,3.3,3.3,4,6,3,0,Termination,2016,75,0,3.1,4.6,0.06,0.34,Medium,84000.0,492,0.86
EMP00284,Customer Success,Senior Manager,L5,Female,Hyderabad,MBA,44,15.1,90100.0,4.9,4.1,4.3,3,6,3,1,Contract End,2022,100,8,2.8,3.2,0.13,0.241,Low,175100.0,1214,0.54
EMP00285,Sales,Senior Analyst,L1,Male,Delhi,Bachelor's,32,1.1,58700.0,4.7,2.5,4.1,5,4,0,1,Retirement,2022,75,12,3.6,3.0,0.26,0.529,Medium,37200.0,241,0.56
EMP00286,HR,Senior Analyst,L2,Female,Kolkata,PhD,43,0.2,133200.0,3.6,4.4,3.7,20,0,2,1,Retirement,2022,75,10,4.0,4.4,0.08,0.356,Medium,222100.0,1395,0.61
EMP00287,Marketing,Individual Contributor,L1,Female,Hyderabad,MBA,47,6.6,38400.0,3.8,3.7,4.2,4,2,2,0,Contract End,2023,0,20,3.5,4.1,0.13,0.394,Medium,76500.0,977,0.57
EMP00288,Engineering,Manager,L2,Male,Kolkata,PhD,42,1.7,44700.0,4.5,2.4,2.5,1,0,1,0,Resignation,2017,0,6,2.1,4.2,0.06,0.541,Medium,67200.0,496,0.5
EMP00289,Engineering,Analyst,L5,Male,Mumbai,Master's,24,0.1,121200.0,3.8,3.6,3.0,3,4,3,0,Resignation,2019,100,6,4.4,3.5,0.28,0.463,Medium,214900.0,754,0.46
EMP00290,Engineering,VP,L2,Female,Mumbai,Bachelor's,55,0.1,45800.0,4.0,2.1,3.8,17,1,1,0,Termination,2017,25,20,2.7,3.5,0.32,0.612,Medium,37000.0,187,0.83
EMP00291,Engineering,Individual Contributor,L1,Male,Mumbai,MBA,31,3.6,88900.0,4.2,4.0,3.0,6,4,1,0,Termination,2017,0,19,4.3,2.5,0.35,0.491,Medium,94200.0,1075,0.57
EMP00292,Engineering,Analyst,L5,Male,Noida,Master's,45,0.3,50900.0,3.5,3.7,4.0,22,7,2,0,Contract End,2019,25,15,3.2,1.9,0.31,0.463,Medium,29600.0,1280,0.45
EMP00293,Engineering,Director,L6,Male,Chennai,Bachelor's,49,1.9,82000.0,3.7,4.4,4.5,13,8,3,0,Transfer,2023,75,22,4.4,4.9,0.0,0.421,Medium,115100.0,451,0.65
EMP00294,Customer Success,VP,L6,Male,Kolkata,MBA,40,2.6,50000.0,2.7,3.2,1.8,21,6,3,0,Transfer,2022,100,24,2.6,3.4,0.17,0.613,Medium,88900.0,1283,0.38
EMP00295,Engineering,VP,L1,Female,Pune,Bachelor's,52,1.3,112300.0,3.8,3.4,3.9,30,3,2,0,Contract End,2015,100,16,4.3,2.8,0.0,0.498,Medium,221600.0,624,0.92
EMP00296,Sales,VP,L1,Female,Kolkata,MBA,38,0.8,91200.0,4.4,3.6,2.5,28,2,0,0,Transfer,2016,75,22,3.4,3.8,0.27,0.608,Medium,145400.0,150,0.67
EMP00297,Engineering,Manager,L4,Female,Bangalore,Master's,27,6.4,58600.0,3.4,4.6,1.8,31,0,2,1,Contract End,2022,50,17,4.4,3.8,0.09,0.46,Medium,66800.0,983,0.46
EMP00298,Engineering,Analyst,L6,Female,Noida,Master's,49,2.9,61800.0,3.6,4.7,3.4,8,3,0,0,Resignation,2017,75,20,3.5,3.1,0.15,0.423,Medium,91900.0,576,0.81
EMP00299,Operations,Manager,L3,Male,Kolkata,PhD,36,10.2,45900.0,3.3,3.4,3.0,29,2,2,0,Transfer,2015,50,7,4.0,4.7,0.35,0.352,Medium,53700.0,1372,0.53
EMP00300,Customer Success,Manager,L3,Male,Noida,PhD,54,2.1,46500.0,4.3,3.2,2.2,13,3,0,0,Retirement,2016,25,22,3.4,4.2,0.03,0.625,Medium,24800.0,263,0.65
EMP00301,Sales,Senior Analyst,L1,Male,Pune,PhD,45,6.3,34800.0,4.6,3.6,1.8,2,8,0,0,Termination,2016,100,13,4.5,4.1,0.18,0.533,Medium,62600.0,248,0.62
EMP00302,Engineering,Analyst,L3,Female,Hyderabad,Master's,48,2.1,73700.0,3.9,4.7,3.2,28,3,2,0,Transfer,2018,50,15,2.9,3.2,0.31,0.372,Medium,79600.0,1410,0.41
EMP00303,Customer Success,Analyst,L1,Male,Chennai,Master's,30,1.0,80300.0,3.9,3.0,4.5,17,4,0,0,Resignation,2022,75,16,3.4,4.7,0.05,0.474,Medium,114800.0,1458,0.39
EMP00304,Engineering,Director,L2,Male,Chennai,Master's,52,0.8,146300.0,2.9,4.5,4.7,14,0,0,0,Termination,2018,0,12,3.6,4.6,0.12,0.382,Medium,109700.0,389,0.76
EMP00305,Sales,Senior Analyst,L1,Female,Kolkata,MBA,27,1.2,63400.0,2.4,4.9,2.7,30,2,2,0,Transfer,2023,100,12,3.4,3.8,0.08,0.448,Medium,77000.0,1266,0.45
EMP00306,Marketing,Analyst,L3,Female,Mumbai,MBA,26,5.2,116700.0,4.4,4.4,2.9,21,7,2,0,Contract End,2020,50,17,4.2,3.6,0.22,0.456,Medium,176300.0,262,0.9
EMP00307,Operations,Senior Analyst,L1,Female,Kolkata,MBA,27,0.3,110400.0,2.4,3.8,3.2,8,8,3,0,Transfer,2021,50,17,3.4,2.6,0.01,0.461,Medium,109300.0,999,0.51
EMP00308,Operations,Individual Contributor,L1,Female,Kolkata,Bachelor's,34,0.1,94200.0,4.6,3.1,4.0,22,1,2,0,Contract End,2018,50,1,3.2,3.5,0.32,0.408,Medium,177800.0,520,0.26
EMP00309,Marketing,Senior Analyst,L4,Non-Binary,Hyderabad,Master's,31,7.0,29500.0,4.2,4.7,4.0,0,4,2,0,Termination,2023,75,7,1.9,4.3,0.29,0.26,Low,42400.0,671,0.43
EMP00310,Sales,Senior Manager,L3,Male,Noida,MBA,45,1.8,28400.0,4.8,4.5,3.1,21,0,0,0,Retirement,2022,75,6,4.6,3.5,0.07,0.411,Medium,54500.0,647,0.48
EMP00311,Operations,Individual Contributor,L4,Male,Chennai,Diploma,54,0.2,79600.0,4.2,4.2,3.0,26,4,3,0,Termination,2020,0,8,3.3,3.0,0.15,0.423,Medium,72100.0,1488,0.26
EMP00312,Operations,Director,L3,Male,Noida,Bachelor's,36,2.1,110000.0,4.2,3.9,2.2,4,0,3,0,Retirement,2020,25,7,3.0,3.0,0.06,0.448,Medium,87900.0,570,0.82
EMP00313,Operations,Manager,L3,Male,Bangalore,Master's,31,5.2,241400.0,4.0,3.1,2.7,12,8,3,0,Retirement,2015,100,0,1.9,3.4,0.01,0.44,Medium,464500.0,1026,0.65
EMP00314,HR,Director,L4,Female,Noida,Bachelor's,39,3.5,38100.0,2.4,4.9,2.8,2,4,1,0,Termination,2022,50,8,2.8,3.9,0.4,0.316,Low,41000.0,940,0.82
EMP00315,Engineering,Manager,L3,Female,Noida,Master's,51,6.8,90200.0,4.6,3.6,3.9,2,0,3,1,Contract End,2018,100,10,3.8,3.6,0.2,0.343,Medium,117200.0,197,0.73
EMP00316,Product,Manager,L3,Male,Kolkata,PhD,35,1.9,33700.0,3.4,4.4,4.8,13,4,3,0,Retirement,2018,50,0,3.9,1.9,0.31,0.193,Low,29400.0,591,0.39
EMP00317,Sales,Individual Contributor,L2,Female,Mumbai,Bachelor's,50,0.7,104500.0,2.3,3.9,4.1,9,0,3,0,Resignation,2017,25,7,3.5,2.8,0.2,0.359,Medium,155200.0,569,0.62
EMP00318,Sales,Analyst,L5,Female,Noida,Master's,47,2.0,81500.0,4.4,3.9,4.8,21,0,2,0,Contract End,2015,50,1,2.9,3.6,0.21,0.254,Low,136100.0,958,0.56
EMP00319,Operations,Senior Analyst,L4,Male,Delhi,MBA,46,3.5,128700.0,3.0,4.4,2.7,26,5,2,1,Retirement,2023,75,6,3.9,2.5,0.32,0.329,Low,238600.0,1160,0.48
EMP00320,Product,Senior Analyst,L3,Male,Chennai,Master's,49,0.3,51500.0,4.6,3.6,4.5,5,6,0,0,Retirement,2021,75,10,4.1,4.1,0.3,0.424,Medium,64400.0,49,0.63
EMP00321,Finance,Senior Analyst,L2,Female,Bangalore,Bachelor's,51,5.3,42500.0,2.8,4.2,4.3,15,0,3,0,Retirement,2020,25,7,4.1,3.9,0.1,0.294,Low,36400.0,723,0.39
EMP00322,Sales,Analyst,L1,Male,Kolkata,Bachelor's,52,8.5,84000.0,2.3,4.7,1.2,26,5,2,0,Retirement,2017,25,16,3.9,4.8,0.33,0.446,Medium,168000.0,1252,0.6
EMP00323,Operations,Analyst,L3,Female,Delhi,Master's,28,1.0,58300.0,4.2,2.4,2.7,23,3,1,0,Contract End,2017,75,21,3.7,4.7,0.31,0.591,Medium,84500.0,103,0.5
EMP00324,Engineering,Individual Contributor,L4,Male,Noida,Master's,46,3.3,61400.0,3.7,4.2,3.3,9,6,1,0,Transfer,2018,0,0,4.6,3.5,0.01,0.32,Low,105300.0,1042,0.52
EMP00325,Sales,Individual Contributor,L2,Male,Kolkata,Master's,22,0.1,28000.0,4.2,2.9,4.5,11,5,2,0,Contract End,2015,75,17,3.5,4.3,0.08,0.472,Medium,35800.0,732,0.62
EMP00326,Engineering,Senior Manager,L4,Male,Kolkata,Master's,46,4.8,105500.0,3.1,3.1,4.3,25,7,3,0,Transfer,2017,50,8,4.9,4.4,0.26,0.37,Medium,106200.0,1202,0.72
EMP00327,Engineering,Director,L6,Male,Chennai,Master's,27,1.5,49700.0,3.7,4.2,3.5,19,7,0,1,Resignation,2023,50,15,4.5,3.3,0.01,0.438,Medium,85300.0,660,0.51
EMP00328,Customer Success,Director,L2,Non-Binary,Chennai,Master's,30,3.0,83500.0,4.1,2.8,4.3,4,1,3,0,Retirement,2023,100,22,3.1,2.8,0.16,0.526,Medium,55300.0,180,0.35
EMP00329,Product,Manager,L1,Male,Delhi,PhD,49,3.2,106300.0,3.9,3.4,3.7,27,2,1,0,Retirement,2018,50,7,4.0,2.6,0.22,0.419,Medium,146200.0,30,0.48
EMP00330,Operations,VP,L6,Male,Bangalore,Bachelor's,53,14.3,47700.0,3.3,3.7,3.0,28,1,2,0,Transfer,2016,50,20,2.7,3.8,0.37,0.449,Medium,88500.0,249,0.81
EMP00331,Marketing,Senior Analyst,L2,Male,Mumbai,PhD,41,0.8,35600.0,3.5,3.4,4.5,3,8,0,0,Contract End,2020,100,18,3.3,3.0,0.26,0.44,Medium,67200.0,745,0.78
EMP00332,Engineering,Individual Contributor,L3,Male,Mumbai,Diploma,51,9.1,40600.0,4.9,4.9,3.4,12,8,0,1,Resignation,2018,50,18,4.4,4.6,0.38,0.386,Medium,36600.0,1073,0.81
EMP00333,Operations,Individual Contributor,L3,Female,Chennai,Master's,36,3.1,71600.0,4.0,4.3,4.3,9,1,2,0,Retirement,2018,50,4,4.7,3.4,0.02,0.305,Low,121800.0,705,0.74
EMP00334,Engineering,Senior Analyst,L4,Male,Chennai,Master's,54,0.9,101300.0,3.9,4.6,4.3,9,8,3,1,Contract End,2020,0,13,4.7,3.7,0.35,0.409,Medium,159000.0,1082,0.71
EMP00335,Operations,Manager,L4,Male,Bangalore,MBA,50,2.4,75500.0,4.7,4.3,3.2,29,3,0,0,Transfer,2019,75,7,3.5,4.2,0.03,0.41,Medium,57900.0,413,0.39
EMP00336,Engineering,VP,L2,Male,Hyderabad,Bachelor's,57,1.6,109200.0,4.3,3.8,3.5,24,7,3,0,Termination,2023,50,19,3.8,4.0,0.33,0.467,Medium,151700.0,896,0.63
EMP00337,Finance,Manager,L3,Female,Chennai,PhD,24,0.9,43500.0,4.5,3.5,3.2,9,4,1,0,Retirement,2020,100,4,3.0,4.8,0.38,0.417,Medium,86700.0,1146,0.6
EMP00338,Engineering,Director,L4,Male,Kolkata,MBA,30,3.1,123900.0,4.4,4.4,3.6,4,3,2,0,Retirement,2018,75,2,3.6,4.1,0.08,0.311,Low,68200.0,1499,0.66
EMP00339,Sales,Individual Contributor,L3,Non-Binary,Delhi,MBA,31,0.4,56000.0,4.5,3.3,2.1,9,3,1,0,Termination,2016,100,16,3.9,3.3,0.07,0.593,Medium,89100.0,292,0.54
EMP00340,Customer Success,Individual Contributor,L5,Male,Kolkata,PhD,25,1.6,58900.0,3.8,3.3,2.3,19,0,1,1,Resignation,2017,50,7,2.3,4.4,0.29,0.453,Medium,112100.0,1403,0.55
EMP00341,Sales,Manager,L1,Male,Kolkata,MBA,32,2.2,53800.0,3.9,3.3,4.0,11,5,0,1,Transfer,2016,0,19,3.8,4.2,0.4,0.475,Medium,27100.0,340,0.48
EMP00342,Finance,Individual Contributor,L2,Non-Binary,Delhi,Master's,48,7.4,35100.0,3.7,2.8,3.8,29,5,0,0,Retirement,2022,100,10,3.6,4.4,0.01,0.469,Medium,63400.0,1371,0.53
EMP00343,HR,Manager,L1,Female,Hyderabad,MBA,22,7.3,63400.0,4.5,3.7,3.0,24,6,0,0,Contract End,2022,50,10,4.1,2.8,0.12,0.418,Medium,120300.0,534,0.76
EMP00344,Engineering,Individual Contributor,L2,Male,Bangalore,MBA,33,1.2,120900.0,3.6,4.1,2.8,28,0,1,0,Transfer,2023,100,23,3.2,2.8,0.04,0.58,Medium,226700.0,1126,0.77
EMP00345,Operations,Manager,L4,Male,Kolkata,Master's,32,2.6,68400.0,4.7,4.3,3.4,17,0,1,0,Retirement,2020,75,15,2.4,4.1,0.35,0.395,Medium,81300.0,104,0.93
EMP00346,Customer Success,VP,L5,Male,Kolkata,Diploma,22,0.1,114500.0,3.9,2.6,3.8,21,3,2,0,Resignation,2019,50,14,4.5,3.7,0.39,0.547,Medium,205200.0,429,0.59
EMP00347,Engineering,Individual Contributor,L3,Male,Bangalore,Bachelor's,23,9.7,42400.0,4.6,4.4,3.9,12,6,1,0,Resignation,2018,0,3,3.1,3.0,0.35,0.211,Low,40000.0,634,0.77
EMP00348,Marketing,Manager,L4,Female,Kolkata,Master's,22,6.7,149900.0,4.1,3.1,1.5,11,1,3,0,Contract End,2022,75,22,3.8,4.7,0.14,0.597,Medium,268400.0,1032,0.44
EMP00349,Product,Senior Analyst,L4,Non-Binary,Kolkata,Master's,43,1.3,82700.0,2.7,2.7,2.0,6,7,1,0,Contract End,2022,25,1,3.2,4.4,0.31,0.475,Medium,119200.0,198,0.39
EMP00350,HR,Analyst,L2,Male,Pune,Bachelor's,38,0.2,95000.0,3.9,3.8,4.3,21,7,1,0,Termination,2017,75,11,4.2,4.1,0.28,0.423,Medium,176800.0,1074,0.54
EMP00351,Engineering,Director,L2,Male,Hyderabad,Bachelor's,36,2.1,93900.0,3.9,4.3,2.6,12,4,0,0,Resignation,2021,25,14,3.6,3.5,0.05,0.419,Medium,126100.0,741,0.55
EMP00352,Sales,Senior Manager,L5,Female,Kolkata,Bachelor's,23,1.3,71200.0,4.1,3.5,2.4,15,6,2,0,Resignation,2020,75,2,3.9,3.2,0.06,0.434,Medium,86500.0,1341,0.82
EMP00353,Operations,Manager,L1,Male,Noida,MBA,28,2.2,76800.0,4.8,3.6,4.3,12,3,1,0,Retirement,2021,75,23,3.5,4.0,0.29,0.466,Medium,123100.0,1139,0.51
EMP00354,HR,Analyst,L2,Male,Hyderabad,Bachelor's,28,5.7,92900.0,4.4,3.4,3.6,6,7,2,0,Resignation,2022,0,6,4.1,3.3,0.36,0.378,Medium,135300.0,1184,0.63
EMP00355,Engineering,Individual Contributor,L1,Male,Bangalore,Bachelor's,57,1.4,63800.0,2.5,4.2,4.2,10,5,1,0,Resignation,2022,50,8,4.4,4.5,0.13,0.362,Medium,125700.0,1155,0.85
EMP00356,Operations,Director,L3,Female,Bangalore,MBA,37,1.4,153400.0,2.9,4.2,2.7,6,3,2,0,Termination,2023,50,1,3.7,3.6,0.22,0.318,Low,241600.0,119,0.71
EMP00357,Product,VP,L2,Male,Pune,Bachelor's,30,4.3,79400.0,3.3,2.3,4.7,14,8,0,0,Resignation,2022,100,15,4.3,3.2,0.36,0.491,Medium,151900.0,1221,0.76
EMP00358,Operations,Director,L2,Male,Noida,MBA,36,1.2,40900.0,3.3,3.4,2.9,22,3,0,0,Retirement,2022,0,23,4.3,3.9,0.32,0.595,Medium,39000.0,649,0.35
EMP00359,Sales,Individual Contributor,L4,Male,Mumbai,PhD,48,0.3,73400.0,3.0,2.2,2.8,7,3,2,0,Resignation,2022,50,19,2.7,3.3,0.38,0.683,High,53500.0,349,0.83
EMP00360,Engineering,Senior Analyst,L5,Female,Mumbai,MBA,30,5.6,134300.0,3.3,3.1,3.1,28,4,3,0,Transfer,2020,75,24,4.4,2.4,0.39,0.613,Medium,221000.0,291,0.86
EMP00361,HR,Director,L4,Male,Mumbai,Bachelor's,51,0.7,61800.0,4.5,4.0,2.6,31,0,2,1,Termination,2016,25,17,4.1,4.7,0.07,0.506,Medium,46200.0,636,0.57
EMP00362,Operations,Manager,L4,Female,Delhi,PhD,43,4.0,56200.0,4.8,4.6,3.3,5,8,2,0,Contract End,2019,50,5,4.2,2.5,0.32,0.348,Medium,68000.0,758,0.84
EMP00363,Finance,VP,L5,Female,Hyderabad,Master's,54,0.9,31100.0,4.7,4.7,3.3,8,4,2,0,Retirement,2020,75,8,3.8,3.7,0.29,0.355,Medium,60900.0,359,0.59
EMP00364,Customer Success,Senior Manager,L2,Male,Mumbai,MBA,22,0.1,67600.0,3.0,3.2,3.3,22,3,2,0,Retirement,2017,50,16,4.0,3.9,0.04,0.485,Medium,120400.0,1497,0.6
EMP00365,Product,Manager,L4,Female,Noida,MBA,42,8.3,100600.0,3.7,2.7,3.5,15,8,1,0,Resignation,2021,75,3,3.3,2.8,0.16,0.354,Medium,119300.0,75,0.62
EMP00366,Product,Manager,L3,Male,Mumbai,Bachelor's,35,4.5,51600.0,2.9,3.7,4.9,19,0,0,0,Transfer,2016,50,12,2.2,2.6,0.12,0.393,Medium,102000.0,859,0.53
EMP00367,Engineering,Individual Contributor,L3,Male,Pune,Bachelor's,51,1.4,70700.0,4.6,2.7,2.7,3,4,0,0,Contract End,2015,100,7,2.7,4.0,0.06,0.476,Medium,40900.0,709,0.47
EMP00368,Marketing,Manager,L4,Female,Bangalore,Bachelor's,25,1.2,126600.0,4.4,4.0,4.0,19,7,3,0,Transfer,2020,50,17,3.0,3.5,0.15,0.434,Medium,112400.0,1332,0.25
EMP00369,Sales,Director,L2,Female,Delhi,Master's,29,5.3,67200.0,4.5,2.8,4.6,16,0,2,0,Contract End,2018,50,20,3.4,4.5,0.23,0.489,Medium,90900.0,190,0.58
EMP00370,Sales,Manager,L3,Female,Chennai,Bachelor's,49,0.2,83700.0,4.4,4.3,4.1,7,0,2,1,Transfer,2015,100,4,3.5,4.7,0.39,0.334,Medium,165500.0,271,0.58
EMP00371,Sales,Senior Manager,L1,Female,Kolkata,MBA,53,10.2,82400.0,3.7,4.3,4.4,13,2,2,0,Retirement,2017,75,13,3.0,3.3,0.02,0.298,Low,89300.0,393,0.48
EMP00372,Product,Senior Analyst,L3,Male,Delhi,MBA,24,5.9,82300.0,3.6,4.2,2.6,16,0,0,0,Resignation,2021,0,8,4.2,3.7,0.23,0.366,Medium,113800.0,42,0.48
EMP00373,Engineering,Senior Manager,L4,Male,Pune,Bachelor's,49,1.0,48500.0,4.1,2.7,4.2,1,4,1,1,Resignation,2017,75,24,2.4,4.6,0.13,0.535,Medium,59100.0,191,0.7
EMP00374,Sales,Senior Analyst,L2,Female,Mumbai,MBA,36,13.9,51800.0,3.8,3.8,4.3,8,8,2,0,Retirement,2016,50,13,3.6,3.4,0.01,0.28,Low,42600.0,785,0.46
EMP00375,Product,VP,L5,Female,Bangalore,Bachelor's,23,3.0,89600.0,3.7,2.9,4.5,25,2,1,0,Transfer,2021,100,19,4.8,3.4,0.25,0.493,Medium,70800.0,766,0.58
EMP00376,Sales,Senior Manager,L1,Male,Hyderabad,Bachelor's,48,1.9,258300.0,3.6,4.2,2.3,0,1,2,1,Termination,2017,0,0,3.1,4.9,0.27,0.392,Medium,416500.0,56,0.97
EMP00377,Customer Success,Senior Manager,L3,Female,Chennai,Master's,36,0.8,60700.0,4.5,3.8,3.3,26,2,2,0,Retirement,2015,50,0,2.1,3.9,0.34,0.347,Medium,58900.0,1359,0.74
EMP00378,Engineering,VP,L3,Non-Binary,Kolkata,Bachelor's,57,12.3,81700.0,3.4,3.7,3.1,8,4,2,0,Retirement,2015,100,17,2.1,4.0,0.06,0.405,Medium,45000.0,242,0.62
EMP00379,Finance,Director,L5,Male,Hyderabad,Bachelor's,28,0.3,94100.0,3.3,3.8,4.4,5,8,2,0,Termination,2019,50,10,4.4,3.1,0.21,0.413,Medium,92500.0,569,0.48
EMP00380,Finance,Director,L4,Male,Noida,Bachelor's,40,5.1,84900.0,3.9,2.7,2.6,13,6,1,0,Retirement,2015,50,7,3.3,3.0,0.17,0.492,Medium,62100.0,1243,0.42
EMP00381,Product,Senior Analyst,L3,Male,Chennai,Bachelor's,24,5.5,57500.0,3.6,4.5,4.5,14,7,2,1,Contract End,2016,50,2,4.8,3.6,0.18,0.189,Low,89200.0,1321,0.56
EMP00382,Sales,Individual Contributor,L2,Female,Kolkata,Bachelor's,29,0.4,70300.0,3.3,4.4,4.5,2,0,0,0,Resignation,2022,100,2,3.7,4.4,0.22,0.275,Low,92700.0,555,0.7
EMP00383,Customer Success,Senior Analyst,L3,Female,Noida,Master's,47,0.4,52600.0,4.4,4.4,3.9,26,8,2,0,Transfer,2021,0,17,4.4,3.6,0.13,0.472,Medium,35600.0,460,0.61
EMP00384,Sales,Senior Manager,L1,Female,Mumbai,Bachelor's,43,5.8,62100.0,4.8,4.8,2.4,25,8,3,0,Resignation,2022,75,10,4.2,2.3,0.37,0.428,Medium,89500.0,1321,0.52
EMP00385,HR,Senior Analyst,L2,Male,Chennai,MBA,22,10.1,39300.0,3.2,2.1,3.7,20,3,3,0,Resignation,2021,50,20,4.0,4.4,0.28,0.572,Medium,42100.0,118,0.49
EMP00386,Operations,Manager,L4,Male,Bangalore,Diploma,50,0.4,68400.0,4.0,2.6,4.5,3,7,1,0,Transfer,2021,100,6,4.1,4.2,0.27,0.401,Medium,47300.0,1221,0.61
EMP00387,Sales,Individual Contributor,L1,Female,Chennai,Bachelor's,47,0.2,31700.0,4.0,4.4,3.6,8,8,0,0,Resignation,2020,100,11,4.4,4.0,0.39,0.397,Medium,34700.0,1468,0.54
EMP00388,Customer Success,Manager,L1,Male,Hyderabad,Bachelor's,32,0.6,63500.0,4.0,3.8,4.5,9,1,0,0,Contract End,2022,25,9,4.4,4.6,0.22,0.387,Medium,79900.0,966,0.67
EMP00389,Finance,Director,L3,Female,Kolkata,Master's,54,1.2,88300.0,4.4,4.7,3.8,18,5,0,0,Contract End,2020,100,23,3.3,4.3,0.1,0.438,Medium,172600.0,46,0.64
EMP00390,Sales,Director,L3,Male,Chennai,Master's,44,0.8,46400.0,3.5,3.2,2.3,9,8,0,0,Retirement,2016,100,23,3.0,3.8,0.05,0.634,Medium,45500.0,841,0.34
EMP00391,HR,Senior Analyst,L3,Female,Noida,MBA,49,9.5,75900.0,3.0,2.7,3.9,2,1,3,0,Retirement,2020,100,0,4.6,3.7,0.08,0.325,Low,98700.0,921,0.53
EMP00392,Sales,Director,L3,Male,Chennai,Bachelor's,26,0.8,45200.0,4.3,3.8,3.0,5,8,0,1,Contract End,2017,50,14,4.0,2.4,0.07,0.457,Medium,84800.0,1101,0.44
EMP00393,HR,VP,L4,Male,Delhi,Diploma,53,2.9,64200.0,3.9,4.6,3.7,7,8,3,0,Contract End,2015,100,0,2.9,3.5,0.25,0.29,Low,74100.0,20,0.96
EMP00394,Product,Individual Contributor,L3,Female,Kolkata,Master's,49,0.9,120200.0,3.9,2.7,4.6,26,7,2,0,Transfer,2016,0,1,4.4,3.0,0.13,0.398,Medium,88500.0,1174,0.54
EMP00395,Customer Success,Individual Contributor,L2,Female,Pune,Bachelor's,27,3.9,38500.0,4.7,4.3,4.2,7,4,3,0,Termination,2021,0,23,3.1,2.6,0.32,0.405,Medium,68400.0,1046,0.72
EMP00396,Marketing,Senior Analyst,L4,Male,Bangalore,Master's,27,0.9,167700.0,4.3,3.0,3.4,6,4,3,0,Termination,2018,100,1,4.0,2.8,0.16,0.353,Medium,182300.0,408,0.4
EMP00397,Product,Senior Manager,L3,Male,Mumbai,Master's,25,5.6,166100.0,4.0,2.0,4.4,31,5,3,0,Transfer,2021,100,22,3.9,3.2,0.12,0.542,Medium,325500.0,651,0.5
EMP00398,Sales,Analyst,L5,Female,Delhi,Bachelor's,42,2.2,61700.0,4.1,3.5,2.9,11,3,3,1,Resignation,2019,0,15,4.0,3.8,0.27,0.541,Medium,70000.0,666,0.92
EMP00399,Operations,Individual Contributor,L3,Male,Delhi,Bachelor's,44,5.7,71500.0,2.4,2.6,4.6,27,7,0,0,Contract End,2018,50,18,4.4,3.5,0.25,0.448,Medium,50400.0,68,0.83
EMP00400,Operations,Individual Contributor,L2,Female,Bangalore,PhD,48,6.1,89000.0,3.8,4.7,4.1,9,7,0,0,Contract End,2018,50,18,3.1,3.9,0.32,0.377,Medium,175800.0,21,0.75
EMP00401,Sales,Senior Manager,L3,Female,Delhi,Diploma,35,5.6,45000.0,2.9,4.0,3.3,22,6,3,0,Resignation,2017,50,10,4.0,2.4,0.17,0.435,Medium,81000.0,829,0.71
EMP00402,Sales,Analyst,L3,Male,Delhi,Master's,45,3.7,96100.0,4.1,2.7,4.0,29,6,1,0,Contract End,2023,0,20,4.6,3.8,0.19,0.555,Medium,106100.0,934,0.55
EMP00403,Sales,Analyst,L6,Female,Hyderabad,MBA,50,0.9,91600.0,4.5,3.9,3.7,0,8,1,0,Termination,2020,75,21,2.6,3.5,0.36,0.477,Medium,180600.0,1053,0.69
EMP00404,Customer Success,VP,L6,Male,Kolkata,MBA,24,2.4,84600.0,2.8,4.4,3.0,16,2,2,0,Contract End,2020,25,11,3.9,4.3,0.01,0.378,Medium,162500.0,32,0.39
EMP00405,Engineering,Director,L1,Male,Pune,MBA,30,2.6,72200.0,4.2,3.8,3.9,15,7,3,0,Resignation,2019,100,15,4.1,2.8,0.33,0.423,Medium,79100.0,48,0.4
EMP00406,Operations,Manager,L3,Male,Mumbai,Bachelor's,50,3.6,77800.0,3.8,4.2,3.2,24,5,2,1,Contract End,2022,75,4,3.2,2.9,0.14,0.378,Medium,149400.0,339,0.73
EMP00407,Operations,Senior Analyst,L2,Male,Chennai,MBA,32,0.4,95000.0,4.1,4.1,4.4,25,8,3,0,Termination,2015,100,1,3.5,2.6,0.22,0.312,Low,87700.0,1424,0.65
EMP00408,Product,Director,L4,Non-Binary,Delhi,PhD,55,3.0,58900.0,4.3,4.4,2.7,14,2,1,0,Resignation,2017,25,16,3.3,2.7,0.02,0.487,Medium,61800.0,1209,0.73
EMP00409,Sales,Senior Manager,L4,Male,Kolkata,MBA,44,0.1,110700.0,4.6,4.2,2.6,13,2,2,0,Resignation,2015,100,0,4.1,3.9,0.39,0.391,Medium,67700.0,91,0.6
EMP00410,Marketing,VP,L4,Male,Chennai,Master's,34,2.9,89300.0,4.5,3.5,3.9,0,2,1,0,Retirement,2020,100,20,3.1,3.9,0.07,0.459,Medium,76300.0,528,0.42
EMP00411,Operations,Individual Contributor,L3,Female,Chennai,Bachelor's,51,2.1,100000.0,4.5,3.6,3.2,3,2,3,0,Termination,2016,100,23,3.9,4.0,0.06,0.541,Medium,152200.0,807,0.56
EMP00412,Customer Success,Manager,L3,Male,Delhi,Master's,23,7.2,69800.0,2.6,3.8,4.0,6,0,1,0,Termination,2022,0,15,3.8,3.5,0.12,0.407,Medium,75000.0,119,0.47
EMP00413,Customer Success,Individual Contributor,L2,Female,Chennai,MBA,35,5.2,88400.0,3.8,3.0,4.0,14,4,1,0,Termination,2018,50,15,4.3,4.3,0.3,0.415,Medium,108900.0,674,0.33
EMP00414,Product,Manager,L2,Male,Chennai,Bachelor's,27,1.6,75400.0,3.9,2.9,2.2,24,6,0,0,Retirement,2018,100,12,3.1,4.4,0.22,0.593,Medium,45300.0,1374,0.29
EMP00415,Engineering,Individual Contributor,L2,Male,Bangalore,Master's,51,1.3,88900.0,3.2,4.6,2.0,23,8,2,0,Transfer,2018,25,20,4.2,3.4,0.2,0.523,Medium,127400.0,759,0.88
EMP00416,Sales,Senior Analyst,L2,Male,Chennai,Bachelor's,37,5.1,57700.0,4.8,2.7,4.1,18,2,0,0,Resignation,2023,50,0,3.9,3.9,0.0,0.336,Medium,32200.0,961,0.61
EMP00417,Marketing,Manager,L2,Male,Pune,MBA,57,1.2,85200.0,4.5,4.5,4.9,14,4,0,0,Contract End,2023,75,21,2.5,3.8,0.28,0.424,Medium,154800.0,205,0.69
EMP00418,Finance,Manager,L5,Male,Delhi,Bachelor's,56,3.9,71400.0,4.0,3.6,3.4,15,8,2,0,Resignation,2015,0,17,3.5,4.2,0.23,0.472,Medium,62700.0,1229,0.93
EMP00419,Engineering,VP,L1,Male,Pune,Master's,52,1.8,90900.0,4.2,4.6,3.7,22,3,0,0,Contract End,2018,25,1,3.1,4.1,0.09,0.326,Low,116900.0,334,0.8
EMP00420,Finance,Analyst,L2,Male,Delhi,Master's,36,4.5,72900.0,3.5,4.0,4.4,26,4,3,0,Resignation,2021,0,17,4.1,4.4,0.37,0.371,Medium,126300.0,219,0.77
EMP00421,Customer Success,VP,L3,Female,Kolkata,MBA,33,6.8,132800.0,2.7,4.3,3.7,8,1,0,0,Transfer,2023,75,19,4.1,3.7,0.3,0.42,Medium,146700.0,726,0.47
EMP00422,Customer Success,Analyst,L1,Male,Noida,Bachelor's,39,2.3,44100.0,4.9,4.6,3.4,0,2,0,0,Resignation,2015,100,5,3.2,3.9,0.24,0.291,Low,69100.0,157,0.5
EMP00423,Customer Success,Director,L5,Female,Pune,MBA,29,6.5,38100.0,4.3,4.4,4.7,9,2,0,0,Transfer,2019,100,5,3.1,3.6,0.04,0.261,Low,61100.0,1013,0.61
EMP00424,Customer Success,Director,L2,Female,Pune,MBA,32,7.7,68800.0,4.1,4.2,3.7,11,0,3,0,Resignation,2017,25,23,4.4,4.2,0.16,0.48,Medium,80300.0,295,0.31
EMP00425,Customer Success,Senior Manager,L1,Female,Bangalore,Master's,22,3.9,80300.0,4.4,3.7,4.0,15,5,3,0,Retirement,2019,100,15,2.7,3.9,0.31,0.411,Medium,128200.0,811,0.71
EMP00426,Engineering,Manager,L3,Male,Mumbai,Master's,22,2.2,153200.0,4.9,3.6,3.7,12,0,0,0,Termination,2015,75,0,4.4,4.6,0.4,0.304,Low,303400.0,923,0.42
EMP00427,Customer Success,Individual Contributor,L2,Female,Delhi,MBA,42,2.5,87600.0,3.7,4.2,3.0,5,0,2,0,Transfer,2016,100,2,4.5,3.9,0.32,0.351,Medium,153700.0,911,0.72
EMP00428,Product,Director,L2,Male,Chennai,PhD,52,1.0,71100.0,3.0,3.1,2.0,19,4,1,0,Contract End,2016,100,13,4.0,4.9,0.09,0.539,Medium,124800.0,585,0.24
EMP00429,Product,Senior Manager,L1,Female,Pune,Bachelor's,55,6.9,35900.0,4.9,3.9,1.9,12,5,1,0,Resignation,2018,75,10,2.0,4.3,0.28,0.467,Medium,45800.0,164,0.66
EMP00430,Sales,Manager,L2,Female,Hyderabad,Master's,51,5.2,38700.0,4.1,3.7,3.5,12,3,2,0,Contract End,2018,50,6,3.9,1.9,0.24,0.324,Low,57700.0,684,0.64
EMP00431,Customer Success,Individual Contributor,L4,Female,Noida,Bachelor's,25,1.6,71500.0,4.3,4.6,1.5,0,5,3,0,Transfer,2023,100,12,4.1,3.5,0.15,0.531,Medium,109400.0,932,0.66
EMP00432,Marketing,Analyst,L3,Male,Hyderabad,MBA,50,6.2,104000.0,3.9,4.3,3.8,27,2,2,0,Retirement,2021,50,18,4.3,3.9,0.35,0.401,Medium,141500.0,546,0.59
EMP00433,Sales,Individual Contributor,L3,Female,Hyderabad,Bachelor's,51,1.7,41500.0,4.4,3.1,2.4,19,2,1,0,Resignation,2022,75,18,4.0,3.3,0.33,0.61,Medium,38100.0,357,0.45
EMP00434,Sales,Analyst,L4,Female,Chennai,PhD,36,0.6,114900.0,3.1,4.0,4.5,9,1,1,0,Resignation,2021,0,13,4.3,4.4,0.16,0.369,Medium,204000.0,632,0.51
EMP00435,Customer Success,Senior Manager,L3,Male,Pune,PhD,50,2.9,140100.0,4.4,4.7,2.7,15,2,2,0,Resignation,2023,50,22,3.8,2.2,0.15,0.464,Medium,180400.0,857,0.18
EMP00436,Operations,Analyst,L4,Non-Binary,Hyderabad,MBA,55,5.7,63400.0,3.7,3.8,4.8,9,0,2,0,Contract End,2023,25,16,4.1,3.7,0.25,0.355,Medium,62000.0,905,0.53
EMP00437,Engineering,Analyst,L2,Male,Delhi,Bachelor's,37,2.8,143300.0,4.5,3.0,2.0,11,6,1,0,Resignation,2023,75,24,4.0,4.0,0.35,0.683,High,129600.0,1425,0.67
EMP00438,Product,Analyst,L2,Male,Bangalore,Bachelor's,36,3.1,65100.0,4.3,2.8,2.7,3,1,3,0,Transfer,2020,100,5,2.2,4.7,0.14,0.424,Medium,89900.0,810,0.45
EMP00439,Sales,Senior Manager,L2,Male,Noida,MBA,35,0.5,57800.0,3.0,3.8,3.3,26,0,1,0,Contract End,2021,100,16,3.5,3.7,0.33,0.478,Medium,78300.0,1475,0.44
EMP00440,Engineering,VP,L2,Male,Noida,Bachelor's,25,2.6,33900.0,4.2,4.0,4.7,30,0,3,0,Resignation,2023,75,6,4.6,3.2,0.14,0.282,Low,60800.0,160,0.61
EMP00441,Marketing,Analyst,L1,Male,Noida,Master's,55,6.6,146500.0,3.5,3.4,3.3,3,8,2,0,Resignation,2023,50,10,3.6,3.8,0.2,0.384,Medium,191500.0,265,0.55
EMP00442,Product,Senior Analyst,L2,Male,Mumbai,Bachelor's,54,3.4,138400.0,3.2,2.5,3.2,10,5,2,0,Termination,2017,50,8,2.8,4.2,0.33,0.522,Medium,188700.0,818,0.73
EMP00443,Marketing,VP,L2,Female,Kolkata,Bachelor's,53,1.2,101000.0,4.3,3.5,4.5,16,1,2,0,Contract End,2022,75,19,2.7,4.8,0.27,0.467,Medium,91700.0,184,0.28
EMP00444,Customer Success,Director,L3,Female,Mumbai,Bachelor's,37,1.1,59800.0,3.4,3.1,3.6,22,4,2,0,Resignation,2018,50,3,2.6,4.5,0.22,0.404,Medium,108600.0,560,0.7
EMP00445,Operations,Analyst,L2,Female,Chennai,MBA,32,15.2,81300.0,4.2,3.3,3.5,0,5,1,0,Retirement,2020,25,2,3.0,4.7,0.35,0.254,Low,69200.0,117,0.63
EMP00446,Engineering,Individual Contributor,L4,Male,Chennai,Diploma,49,3.3,60000.0,4.6,4.5,3.2,22,1,3,0,Retirement,2023,0,6,3.3,4.0,0.23,0.372,Medium,105200.0,566,0.47
EMP00447,Engineering,VP,L1,Male,Chennai,Bachelor's,30,3.8,37300.0,4.5,2.7,3.3,14,7,1,1,Termination,2015,75,17,2.8,4.7,0.03,0.517,Medium,19200.0,1251,0.38
EMP00448,Sales,Senior Analyst,L3,Male,Delhi,Diploma,33,0.4,75300.0,4.8,3.9,4.2,9,3,2,0,Contract End,2022,50,19,2.7,3.2,0.3,0.504,Medium,77500.0,624,0.52
EMP00449,Finance,Senior Manager,L5,Male,Pune,MBA,53,4.2,56900.0,4.6,2.8,3.6,19,5,2,0,Contract End,2022,0,14,2.6,2.5,0.22,0.526,Medium,41100.0,818,0.49
EMP00450,Sales,VP,L1,Male,Delhi,Bachelor's,39,7.0,129400.0,3.7,3.8,2.8,23,3,1,0,Transfer,2023,75,6,3.9,3.6,0.01,0.4,Medium,154600.0,693,0.75
EMP00451,Product,Individual Contributor,L2,Male,Kolkata,MBA,26,1.3,67200.0,3.7,3.7,4.1,27,8,0,0,Retirement,2017,50,15,3.5,3.7,0.34,0.471,Medium,34000.0,484,0.63
EMP00452,Sales,Director,L4,Male,Noida,Master's,34,10.7,22800.0,4.4,4.4,4.5,10,3,1,0,Termination,2020,50,17,2.8,3.3,0.32,0.28,Low,39200.0,1010,0.74
EMP00453,Engineering,Senior Analyst,L1,Male,Mumbai,Bachelor's,49,0.1,29800.0,3.6,4.3,4.5,11,8,2,1,Resignation,2018,50,15,3.0,4.7,0.15,0.415,Medium,26500.0,213,0.67
EMP00454,Operations,Director,L6,Male,Pune,Bachelor's,49,10.3,43200.0,3.9,1.9,3.4,2,7,3,0,Contract End,2020,100,4,3.3,3.7,0.06,0.388,Medium,85900.0,1457,0.69
EMP00455,Finance,Senior Manager,L3,Male,Delhi,Bachelor's,49,2.1,86400.0,3.0,4.3,3.3,10,8,3,0,Retirement,2017,100,2,4.0,4.9,0.15,0.331,Medium,55900.0,1222,0.72
EMP00456,Sales,VP,L2,Male,Bangalore,Bachelor's,44,0.1,86800.0,4.5,3.7,3.3,10,4,1,0,Termination,2017,100,1,4.2,3.8,0.32,0.352,Medium,162700.0,590,0.76
EMP00457,HR,VP,L4,Female,Hyderabad,MBA,40,2.5,80000.0,4.2,4.6,4.4,16,2,2,0,Retirement,2015,50,12,3.8,4.2,0.12,0.343,Medium,99900.0,772,0.9
EMP00458,Sales,Individual Contributor,L4,Female,Noida,Bachelor's,36,1.6,76600.0,3.1,2.7,4.1,7,3,0,0,Resignation,2020,75,7,3.3,3.3,0.03,0.405,Medium,133900.0,489,0.61
EMP00459,Marketing,Analyst,L3,Female,Pune,Bachelor's,28,3.6,105700.0,3.7,3.7,3.5,27,5,2,0,Contract End,2021,100,3,4.1,4.7,0.17,0.379,Medium,206400.0,1259,0.53
EMP00460,Sales,Analyst,L1,Male,Kolkata,MBA,41,1.8,46600.0,4.8,3.7,3.8,0,3,2,0,Contract End,2021,50,3,4.6,4.6,0.18,0.34,Medium,71600.0,406,0.39
EMP00461,Sales,Director,L1,Female,Kolkata,Bachelor's,49,0.8,55100.0,3.3,3.4,1.9,30,2,3,0,Retirement,2017,75,6,3.2,2.8,0.38,0.486,Medium,41400.0,72,0.37
EMP00462,Customer Success,VP,L1,Male,Bangalore,Master's,26,2.0,81600.0,4.3,1.8,4.0,9,7,3,0,Termination,2018,25,13,3.9,4.4,0.02,0.532,Medium,101900.0,194,0.8
EMP00463,Operations,VP,L1,Male,Bangalore,Bachelor's,25,5.0,50500.0,2.5,3.4,2.7,7,6,3,0,Retirement,2019,100,8,3.5,3.6,0.37,0.468,Medium,78100.0,381,0.73
EMP00464,Operations,Senior Manager,L2,Female,Hyderabad,Master's,45,2.1,52600.0,4.2,2.4,4.0,5,0,3,0,Resignation,2015,100,0,4.3,3.3,0.22,0.416,Medium,79800.0,214,0.67
EMP00465,Engineering,Individual Contributor,L2,Male,Pune,Bachelor's,48,3.1,75000.0,3.9,3.7,2.8,18,7,2,0,Transfer,2021,50,22,3.3,3.9,0.23,0.585,Medium,143900.0,1235,0.52
EMP00466,Sales,Manager,L4,Male,Bangalore,Bachelor's,23,0.1,89500.0,3.7,3.9,1.9,27,0,1,0,Transfer,2022,100,20,4.7,4.6,0.07,0.62,Medium,167200.0,867,0.2
EMP00467,Sales,Analyst,L3,Male,Chennai,MBA,26,12.2,61100.0,3.6,1.9,3.8,10,2,2,0,Resignation,2018,50,8,3.3,4.4,0.09,0.451,Medium,34300.0,773,0.59
EMP00468,Engineering,VP,L3,Male,Mumbai,MBA,25,3.7,42900.0,3.5,4.4,3.1,15,2,0,0,Transfer,2023,0,6,3.8,3.7,0.03,0.357,Medium,42300.0,12,0.65
EMP00469,Sales,Senior Manager,L1,Female,Delhi,Master's,27,3.2,73200.0,4.3,4.6,2.9,25,4,3,1,Resignation,2015,25,24,4.2,4.0,0.12,0.494,Medium,140500.0,706,0.8
EMP00470,Engineering,Senior Manager,L2,Male,Chennai,MBA,31,5.9,65000.0,4.7,4.1,3.6,24,3,2,0,Contract End,2023,75,2,2.8,4.5,0.09,0.337,Medium,111600.0,871,0.69
EMP00471,Product,VP,L4,Female,Kolkata,Master's,32,8.8,59500.0,4.4,3.1,2.5,5,8,3,0,Contract End,2017,50,14,3.3,4.5,0.11,0.45,Medium,116500.0,105,0.69
EMP00472,Operations,Manager,L4,Female,Mumbai,Bachelor's,51,0.1,118100.0,4.9,3.9,4.3,0,7,3,1,Transfer,2021,75,13,4.3,3.5,0.26,0.433,Medium,90300.0,780,0.53
EMP00473,Finance,Senior Analyst,L4,Male,Delhi,MBA,38,2.4,72300.0,3.5,4.0,4.4,30,3,2,0,Termination,2022,0,18,3.6,3.4,0.15,0.445,Medium,115900.0,413,0.55
EMP00474,Finance,VP,L5,Female,Delhi,Bachelor's,41,4.5,37600.0,4.4,4.7,2.4,22,2,2,0,Termination,2017,75,19,4.2,3.7,0.06,0.478,Medium,31300.0,1368,0.4
EMP00475,Engineering,Director,L2,Female,Pune,Master's,46,5.4,45200.0,2.8,3.7,2.7,21,0,2,0,Transfer,2021,75,0,3.3,2.6,0.3,0.325,Low,79600.0,173,0.66
EMP00476,Engineering,VP,L2,Female,Mumbai,Bachelor's,43,0.4,59400.0,4.6,4.5,2.8,9,1,3,0,Contract End,2016,75,9,4.3,3.1,0.35,0.41,Medium,56500.0,690,0.68
EMP00477,Engineering,Senior Analyst,L5,Female,Kolkata,Bachelor's,42,6.8,153400.0,2.8,2.9,3.0,10,6,0,0,Termination,2022,25,22,3.8,3.6,0.1,0.568,Medium,89600.0,532,0.82
EMP00478,Engineering,Analyst,L2,Male,Bangalore,MBA,49,1.1,98100.0,3.3,4.0,3.0,30,7,0,0,Transfer,2016,50,1,2.9,3.9,0.02,0.318,Low,134200.0,477,0.8
EMP00479,Engineering,Senior Manager,L5,Male,Pune,Bachelor's,31,2.1,141500.0,4.1,3.4,3.8,8,8,2,0,Contract End,2016,50,2,4.3,2.7,0.03,0.322,Low,101300.0,31,0.54
EMP00480,Customer Success,Senior Manager,L4,Female,Mumbai,MBA,57,2.8,68100.0,3.3,4.2,4.3,1,4,0,1,Termination,2016,75,12,3.8,4.5,0.39,0.32,Low,97300.0,1320,0.63
EMP00481,Operations,VP,L3,Female,Chennai,MBA,32,0.3,54700.0,4.0,3.2,4.5,17,8,0,0,Resignation,2023,100,12,3.7,4.1,0.27,0.444,Medium,55600.0,962,0.64
EMP00482,Engineering,Senior Manager,L5,Female,Pune,MBA,31,5.7,95700.0,4.0,3.8,3.2,5,6,3,0,Retirement,2022,100,22,3.9,3.6,0.1,0.523,Medium,123000.0,1224,0.75
EMP00483,Product,Director,L2,Female,Kolkata,Bachelor's,35,2.2,24400.0,4.8,3.8,3.1,3,1,3,0,Termination,2022,75,2,2.5,3.8,0.29,0.413,Medium,40400.0,422,0.68
EMP00484,Customer Success,Analyst,L1,Male,Kolkata,MBA,57,3.7,89000.0,4.5,4.5,3.2,8,0,1,1,Resignation,2018,50,10,2.3,3.9,0.27,0.332,Medium,129900.0,263,0.56
EMP00485,Marketing,Senior Manager,L3,Female,Chennai,MBA,41,3.6,64100.0,4.5,2.6,3.9,11,0,0,0,Contract End,2020,100,11,3.8,3.6,0.34,0.435,Medium,97500.0,978,0.61
EMP00486,Sales,VP,L2,Male,Noida,PhD,43,2.3,76400.0,3.9,2.9,2.6,15,2,0,0,Transfer,2017,75,5,4.6,3.4,0.03,0.428,Medium,150500.0,675,0.6
EMP00487,Sales,Director,L4,Male,Bangalore,Master's,56,1.1,41900.0,3.3,4.9,3.4,4,7,2,0,Retirement,2022,50,24,3.6,3.5,0.08,0.519,Medium,24000.0,318,0.44
EMP00488,Product,Senior Analyst,L3,Male,Hyderabad,Master's,56,3.2,66300.0,3.0,3.4,2.8,28,5,1,1,Resignation,2023,50,1,3.3,3.9,0.32,0.436,Medium,60800.0,1389,0.77
EMP00489,Marketing,Individual Contributor,L1,Female,Noida,MBA,26,1.6,43400.0,4.5,4.2,4.7,25,0,0,0,Contract End,2020,100,8,4.5,3.3,0.14,0.291,Low,40000.0,446,0.69
EMP00490,HR,Individual Contributor,L2,Male,Delhi,Bachelor's,52,4.2,44200.0,4.1,4.4,4.2,11,0,1,1,Transfer,2016,100,14,2.7,3.9,0.14,0.378,Medium,67300.0,644,0.49
EMP00491,Sales,Director,L4,Male,Mumbai,Bachelor's,50,0.6,35100.0,3.0,4.1,2.7,14,6,3,0,Retirement,2021,50,18,2.4,2.8,0.39,0.485,Medium,50200.0,1235,0.79
EMP00492,Operations,Analyst,L6,Female,Mumbai,Bachelor's,36,1.8,69300.0,2.7,4.0,2.7,21,2,1,0,Termination,2019,100,2,4.3,2.6,0.11,0.364,Medium,60800.0,226,0.4
EMP00493,Engineering,Senior Manager,L3,Female,Hyderabad,Master's,50,0.9,72200.0,4.0,3.5,3.9,25,5,3,0,Termination,2018,50,23,3.8,3.3,0.27,0.512,Medium,88900.0,1370,0.75
EMP00494,Marketing,Analyst,L3,Male,Mumbai,Bachelor's,46,1.3,80400.0,4.0,4.5,2.4,2,0,3,0,Contract End,2018,75,6,3.0,2.1,0.02,0.375,Medium,49300.0,634,0.84
EMP00495,Customer Success,Senior Analyst,L4,Female,Delhi,Bachelor's,45,9.1,64300.0,4.5,3.1,3.0,5,2,1,1,Contract End,2022,75,5,3.2,3.3,0.29,0.398,Medium,98100.0,760,0.35
EMP00496,Engineering,Senior Analyst,L6,Female,Bangalore,Master's,24,1.9,111400.0,4.7,4.0,3.3,10,4,2,0,Transfer,2019,75,6,3.2,4.2,0.18,0.404,Medium,189300.0,1148,0.49
EMP00497,Sales,Analyst,L4,Female,Chennai,MBA,27,8.9,81500.0,3.5,3.5,4.1,18,2,3,0,Retirement,2016,75,22,4.7,3.7,0.27,0.451,Medium,105500.0,1179,0.77
EMP00498,Finance,Manager,L3,Male,Noida,MBA,27,4.5,118100.0,2.5,4.5,3.4,9,2,1,0,Retirement,2021,100,14,3.3,3.5,0.02,0.421,Medium,63300.0,925,0.68
EMP00499,Product,Analyst,L4,Male,Bangalore,Master's,54,3.3,83200.0,3.3,4.7,4.8,22,2,1,1,Termination,2018,50,17,3.8,3.8,0.06,0.372,Medium,159600.0,429,0.76
EMP00500,Customer Success,Director,L6,Male,Hyderabad,Bachelor's,26,0.1,43700.0,3.6,2.9,4.1,22,1,0,0,Contract End,2017,100,22,2.5,2.7,0.01,0.544,Medium,30700.0,970,0.35
EMP00501,Sales,Manager,L2,Female,Noida,Bachelor's,40,7.2,57400.0,4.4,4.1,3.9,3,8,0,0,Transfer,2021,100,18,4.8,4.6,0.14,0.43,Medium,47300.0,741,0.78
EMP00502,Sales,VP,L4,Male,Noida,PhD,47,3.6,67800.0,4.7,4.5,4.0,23,1,1,0,Retirement,2016,0,15,4.5,2.8,0.27,0.385,Medium,65800.0,73,0.61
EMP00503,Customer Success,Manager,L1,Male,Pune,PhD,35,5.4,96500.0,4.3,3.2,3.4,15,4,3,0,Resignation,2019,75,23,3.1,3.4,0.31,0.492,Medium,107000.0,523,0.32
EMP00504,Engineering,Director,L3,Female,Delhi,Bachelor's,57,1.6,79900.0,3.8,3.9,3.8,7,6,2,1,Termination,2016,75,11,4.1,4.6,0.1,0.377,Medium,130500.0,725,0.71
EMP00505,Operations,Manager,L4,Female,Hyderabad,Bachelor's,22,0.1,71200.0,4.5,2.9,3.3,23,6,1,0,Transfer,2023,50,0,4.6,3.6,0.11,0.416,Medium,128700.0,1193,0.37
EMP00506,Engineering,Senior Manager,L3,Male,Noida,PhD,50,0.2,82800.0,3.6,3.4,4.6,30,4,2,0,Retirement,2019,100,17,3.1,4.5,0.17,0.477,Medium,72200.0,568,0.61
EMP00507,Sales,Director,L4,Male,Mumbai,MBA,23,2.1,83800.0,4.1,3.7,2.8,14,6,3,1,Resignation,2016,75,23,3.6,4.2,0.06,0.597,Medium,60700.0,948,0.71
EMP00508,Sales,Senior Analyst,L5,Female,Kolkata,Bachelor's,43,3.7,89100.0,4.7,4.5,3.1,10,4,3,0,Termination,2020,50,7,2.5,2.3,0.21,0.396,Medium,114900.0,77,0.75
EMP00509,Sales,Analyst,L4,Female,Hyderabad,MBA,30,2.2,89600.0,4.3,3.0,3.9,9,4,2,1,Contract End,2016,75,9,4.0,2.9,0.28,0.46,Medium,146400.0,1344,0.71
EMP00510,Engineering,Senior Manager,L2,Female,Mumbai,MBA,47,5.8,100800.0,3.6,3.8,4.0,9,4,0,0,Termination,2022,25,24,3.5,1.7,0.02,0.518,Medium,95200.0,687,0.54
EMP00511,Product,Senior Analyst,L5,Male,Mumbai,Diploma,31,0.8,19600.0,2.0,3.0,3.0,8,8,3,1,Transfer,2016,100,11,3.3,1.9,0.11,0.548,Medium,34300.0,1084,0.76
EMP00512,Sales,Manager,L3,Female,Delhi,Bachelor's,46,1.2,59200.0,3.9,3.1,4.0,1,3,1,1,Contract End,2022,75,21,3.9,3.2,0.31,0.541,Medium,103800.0,1215,0.78
EMP00513,Customer Success,Senior Manager,L5,Male,Mumbai,Bachelor's,25,3.6,101600.0,4.2,4.1,3.8,15,1,1,0,Resignation,2017,75,12,4.6,3.1,0.09,0.369,Medium,120500.0,803,0.56
EMP00514,Customer Success,Senior Manager,L2,Female,Delhi,Bachelor's,26,14.1,123900.0,4.5,3.2,4.0,9,3,0,1,Termination,2020,100,11,3.4,3.6,0.09,0.362,Medium,203300.0,147,0.69
EMP00515,Marketing,Director,L5,Male,Mumbai,Master's,57,4.2,30100.0,4.7,2.9,3.4,7,5,1,0,Contract End,2016,50,0,2.7,3.9,0.22,0.334,Medium,25300.0,103,0.74
EMP00516,Customer Success,Individual Contributor,L3,Male,Hyderabad,Diploma,35,2.0,55900.0,4.2,3.2,4.1,13,0,1,0,Termination,2018,50,10,3.9,3.6,0.35,0.401,Medium,97100.0,661,0.8
EMP00517,Operations,VP,L5,Male,Bangalore,Bachelor's,57,4.2,61200.0,3.3,4.6,2.4,18,0,0,1,Contract End,2021,100,2,2.8,3.7,0.09,0.333,Medium,73100.0,1213,0.81
EMP00518,Sales,Senior Analyst,L6,Female,Noida,Bachelor's,33,0.5,135300.0,3.8,3.2,4.7,21,3,2,1,Contract End,2022,100,24,2.6,3.6,0.37,0.517,Medium,223200.0,468,0.58
EMP00519,Engineering,Senior Analyst,L4,Male,Hyderabad,MBA,49,1.2,46900.0,3.2,2.9,2.4,19,6,2,0,Transfer,2016,0,13,2.8,3.6,0.27,0.576,Medium,47300.0,499,0.69
EMP00520,Marketing,Senior Manager,L6,Male,Noida,Master's,50,3.5,66800.0,4.4,4.4,4.7,29,5,0,0,Retirement,2016,50,3,4.7,2.9,0.15,0.294,Low,66400.0,821,0.73
EMP00521,Product,Individual Contributor,L2,Female,Chennai,Bachelor's,31,4.0,37300.0,2.7,3.9,4.2,30,6,2,0,Retirement,2017,0,10,3.1,3.9,0.33,0.398,Medium,38900.0,295,0.85
EMP00522,Engineering,Senior Analyst,L3,Male,Chennai,MBA,43,6.4,88000.0,3.9,4.4,2.1,7,3,1,0,Contract End,2020,100,3,4.6,3.8,0.24,0.36,Medium,70300.0,674,0.86
EMP00523,Customer Success,Senior Analyst,L3,Non-Binary,Bangalore,Master's,44,0.7,24500.0,3.7,3.6,3.8,25,6,1,0,Contract End,2016,50,17,3.7,3.3,0.19,0.493,Medium,41800.0,335,0.76
EMP00524,Customer Success,Senior Manager,L1,Female,Pune,PhD,25,0.1,57500.0,3.9,2.5,4.0,30,2,2,0,Contract End,2019,100,2,4.2,3.0,0.24,0.426,Medium,54900.0,1184,0.61
EMP00525,Marketing,Senior Manager,L3,Male,Bangalore,Bachelor's,38,2.7,149800.0,4.9,3.5,2.2,12,3,3,0,Resignation,2016,100,11,4.5,4.4,0.02,0.49,Medium,190600.0,974,0.91
EMP00526,Marketing,Senior Manager,L1,Non-Binary,Noida,Master's,34,7.4,87000.0,3.3,2.1,2.9,22,6,0,1,Contract End,2019,75,10,4.6,4.4,0.31,0.482,Medium,116800.0,1464,0.58
EMP00527,Finance,Director,L4,Male,Hyderabad,MBA,29,2.1,42700.0,4.2,4.0,4.4,20,0,1,0,Termination,2016,75,14,3.8,3.3,0.14,0.431,Medium,79000.0,646,0.84
EMP00528,Customer Success,Director,L1,Female,Noida,Bachelor's,35,0.1,60300.0,3.6,3.7,3.6,19,1,3,0,Retirement,2019,100,14,4.2,3.2,0.03,0.468,Medium,103200.0,226,0.68
EMP00529,Sales,VP,L4,Male,Delhi,Bachelor's,57,0.1,56000.0,3.7,4.1,4.2,31,2,2,0,Resignation,2022,50,11,4.6,4.5,0.01,0.397,Medium,89200.0,367,0.53
EMP00530,Marketing,Senior Analyst,L4,Female,Pune,MBA,36,1.9,40600.0,3.3,2.8,3.4,12,4,1,0,Retirement,2021,50,14,3.7,3.8,0.04,0.508,Medium,76800.0,97,0.66
EMP00531,Product,Director,L3,Female,Pune,Bachelor's,47,5.5,105500.0,3.1,2.3,2.3,8,5,0,0,Termination,2021,100,14,4.1,4.7,0.14,0.525,Medium,133300.0,1123,0.76
EMP00532,Product,Individual Contributor,L2,Male,Hyderabad,MBA,37,0.3,66600.0,3.3,4.2,2.5,19,6,3,0,Retirement,2023,25,21,3.7,3.6,0.09,0.57,Medium,61600.0,1009,0.59
EMP00533,Marketing,Director,L6,Non-Binary,Noida,MBA,24,0.8,100100.0,4.4,3.9,4.8,7,6,2,0,Retirement,2017,50,19,4.3,2.7,0.37,0.391,Medium,104100.0,45,0.8
EMP00534,Product,Senior Manager,L1,Female,Delhi,Master's,49,5.4,28600.0,3.1,2.7,3.8,1,7,2,0,Retirement,2020,50,13,3.1,3.2,0.18,0.435,Medium,43200.0,1074,0.79
EMP00535,Engineering,VP,L4,Male,Pune,Diploma,41,3.3,35400.0,4.1,4.6,4.1,10,1,3,0,Contract End,2022,0,22,3.7,2.9,0.28,0.43,Medium,28800.0,1274,0.83
EMP00536,Sales,Manager,L5,Female,Hyderabad,Bachelor's,27,3.8,60700.0,3.8,4.6,3.1,10,6,3,1,Termination,2023,50,2,2.7,1.3,0.33,0.338,Medium,119100.0,642,0.75
EMP00537,HR,Director,L4,Male,Kolkata,Master's,41,3.5,34400.0,2.6,3.9,3.4,21,8,1,0,Termination,2020,75,3,3.2,3.3,0.31,0.381,Medium,67400.0,1164,0.24
EMP00538,Product,Individual Contributor,L3,Female,Bangalore,Diploma,30,1.9,54500.0,3.7,4.5,3.0,6,1,0,0,Contract End,2018,100,4,4.1,4.9,0.22,0.387,Medium,31600.0,1199,0.76
EMP00539,Operations,Director,L1,Male,Noida,Master's,57,0.9,90200.0,3.6,3.1,2.8,22,1,1,0,Contract End,2016,75,14,3.9,4.3,0.31,0.549,Medium,124400.0,904,0.75
EMP00540,HR,Manager,L1,Female,Chennai,Master's,38,4.1,69800.0,3.6,4.7,4.2,25,5,1,0,Transfer,2020,100,6,3.2,4.8,0.03,0.234,Low,119500.0,1253,0.5
EMP00541,Finance,Senior Manager,L5,Male,Bangalore,Bachelor's,51,9.4,81100.0,2.9,3.7,4.0,31,6,3,0,Resignation,2021,75,13,4.0,3.7,0.02,0.356,Medium,106200.0,414,0.7
EMP00542,Operations,Individual Contributor,L2,Male,Kolkata,MBA,23,6.9,82400.0,3.9,4.1,3.4,31,2,0,0,Transfer,2019,75,10,4.1,3.9,0.31,0.409,Medium,120200.0,600,0.73
EMP00543,Engineering,Senior Manager,L6,Female,Bangalore,Bachelor's,29,0.3,62100.0,3.4,4.0,3.3,17,8,0,0,Termination,2020,50,13,3.3,2.4,0.38,0.472,Medium,31200.0,1138,0.6
EMP00544,Engineering,Senior Manager,L5,Male,Bangalore,Bachelor's,36,0.8,55900.0,4.8,4.6,4.1,27,8,3,1,Transfer,2021,75,21,2.1,3.8,0.2,0.399,Medium,103800.0,144,0.57
EMP00545,Customer Success,Analyst,L6,Male,Bangalore,MBA,22,1.7,59600.0,3.7,4.3,3.7,14,7,1,0,Resignation,2015,0,21,3.1,4.0,0.27,0.499,Medium,98900.0,1081,0.64
EMP00546,Customer Success,Individual Contributor,L2,Male,Hyderabad,Bachelor's,28,0.9,48500.0,4.4,3.7,2.4,14,5,0,0,Resignation,2016,75,21,4.6,4.1,0.32,0.596,Medium,38700.0,21,0.53
EMP00547,Engineering,Analyst,L2,Male,Chennai,Bachelor's,34,1.1,62800.0,2.2,4.2,3.8,26,8,0,0,Resignation,2017,75,5,3.9,4.0,0.26,0.292,Low,70200.0,1476,0.51
EMP00548,Operations,Director,L3,Male,Bangalore,Bachelor's,26,2.2,84000.0,3.3,2.9,1.9,1,4,3,0,Termination,2015,75,0,3.8,3.3,0.3,0.433,Medium,47200.0,501,0.9
EMP00549,Engineering,Director,L5,Male,Mumbai,PhD,49,1.1,214700.0,4.5,3.6,3.6,9,7,1,1,Resignation,2015,100,17,3.8,3.1,0.24,0.474,Medium,333200.0,528,0.32
EMP00550,Engineering,Individual Contributor,L6,Female,Bangalore,Master's,31,3.4,54900.0,3.9,2.8,3.5,5,5,3,0,Termination,2022,0,23,3.4,2.9,0.26,0.588,Medium,45200.0,371,0.65
EMP00551,Engineering,VP,L2,Female,Mumbai,Master's,38,3.4,152300.0,4.0,4.6,3.0,22,5,1,0,Resignation,2020,75,0,3.9,4.8,0.22,0.328,Low,270100.0,1044,0.58
EMP00552,Product,Manager,L1,Female,Hyderabad,Bachelor's,52,0.7,52200.0,3.6,3.8,3.6,5,8,1,0,Transfer,2017,50,18,3.0,2.5,0.32,0.48,Medium,36000.0,134,0.42
EMP00553,Sales,Senior Analyst,L1,Male,Mumbai,Bachelor's,23,8.0,92400.0,3.8,2.7,3.9,13,3,2,0,Transfer,2019,100,20,4.0,4.8,0.01,0.464,Medium,122600.0,18,0.51
EMP00554,Customer Success,Individual Contributor,L2,Female,Chennai,MBA,30,3.1,84800.0,3.3,3.1,3.2,22,2,2,0,Retirement,2021,75,10,3.2,3.4,0.34,0.475,Medium,151900.0,184,0.61
EMP00555,Sales,Manager,L3,Male,Pune,MBA,47,1.9,59000.0,4.5,3.9,3.8,19,0,2,0,Contract End,2018,100,19,3.2,4.2,0.3,0.485,Medium,59200.0,222,0.45
EMP00556,Engineering,VP,L2,Male,Bangalore,Bachelor's,38,4.0,84300.0,3.4,4.0,4.5,21,0,3,0,Resignation,2018,50,19,2.7,3.9,0.09,0.432,Medium,156800.0,65,0.67
EMP00557,Product,Senior Analyst,L4,Male,Chennai,Master's,51,7.0,69500.0,3.1,5.0,4.8,30,6,0,0,Resignation,2017,100,6,2.3,4.4,0.17,0.162,Low,48400.0,989,0.74
EMP00558,Engineering,VP,L4,Male,Kolkata,Diploma,56,1.4,47800.0,4.7,3.3,2.7,3,3,2,0,Retirement,2016,50,6,4.6,3.2,0.12,0.454,Medium,25600.0,121,0.54
EMP00559,Engineering,Senior Manager,L3,Female,Kolkata,PhD,34,8.8,28600.0,3.6,3.1,4.3,4,5,1,1,Resignation,2017,50,17,4.6,4.5,0.1,0.411,Medium,47500.0,914,0.75
EMP00560,Sales,Director,L5,Male,Kolkata,Bachelor's,31,4.9,155000.0,3.6,4.6,3.6,9,5,3,0,Transfer,2016,25,0,4.3,2.9,0.28,0.23,Low,242500.0,249,0.67
EMP00561,Sales,Director,L4,Female,Mumbai,Bachelor's,56,0.4,87000.0,3.7,3.2,3.8,28,7,2,0,Termination,2021,50,23,2.0,3.8,0.33,0.511,Medium,57100.0,466,0.67
EMP00562,Product,Senior Manager,L3,Male,Kolkata,MBA,52,0.3,88400.0,4.1,4.4,3.1,2,5,1,0,Transfer,2019,0,9,4.3,3.8,0.29,0.436,Medium,83100.0,721,0.66
EMP00563,Sales,Senior Analyst,L3,Female,Pune,MBA,41,0.5,52200.0,3.9,2.4,2.1,31,3,3,1,Resignation,2023,50,7,3.3,4.0,0.11,0.584,Medium,37700.0,618,0.78
EMP00564,Engineering,VP,L4,Male,Mumbai,Master's,36,11.2,132700.0,4.4,3.6,4.2,29,8,3,0,Transfer,2018,75,21,3.7,3.1,0.19,0.427,Medium,180500.0,1223,0.56
EMP00565,Finance,Manager,L3,Male,Delhi,Bachelor's,30,2.8,99800.0,3.2,4.1,2.4,16,1,2,0,Transfer,2020,25,0,3.2,4.4,0.13,0.39,Medium,117800.0,78,0.68
EMP00566,Sales,Director,L4,Female,Pune,MBA,26,9.4,107600.0,4.6,3.6,3.2,21,5,1,0,Resignation,2021,25,12,4.6,4.6,0.37,0.355,Medium,60100.0,315,0.63
EMP00567,Engineering,Manager,L4,Female,Bangalore,Bachelor's,37,1.0,150500.0,4.7,2.4,3.3,21,7,1,0,Transfer,2016,0,7,3.9,4.0,0.03,0.537,Medium,283900.0,45,0.57
EMP00568,Sales,Senior Manager,L3,Female,Mumbai,Master's,26,0.3,137000.0,3.3,4.7,2.8,0,0,1,0,Termination,2019,100,4,4.2,4.2,0.26,0.379,Medium,125100.0,333,0.38
EMP00569,Engineering,VP,L2,Male,Noida,Master's,50,2.5,52400.0,3.9,3.5,2.8,5,4,1,0,Retirement,2021,75,11,4.0,2.2,0.24,0.459,Medium,55600.0,456,0.73
EMP00570,Product,Analyst,L4,Male,Chennai,Master's,42,3.6,54500.0,3.6,2.0,4.0,11,3,2,0,Resignation,2017,0,19,3.8,3.0,0.07,0.599,Medium,63400.0,356,0.87
EMP00571,Engineering,Senior Analyst,L4,Female,Chennai,PhD,41,4.5,172000.0,3.8,4.3,4.5,28,0,2,0,Contract End,2020,75,18,3.7,2.8,0.26,0.405,Medium,294400.0,1429,0.28
EMP00572,Operations,VP,L3,Female,Hyderabad,Diploma,40,0.6,137000.0,4.0,3.8,4.6,1,2,1,0,Retirement,2020,50,5,3.4,2.8,0.26,0.354,Medium,263900.0,434,0.77
EMP00573,Product,VP,L2,Female,Hyderabad,PhD,38,0.5,111500.0,2.7,2.3,4.2,1,0,2,1,Transfer,2015,0,14,3.3,3.0,0.06,0.476,Medium,160600.0,845,0.88
EMP00574,Customer Success,Senior Manager,L1,Female,Bangalore,Diploma,32,2.6,66300.0,4.4,3.5,3.7,18,1,1,0,Resignation,2017,75,24,3.3,3.6,0.28,0.546,Medium,117300.0,732,0.64
EMP00575,Sales,Manager,L2,Male,Chennai,Bachelor's,25,3.2,48100.0,3.6,4.4,3.9,22,1,1,0,Resignation,2020,50,24,3.9,4.0,0.02,0.432,Medium,31300.0,773,0.61
EMP00576,Engineering,Director,L6,Male,Chennai,Master's,47,1.3,68600.0,2.8,4.0,3.0,11,2,3,1,Retirement,2021,75,11,3.0,3.5,0.22,0.464,Medium,111500.0,733,0.79
EMP00577,HR,VP,L6,Female,Bangalore,PhD,48,1.1,62000.0,3.5,3.2,1.7,7,7,0,0,Retirement,2023,100,20,2.7,3.9,0.3,0.587,Medium,64300.0,1333,0.76
EMP00578,HR,Manager,L6,Male,Mumbai,MBA,31,0.6,35000.0,4.4,3.0,1.6,30,0,0,1,Contract End,2021,0,4,3.1,2.9,0.34,0.565,Medium,51900.0,1169,0.81
EMP00579,Operations,Senior Manager,L3,Female,Chennai,PhD,41,0.5,68900.0,3.7,4.5,2.5,25,3,3,0,Resignation,2018,75,4,4.3,4.0,0.02,0.403,Medium,54500.0,168,0.88
EMP00580,Engineering,Individual Contributor,L4,Male,Delhi,Master's,46,2.6,54200.0,4.6,1.8,4.2,11,8,0,0,Termination,2019,25,6,3.7,2.7,0.14,0.416,Medium,76200.0,1459,0.8
EMP00581,Operations,Individual Contributor,L3,Male,Mumbai,Bachelor's,22,0.7,70600.0,3.9,4.3,2.1,25,5,0,0,Termination,2021,75,19,3.2,3.1,0.06,0.553,Medium,66900.0,618,0.86
EMP00582,Operations,Analyst,L5,Female,Mumbai,Master's,33,4.1,38000.0,4.1,2.2,3.1,28,1,1,0,Resignation,2023,0,4,4.1,3.4,0.28,0.496,Medium,52000.0,435,0.84
EMP00583,Product,Analyst,L1,Male,Pune,Bachelor's,40,0.3,74600.0,3.0,2.7,2.8,5,0,1,0,Retirement,2016,100,24,4.6,4.4,0.15,0.645,Medium,56400.0,710,0.31
EMP00584,Sales,VP,L6,Male,Mumbai,Diploma,41,4.1,46200.0,2.7,4.4,4.3,28,0,2,0,Contract End,2018,75,5,4.0,4.7,0.11,0.249,Low,40300.0,783,0.5
EMP00585,Marketing,Director,L3,Male,Bangalore,MBA,49,1.1,39900.0,4.5,4.4,2.2,2,8,1,0,Retirement,2022,50,18,3.0,3.1,0.06,0.486,Medium,72100.0,242,0.66
EMP00586,Product,Individual Contributor,L3,Male,Chennai,MBA,44,7.4,122400.0,4.5,4.3,3.5,6,1,0,0,Contract End,2016,0,10,4.3,3.4,0.19,0.359,Medium,92300.0,1351,0.5
EMP00587,Operations,Individual Contributor,L2,Female,Mumbai,MBA,33,1.0,69300.0,3.6,4.0,3.0,12,7,2,0,Transfer,2020,50,15,3.1,4.3,0.39,0.484,Medium,72200.0,775,0.64
EMP00588,Finance,Director,L1,Male,Delhi,Master's,32,2.5,65700.0,4.0,4.4,3.5,29,4,2,0,Termination,2021,75,7,2.0,4.3,0.14,0.353,Medium,97700.0,115,0.39
EMP00589,Operations,Senior Manager,L3,Male,Bangalore,Master's,40,1.6,58600.0,3.1,3.8,4.5,11,2,0,0,Resignation,2022,100,16,4.6,3.7,0.26,0.398,Medium,77900.0,69,0.6
EMP00590,Sales,VP,L3,Male,Noida,Master's,40,2.8,88000.0,3.8,3.5,4.4,19,5,1,0,Transfer,2023,50,5,4.5,4.2,0.11,0.323,Low,50800.0,223,0.77
EMP00591,Sales,Director,L2,Female,Bangalore,PhD,55,9.2,57300.0,3.4,2.3,3.0,23,1,1,1,Termination,2017,50,17,4.9,1.6,0.09,0.511,Medium,107200.0,1275,0.51
EMP00592,Engineering,Analyst,L3,Female,Delhi,Bachelor's,54,11.6,42100.0,3.6,3.3,3.4,30,2,1,0,Transfer,2023,50,13,2.8,4.0,0.26,0.428,Medium,32700.0,744,0.55
EMP00593,Product,Senior Manager,L2,Female,Pune,MBA,23,1.0,51200.0,5.0,3.8,2.1,20,2,1,0,Transfer,2017,75,3,3.6,2.8,0.08,0.461,Medium,82200.0,576,0.7
EMP00594,HR,Director,L4,Female,Hyderabad,PhD,24,0.1,109900.0,4.4,3.7,2.3,25,0,2,0,Termination,2022,50,8,2.2,3.4,0.2,0.465,Medium,122700.0,315,0.52
EMP00595,Customer Success,VP,L5,Female,Mumbai,MBA,31,5.0,81400.0,2.9,4.7,4.5,18,3,0,0,Retirement,2015,75,6,3.6,4.2,0.27,0.261,Low,93200.0,1499,0.69
EMP00596,Engineering,Senior Analyst,L6,Male,Bangalore,MBA,22,0.7,55900.0,2.9,3.5,2.5,16,6,2,0,Resignation,2019,50,17,4.1,1.9,0.05,0.528,Medium,29600.0,649,0.75
EMP00597,Engineering,VP,L5,Male,Delhi,Bachelor's,57,0.9,55800.0,4.2,3.7,4.1,1,5,0,1,Retirement,2017,50,20,4.3,3.5,0.11,0.47,Medium,52000.0,970,0.58
EMP00598,Engineering,VP,L2,Female,Noida,Diploma,54,6.0,83000.0,4.4,4.5,3.4,4,6,1,0,Contract End,2020,50,11,4.0,3.6,0.16,0.36,Medium,135600.0,1150,0.67
EMP00599,Sales,Analyst,L2,Female,Pune,Bachelor's,57,4.1,167600.0,4.7,2.5,2.9,21,3,0,0,Termination,2016,100,1,3.3,4.2,0.25,0.423,Medium,237700.0,774,0.55
EMP00600,Operations,Senior Analyst,L3,Male,Noida,Bachelor's,30,2.7,71900.0,2.4,4.1,3.1,9,0,3,1,Transfer,2023,25,1,3.7,3.8,0.34,0.314,Low,53400.0,375,0.8
EMP00601,Product,Manager,L1,Female,Pune,Master's,42,0.5,44400.0,2.6,4.0,3.5,2,0,3,0,Transfer,2023,50,3,4.7,2.9,0.12,0.367,Medium,86600.0,485,0.6
EMP00602,Sales,Manager,L4,Male,Chennai,MBA,30,4.2,98200.0,4.4,3.5,2.4,6,5,2,0,Retirement,2022,25,22,2.2,4.3,0.03,0.562,Medium,54200.0,1305,0.84
EMP00603,Sales,Senior Manager,L3,Female,Delhi,Master's,47,1.9,80900.0,2.9,4.5,3.9,1,4,3,0,Retirement,2021,100,8,3.0,4.1,0.1,0.309,Low,68500.0,1026,0.81
EMP00604,Operations,Individual Contributor,L6,Female,Delhi,Bachelor's,39,0.1,29800.0,4.9,4.3,3.3,17,2,1,1,Resignation,2018,50,8,2.9,2.8,0.03,0.358,Medium,49900.0,1487,0.46
EMP00605,Engineering,Analyst,L5,Male,Mumbai,Master's,43,0.4,221200.0,3.5,4.2,2.2,30,5,3,0,Termination,2022,75,5,4.0,3.4,0.06,0.462,Medium,437600.0,582,0.16
EMP00606,Engineering,VP,L3,Female,Noida,Master's,29,1.0,65000.0,4.2,3.2,1.9,4,6,1,0,Transfer,2017,0,3,4.2,3.6,0.25,0.464,Medium,57400.0,723,0.68
EMP00607,Sales,Individual Contributor,L1,Male,Mumbai,Bachelor's,44,10.0,61200.0,2.9,3.1,4.0,14,3,2,0,Contract End,2022,100,4,3.4,4.1,0.16,0.317,Low,50300.0,1145,0.46
EMP00608,Sales,Senior Manager,L4,Male,Mumbai,MBA,49,0.1,63900.0,4.0,3.7,3.3,25,6,2,0,Transfer,2015,75,8,3.1,3.8,0.39,0.443,Medium,40800.0,637,0.52
EMP00609,Product,Director,L2,Female,Chennai,Bachelor's,54,0.1,34100.0,3.1,4.3,2.5,10,0,3,0,Contract End,2016,100,16,3.5,2.3,0.03,0.481,Medium,30900.0,1035,0.84
EMP00610,Operations,Individual Contributor,L2,Male,Hyderabad,MBA,27,0.1,88400.0,3.4,2.8,4.3,17,8,3,0,Retirement,2019,50,24,3.4,1.9,0.19,0.603,Medium,148700.0,770,0.16
EMP00611,Finance,Analyst,L4,Female,Hyderabad,Master's,45,0.6,64000.0,4.0,3.0,2.1,14,6,2,0,Resignation,2019,0,10,3.6,2.5,0.15,0.498,Medium,116500.0,539,0.73
EMP00612,Engineering,VP,L4,Female,Kolkata,Bachelor's,53,0.1,43300.0,4.6,4.3,3.2,20,2,3,1,Retirement,2015,25,5,4.4,2.3,0.28,0.407,Medium,81900.0,378,0.65
EMP00613,Marketing,VP,L2,Male,Mumbai,MBA,52,1.9,77700.0,2.4,2.7,4.0,17,2,3,0,Retirement,2016,50,22,3.7,3.9,0.38,0.569,Medium,79300.0,894,0.62
EMP00614,Operations,VP,L1,Male,Noida,Master's,25,1.5,43800.0,2.8,3.7,4.2,2,5,0,0,Transfer,2023,50,10,4.9,3.6,0.24,0.387,Medium,81400.0,1438,0.67
EMP00615,Customer Success,VP,L3,Male,Delhi,Bachelor's,35,0.5,67000.0,4.3,3.6,3.3,22,8,3,0,Resignation,2020,50,2,3.6,3.5,0.39,0.383,Medium,55200.0,888,0.57
EMP00616,Engineering,Director,L2,Male,Mumbai,Master's,39,7.6,130700.0,4.0,4.2,4.5,8,4,3,0,Resignation,2020,0,19,3.9,3.1,0.36,0.406,Medium,172100.0,1349,0.71
EMP00617,Operations,Manager,L2,Male,Mumbai,Bachelor's,30,1.0,147200.0,3.3,3.2,3.7,16,8,1,0,Contract End,2023,0,5,3.4,3.9,0.39,0.424,Medium,266500.0,1469,0.59
EMP00618,Engineering,Senior Analyst,L4,Female,Chennai,Bachelor's,45,3.4,62200.0,3.8,4.2,3.5,20,7,1,0,Contract End,2017,50,10,4.8,3.6,0.13,0.374,Medium,72900.0,89,0.7
EMP00619,Finance,Senior Manager,L3,Female,Noida,MBA,25,0.3,74400.0,4.3,3.2,4.0,2,0,1,0,Termination,2018,50,22,2.1,3.7,0.34,0.528,Medium,42600.0,679,0.74
EMP00620,Marketing,VP,L3,Female,Hyderabad,Bachelor's,24,20.0,94700.0,4.8,3.1,4.7,18,1,2,0,Retirement,2019,25,24,3.8,3.5,0.19,0.337,Medium,59200.0,10,0.59
EMP00621,Customer Success,Analyst,L3,Female,Noida,Bachelor's,53,3.0,67400.0,4.1,4.3,4.5,16,7,1,1,Retirement,2021,50,1,3.6,3.3,0.27,0.227,Low,119100.0,310,0.9
EMP00622,Finance,VP,L2,Female,Pune,PhD,42,0.1,36600.0,3.0,4.1,2.8,1,0,0,0,Termination,2021,100,0,2.6,4.9,0.3,0.347,Medium,39600.0,242,0.75
EMP00623,Engineering,Individual Contributor,L1,Female,Kolkata,MBA,30,3.6,42200.0,4.0,4.4,2.3,25,1,0,0,Contract End,2023,75,16,3.9,4.6,0.21,0.501,Medium,63600.0,836,0.82
EMP00624,Finance,Senior Manager,L2,Male,Bangalore,MBA,39,9.6,143500.0,4.7,3.4,4.5,27,2,3,0,Termination,2019,75,21,2.1,4.3,0.11,0.422,Medium,80900.0,459,0.88
EMP00625,Product,Analyst,L1,Male,Bangalore,Diploma,38,4.7,63600.0,3.7,3.8,2.3,27,3,2,0,Termination,2022,50,8,4.4,4.8,0.15,0.415,Medium,52100.0,709,0.94
EMP00626,Operations,Analyst,L2,Male,Pune,Bachelor's,25,4.7,105300.0,3.6,4.0,3.5,27,6,2,0,Transfer,2017,50,22,3.8,4.6,0.02,0.526,Medium,183200.0,22,0.84
EMP00627,Engineering,VP,L2,Male,Noida,Diploma,26,2.8,110300.0,3.1,3.9,4.6,21,8,3,0,Contract End,2018,0,2,3.3,4.0,0.34,0.273,Low,212000.0,272,0.61
EMP00628,Product,Director,L6,Male,Mumbai,MBA,31,3.0,23300.0,3.9,2.6,3.6,14,6,0,0,Resignation,2017,50,1,3.1,3.8,0.24,0.407,Medium,40900.0,108,0.55
EMP00629,Finance,Senior Analyst,L3,Male,Chennai,MBA,38,3.1,33500.0,3.8,4.1,1.7,10,4,0,0,Contract End,2021,100,23,4.8,4.7,0.26,0.581,Medium,52900.0,48,0.67
EMP00630,Engineering,Senior Manager,L4,Female,Mumbai,PhD,57,1.2,121200.0,4.4,3.1,4.7,5,8,1,1,Contract End,2018,50,10,4.0,2.8,0.36,0.391,Medium,92800.0,1444,0.8
EMP00631,Finance,Senior Analyst,L2,Male,Noida,Master's,35,0.3,60000.0,4.1,3.6,2.8,8,0,2,0,Resignation,2017,50,7,4.7,3.3,0.11,0.408,Medium,40100.0,859,0.65
EMP00632,Finance,Senior Manager,L4,Female,Kolkata,Bachelor's,56,1.4,70000.0,3.9,4.4,3.6,0,8,2,0,Contract End,2016,0,15,4.4,3.2,0.35,0.394,Medium,36700.0,798,0.55
EMP00633,HR,Analyst,L3,Male,Noida,Bachelor's,52,6.3,101200.0,3.7,2.5,2.0,31,2,0,0,Resignation,2023,50,17,4.1,3.9,0.4,0.569,Medium,201600.0,1092,0.69
EMP00634,Operations,VP,L4,Male,Hyderabad,MBA,22,2.7,92800.0,4.5,3.8,4.1,18,1,3,1,Retirement,2021,100,20,4.2,4.5,0.13,0.434,Medium,91900.0,1145,0.5
EMP00635,Sales,VP,L1,Non-Binary,Pune,Master's,49,0.3,61900.0,3.8,4.6,2.4,19,3,3,1,Transfer,2017,100,12,3.6,4.2,0.03,0.424,Medium,117000.0,308,0.61
EMP00636,Engineering,Senior Analyst,L4,Male,Pune,MBA,53,2.5,86000.0,3.3,3.6,2.7,5,6,2,0,Transfer,2023,100,18,4.3,4.5,0.21,0.511,Medium,105100.0,551,0.83
EMP00637,Product,Analyst,L4,Female,Mumbai,Diploma,31,0.5,58800.0,4.5,4.7,4.6,28,5,2,0,Retirement,2021,75,23,4.2,4.4,0.12,0.471,Medium,82500.0,1157,0.45
EMP00638,Sales,Senior Manager,L1,Female,Delhi,Bachelor's,23,0.2,42200.0,3.3,3.5,4.5,8,8,3,0,Resignation,2015,50,18,3.5,3.6,0.29,0.428,Medium,80400.0,1033,0.79
EMP00639,Engineering,Analyst,L2,Female,Delhi,Bachelor's,48,1.1,105500.0,3.5,4.2,3.1,26,0,1,0,Resignation,2016,100,21,4.7,3.5,0.38,0.53,Medium,136200.0,1453,0.35
EMP00640,HR,Individual Contributor,L6,Female,Pune,Bachelor's,49,4.9,22200.0,4.0,2.3,3.9,0,8,1,1,Contract End,2019,75,0,3.4,4.1,0.02,0.366,Medium,11800.0,1213,0.55
EMP00641,Engineering,Analyst,L6,Female,Chennai,Bachelor's,22,2.8,150500.0,4.1,3.7,4.4,5,0,3,0,Resignation,2021,25,0,3.5,3.1,0.22,0.281,Low,264300.0,1374,0.74
EMP00642,Engineering,Senior Manager,L3,Non-Binary,Mumbai,Bachelor's,48,0.1,53500.0,3.8,3.3,2.7,17,2,3,0,Resignation,2018,50,16,4.2,3.5,0.18,0.538,Medium,37300.0,615,0.36
EMP00643,Customer Success,Senior Manager,L3,Male,Chennai,MBA,32,4.1,120100.0,4.1,3.7,4.0,31,2,0,0,Retirement,2018,100,4,3.8,3.8,0.27,0.376,Medium,199100.0,681,0.58
EMP00644,Operations,Individual Contributor,L4,Female,Delhi,Bachelor's,38,11.1,68700.0,4.8,2.6,3.0,8,8,0,0,Termination,2021,75,18,3.2,3.6,0.02,0.54,Medium,44600.0,462,0.74
EMP00645,Product,VP,L2,Female,Hyderabad,MBA,43,2.1,111100.0,3.8,3.4,4.3,14,0,0,0,Transfer,2017,50,5,4.0,4.7,0.3,0.403,Medium,80100.0,30,0.75
EMP00646,Sales,Senior Analyst,L5,Male,Hyderabad,Bachelor's,56,0.3,38800.0,3.9,3.9,3.3,26,0,1,0,Contract End,2022,50,20,4.5,3.7,0.22,0.497,Medium,73100.0,358,0.46
EMP00647,Operations,Analyst,L4,Female,Hyderabad,Bachelor's,53,2.2,62700.0,4.0,3.5,3.5,15,5,2,0,Termination,2022,0,0,3.6,2.6,0.15,0.381,Medium,122700.0,1088,0.52
EMP00648,Marketing,Director,L2,Male,Hyderabad,MBA,28,3.0,81400.0,4.5,3.8,2.9,29,3,1,0,Termination,2016,25,6,4.0,3.9,0.18,0.375,Medium,41000.0,583,0.74
EMP00649,Product,VP,L2,Male,Hyderabad,PhD,28,2.3,88800.0,4.2,3.7,4.6,28,5,2,0,Transfer,2017,50,0,4.0,3.1,0.22,0.26,Low,153700.0,223,0.85
EMP00650,Sales,Director,L3,Male,Delhi,Diploma,45,0.5,79300.0,4.3,3.9,3.9,2,3,0,0,Termination,2018,75,6,4.1,3.9,0.14,0.345,Medium,132100.0,569,0.5
EMP00651,Operations,Individual Contributor,L2,Male,Mumbai,Diploma,28,8.0,117900.0,4.2,3.6,2.0,17,0,1,0,Retirement,2022,75,3,2.7,4.2,0.31,0.414,Medium,72000.0,1098,0.67
EMP00652,Engineering,Manager,L2,Female,Pune,PhD,31,12.8,22000.0,4.3,3.4,4.6,2,7,1,1,Resignation,2022,100,24,4.8,3.1,0.37,0.39,Medium,25200.0,675,0.76
EMP00653,Customer Success,Manager,L4,Female,Pune,Master's,22,1.3,74800.0,4.6,4.6,3.5,26,0,0,0,Transfer,2017,0,23,4.5,3.6,0.33,0.526,Medium,82800.0,532,0.41
EMP00654,Marketing,Analyst,L4,Male,Noida,MBA,23,8.4,80800.0,4.0,4.3,3.3,19,6,2,0,Retirement,2020,75,5,3.7,2.8,0.03,0.291,Low,113900.0,972,0.7
EMP00655,Engineering,Manager,L1,Male,Noida,MBA,35,13.8,60100.0,4.2,3.3,4.5,14,1,2,0,Retirement,2021,0,21,4.3,3.2,0.13,0.378,Medium,99900.0,189,0.53
EMP00656,Operations,Senior Analyst,L2,Female,Chennai,MBA,57,5.9,60700.0,3.2,3.5,2.4,15,7,0,0,Transfer,2016,75,16,3.0,3.6,0.07,0.481,Medium,75600.0,263,0.53
EMP00657,Engineering,Analyst,L2,Female,Delhi,Bachelor's,45,4.8,103500.0,3.9,3.6,3.5,23,4,2,0,Resignation,2021,50,11,4.7,4.3,0.39,0.379,Medium,147000.0,1043,0.6
EMP00658,Sales,Analyst,L4,Female,Noida,Bachelor's,39,0.5,52800.0,4.5,4.1,2.5,21,2,2,0,Transfer,2021,75,2,3.1,3.4,0.31,0.437,Medium,68500.0,1491,0.71
EMP00659,Marketing,Individual Contributor,L3,Female,Hyderabad,Bachelor's,28,1.6,33200.0,4.0,2.7,4.3,4,7,0,0,Retirement,2021,25,6,3.6,4.8,0.18,0.397,Medium,57400.0,1348,0.35
EMP00660,Product,Analyst,L2,Male,Mumbai,Bachelor's,47,4.1,58900.0,3.8,2.5,3.6,20,3,0,0,Termination,2020,100,21,4.0,4.5,0.03,0.557,Medium,89000.0,901,0.78
EMP00661,Operations,VP,L4,Female,Pune,Bachelor's,47,1.0,42900.0,3.7,2.3,4.0,30,8,0,0,Termination,2018,25,12,3.8,4.6,0.13,0.541,Medium,79500.0,699,0.52
EMP00662,Finance,Senior Analyst,L1,Male,Chennai,Bachelor's,40,0.2,100900.0,3.7,3.4,3.5,2,8,2,0,Resignation,2022,100,4,2.9,4.1,0.2,0.375,Medium,128300.0,409,0.57
EMP00663,Engineering,Individual Contributor,L3,Female,Noida,Bachelor's,30,5.9,42500.0,4.5,2.6,4.3,15,8,1,0,Termination,2021,0,13,3.3,2.8,0.19,0.414,Medium,41000.0,396,0.71
EMP00664,Engineering,Senior Manager,L4,Female,Mumbai,Bachelor's,49,2.6,48300.0,3.8,2.6,3.7,17,8,1,0,Termination,2020,50,11,4.1,4.9,0.08,0.472,Medium,78700.0,701,0.54
EMP00665,Engineering,Individual Contributor,L5,Male,Bangalore,Master's,47,2.1,166400.0,3.5,4.2,4.0,25,0,1,0,Termination,2019,25,3,4.5,4.3,0.0,0.273,Low,178400.0,833,0.62
EMP00666,Marketing,Individual Contributor,L2,Male,Bangalore,Bachelor's,54,1.0,53900.0,3.7,4.3,4.3,14,4,0,0,Retirement,2018,0,12,2.8,2.7,0.28,0.35,Medium,53500.0,1069,0.58
EMP00667,Engineering,Manager,L5,Female,Chennai,MBA,56,7.3,112700.0,3.8,4.4,4.2,8,3,1,1,Transfer,2015,0,24,3.6,1.8,0.15,0.471,Medium,218200.0,752,0.53
EMP00668,Marketing,Director,L4,Male,Bangalore,PhD,39,3.8,67900.0,3.4,3.1,4.1,23,4,1,0,Contract End,2023,100,11,2.6,4.1,0.01,0.437,Medium,88100.0,509,0.91
EMP00669,Operations,VP,L2,Female,Pune,Master's,38,3.0,92200.0,3.9,3.7,4.4,15,4,0,0,Transfer,2020,100,20,4.8,4.2,0.27,0.482,Medium,159200.0,323,0.49
EMP00670,Operations,VP,L1,Female,Pune,Bachelor's,49,0.1,34100.0,3.3,3.8,2.8,15,5,3,0,Contract End,2015,25,21,2.6,3.8,0.37,0.572,Medium,24700.0,103,0.25
EMP00671,Engineering,Analyst,L3,Male,Hyderabad,MBA,56,0.9,180400.0,4.6,3.9,2.4,2,5,3,0,Transfer,2015,50,16,4.4,3.4,0.28,0.512,Medium,313200.0,325,0.6
EMP00672,Product,Individual Contributor,L6,Male,Kolkata,MBA,53,2.2,104100.0,4.5,2.5,3.9,24,1,3,1,Contract End,2015,100,3,4.2,3.4,0.21,0.38,Medium,126700.0,340,0.79
EMP00673,Sales,Senior Analyst,L3,Male,Mumbai,Bachelor's,52,2.5,73600.0,3.7,4.4,4.5,15,8,1,0,Contract End,2015,75,11,4.2,3.1,0.02,0.286,Low,105900.0,935,0.46
EMP00674,Sales,VP,L6,Male,Pune,MBA,53,1.6,29700.0,3.7,3.5,3.9,2,1,0,0,Termination,2020,50,11,4.5,3.8,0.2,0.464,Medium,47100.0,101,0.68
EMP00675,Sales,Senior Analyst,L1,Male,Noida,Bachelor's,35,0.6,176100.0,5.0,2.8,3.4,24,2,1,0,Retirement,2015,0,7,4.8,3.4,0.15,0.46,Medium,197700.0,594,0.63
EMP00676,Sales,Manager,L5,Female,Delhi,Bachelor's,27,6.3,124500.0,4.0,4.1,3.3,27,8,1,0,Transfer,2023,50,4,4.6,4.4,0.28,0.299,Low,193500.0,276,0.42
EMP00677,HR,Analyst,L5,Male,Noida,MBA,43,12.0,73000.0,4.7,2.5,1.5,29,5,0,0,Retirement,2015,50,13,3.9,4.7,0.07,0.544,Medium,112600.0,1353,0.73
EMP00678,Product,Senior Manager,L6,Female,Kolkata,Master's,56,2.3,42900.0,3.6,3.4,3.8,2,4,1,0,Contract End,2019,100,9,4.0,3.6,0.13,0.448,Medium,74800.0,39,0.62
EMP00679,Sales,Manager,L1,Male,Noida,Master's,46,17.8,62900.0,4.8,2.9,4.0,3,2,2,0,Resignation,2017,25,2,4.8,3.6,0.25,0.238,Low,88700.0,765,0.48
EMP00680,Sales,Director,L3,Male,Pune,MBA,44,0.5,119200.0,3.8,4.2,4.7,13,5,1,0,Resignation,2022,50,2,3.4,3.4,0.21,0.265,Low,150900.0,803,0.57
EMP00681,Engineering,Director,L1,Male,Pune,PhD,40,1.0,33900.0,2.6,4.8,3.1,16,2,1,0,Resignation,2021,100,4,3.3,4.5,0.12,0.319,Low,62000.0,449,0.26
EMP00682,Finance,Individual Contributor,L3,Male,Kolkata,Bachelor's,57,4.6,97700.0,3.6,4.0,2.8,29,5,0,0,Transfer,2020,0,15,4.2,4.2,0.03,0.442,Medium,85800.0,1321,0.45
EMP00683,Sales,Manager,L2,Female,Chennai,MBA,24,11.9,65100.0,4.3,2.5,3.5,30,8,0,0,Termination,2015,50,4,4.1,4.7,0.37,0.405,Medium,66100.0,1269,0.71
EMP00684,Customer Success,Analyst,L6,Male,Pune,MBA,53,2.4,50200.0,3.7,3.5,3.6,12,7,2,0,Resignation,2023,75,18,2.7,3.5,0.26,0.503,Medium,95000.0,668,0.69
EMP00685,Operations,Director,L3,Female,Kolkata,MBA,49,4.2,79000.0,4.5,3.4,3.0,18,2,3,0,Termination,2022,100,16,3.8,4.8,0.38,0.538,Medium,54600.0,879,0.45
EMP00686,Product,Senior Manager,L1,Female,Pune,MBA,24,5.9,42900.0,4.3,4.5,4.2,10,4,2,0,Termination,2023,75,20,4.5,4.9,0.12,0.424,Medium,70900.0,561,0.71
EMP00687,Product,Director,L1,Female,Mumbai,Bachelor's,56,1.5,125300.0,4.6,2.8,3.7,21,4,1,1,Termination,2017,75,1,2.7,3.9,0.01,0.369,Medium,85000.0,668,0.8
EMP00688,Operations,Senior Manager,L3,Male,Kolkata,Master's,57,5.3,85500.0,3.9,1.9,2.7,14,3,3,0,Resignation,2019,50,2,3.2,3.4,0.04,0.474,Medium,154900.0,1498,0.64
EMP00689,Marketing,Senior Manager,L1,Male,Pune,MBA,43,8.8,42500.0,4.0,3.2,3.6,26,0,2,0,Retirement,2016,100,4,1.8,3.5,0.04,0.392,Medium,71200.0,1320,0.85
EMP00690,Engineering,Senior Manager,L1,Female,Bangalore,Bachelor's,40,8.1,27600.0,4.0,3.7,4.4,8,2,2,0,Transfer,2019,0,9,2.6,4.2,0.34,0.298,Low,47000.0,587,0.72
EMP00691,Finance,Senior Analyst,L3,Male,Chennai,Bachelor's,43,6.8,86100.0,2.6,2.0,3.8,5,7,2,1,Retirement,2020,100,7,3.5,2.9,0.19,0.399,Medium,118900.0,1106,0.48
EMP00692,Sales,Senior Analyst,L1,Male,Delhi,Bachelor's,49,9.3,65000.0,2.8,4.3,2.3,17,8,2,0,Retirement,2020,50,17,4.0,2.9,0.11,0.449,Medium,124400.0,415,0.28
EMP00693,Operations,Individual Contributor,L3,Male,Kolkata,Diploma,45,0.6,58000.0,3.8,3.9,2.0,23,2,3,0,Transfer,2022,25,19,2.7,3.6,0.22,0.586,Medium,49200.0,713,0.64
EMP00694,HR,Analyst,L2,Female,Delhi,Bachelor's,42,0.4,80000.0,4.0,2.6,2.6,25,3,0,1,Transfer,2019,0,12,4.0,4.0,0.03,0.599,Medium,48100.0,1351,0.79
EMP00695,Customer Success,Manager,L5,Female,Kolkata,Master's,43,7.6,52400.0,4.4,4.5,4.6,10,3,0,0,Transfer,2016,50,7,3.7,3.5,0.22,0.236,Low,28200.0,1060,0.55
EMP00696,Finance,Senior Manager,L3,Male,Mumbai,MBA,41,0.2,99900.0,3.6,2.7,3.3,30,2,2,0,Retirement,2020,100,1,3.7,3.5,0.2,0.385,Medium,162500.0,717,0.89
EMP00697,Customer Success,VP,L1,Female,Bangalore,Master's,26,20.0,30300.0,4.3,4.1,4.3,3,1,1,0,Transfer,2023,0,6,3.9,2.8,0.09,0.152,Low,31100.0,471,0.92
EMP00698,Product,VP,L3,Female,Chennai,Bachelor's,57,5.9,60900.0,3.6,4.0,2.7,0,6,3,0,Contract End,2022,50,3,4.2,2.4,0.33,0.332,Medium,101500.0,925,0.45
EMP00699,Product,Analyst,L4,Male,Delhi,PhD,28,1.3,73800.0,4.7,4.1,3.2,21,3,1,0,Termination,2021,75,23,4.8,3.3,0.34,0.518,Medium,96900.0,802,0.8
EMP00700,Engineering,Director,L1,Female,Hyderabad,Diploma,53,3.7,75600.0,3.6,4.1,3.5,14,0,1,0,Contract End,2017,50,17,2.9,3.8,0.4,0.459,Medium,46600.0,1166,0.73
EMP00701,Operations,Individual Contributor,L4,Male,Bangalore,Bachelor's,48,0.1,63200.0,3.5,4.0,2.2,1,4,3,0,Retirement,2017,50,13,4.3,4.5,0.16,0.462,Medium,62000.0,698,0.86
EMP00702,Engineering,Analyst,L4,Male,Chennai,Diploma,36,4.8,51900.0,2.1,3.8,4.8,3,2,0,0,Termination,2015,25,6,3.5,4.0,0.13,0.259,Low,88900.0,711,0.76
EMP00703,Marketing,Analyst,L2,Male,Hyderabad,Bachelor's,38,1.4,134700.0,4.0,3.9,4.3,18,5,0,0,Resignation,2018,100,5,3.7,2.5,0.33,0.379,Medium,219000.0,368,0.42
EMP00704,Sales,Senior Analyst,L5,Female,Bangalore,Master's,56,1.9,49100.0,4.2,3.7,4.6,22,2,1,0,Retirement,2016,50,23,3.2,2.7,0.38,0.511,Medium,77500.0,624,0.49
EMP00705,Operations,Manager,L3,Male,Pune,MBA,37,2.2,79500.0,3.2,3.1,2.5,4,2,2,0,Transfer,2016,50,18,4.1,4.0,0.21,0.606,Medium,86800.0,862,0.83
EMP00706,Sales,Individual Contributor,L4,Female,Delhi,Diploma,47,0.1,92600.0,3.4,3.7,4.2,20,5,1,1,Termination,2016,100,7,3.6,3.8,0.19,0.333,Medium,78600.0,1284,0.49
EMP00707,Engineering,Individual Contributor,L2,Female,Kolkata,Bachelor's,23,2.7,51700.0,4.3,4.1,2.3,9,6,3,0,Termination,2019,50,18,4.3,4.6,0.15,0.504,Medium,69500.0,345,0.83
EMP00708,Sales,Individual Contributor,L6,Male,Hyderabad,PhD,51,4.8,94500.0,3.6,4.6,3.4,7,1,1,0,Retirement,2023,100,20,1.7,3.9,0.08,0.385,Medium,175800.0,934,0.69
EMP00709,Engineering,VP,L2,Male,Delhi,Bachelor's,36,11.7,71000.0,2.1,2.5,3.5,3,8,1,0,Transfer,2021,100,4,2.3,4.0,0.14,0.411,Medium,90000.0,1321,0.76
EMP00710,Product,Individual Contributor,L4,Male,Bangalore,MBA,27,10.5,50500.0,4.5,4.9,3.6,18,4,2,0,Contract End,2017,75,23,3.4,4.4,0.13,0.413,Medium,79100.0,1232,0.74
EMP00711,Finance,Senior Analyst,L3,Male,Pune,Diploma,39,0.5,100700.0,4.2,3.8,4.9,0,2,0,0,Resignation,2023,75,2,4.5,1.8,0.17,0.269,Low,97500.0,337,0.76
EMP00712,Engineering,Senior Manager,L3,Female,Hyderabad,Master's,27,2.0,78400.0,4.8,4.1,2.5,21,8,0,0,Transfer,2016,100,19,4.2,3.5,0.25,0.562,Medium,53000.0,950,0.56
EMP00713,Customer Success,Senior Analyst,L6,Male,Kolkata,Master's,28,1.1,89200.0,4.0,4.2,3.7,14,4,2,0,Contract End,2015,50,7,3.3,4.6,0.18,0.366,Medium,95200.0,1113,0.93
EMP00714,Marketing,Senior Analyst,L6,Female,Pune,Master's,57,0.7,149400.0,2.2,3.2,3.7,25,6,2,0,Retirement,2021,50,22,4.7,3.9,0.22,0.589,Medium,99900.0,350,0.85
EMP00715,Product,Manager,L5,Male,Chennai,Master's,35,4.2,59200.0,3.4,3.3,2.9,24,3,3,0,Retirement,2022,50,20,2.4,4.1,0.02,0.584,Medium,113900.0,210,0.31
EMP00716,Operations,Individual Contributor,L1,Female,Noida,Bachelor's,35,2.0,79400.0,4.1,3.2,4.4,12,5,1,0,Transfer,2021,100,6,2.9,2.5,0.28,0.338,Medium,78100.0,231,0.56
EMP00717,Engineering,Manager,L3,Female,Chennai,Bachelor's,37,0.3,93800.0,3.2,2.4,4.0,7,5,2,0,Termination,2015,75,6,2.6,3.0,0.04,0.494,Medium,162300.0,922,0.68
EMP00718,Product,VP,L3,Male,Kolkata,MBA,43,7.6,146200.0,2.3,2.9,4.3,11,4,2,0,Termination,2015,100,18,4.6,3.5,0.02,0.431,Medium,109200.0,362,0.39
EMP00719,Customer Success,Individual Contributor,L3,Female,Pune,Bachelor's,50,4.7,27700.0,3.1,2.3,4.5,7,4,0,0,Contract End,2020,0,23,3.5,3.8,0.38,0.546,Medium,49400.0,1226,0.65
EMP00720,Product,Senior Manager,L5,Female,Delhi,Bachelor's,33,0.2,73200.0,3.7,3.9,2.7,30,7,1,0,Transfer,2016,50,18,3.2,2.0,0.11,0.541,Medium,137400.0,738,0.7
EMP00721,HR,Senior Analyst,L3,Female,Chennai,Master's,22,5.4,87300.0,4.0,4.7,4.7,10,8,3,1,Retirement,2020,100,0,2.8,4.3,0.39,0.235,Low,173200.0,726,0.57
EMP00722,Engineering,Senior Manager,L1,Non-Binary,Noida,Master's,37,2.3,107100.0,4.5,3.5,3.2,16,4,0,0,Contract End,2021,50,0,2.6,4.5,0.31,0.325,Low,189700.0,636,0.85
EMP00723,Marketing,Director,L4,Female,Pune,Bachelor's,53,6.2,140600.0,3.0,3.2,3.6,26,6,2,0,Retirement,2015,100,1,4.4,3.0,0.18,0.358,Medium,72800.0,457,0.81
EMP00724,Finance,Senior Analyst,L4,Male,Mumbai,MBA,56,1.8,75100.0,3.2,2.1,3.7,16,8,3,0,Contract End,2017,25,9,3.6,3.8,0.08,0.47,Medium,126000.0,1217,0.53
EMP00725,Engineering,Senior Manager,L3,Non-Binary,Delhi,Bachelor's,25,1.9,64700.0,4.5,3.7,2.4,7,3,3,0,Retirement,2018,25,21,4.0,3.6,0.16,0.534,Medium,65100.0,1289,0.64
EMP00726,Product,Analyst,L3,Female,Bangalore,MBA,41,0.3,98800.0,4.0,3.1,3.9,5,7,2,0,Retirement,2022,75,10,3.3,3.2,0.36,0.447,Medium,86200.0,1153,0.65
EMP00727,Marketing,Manager,L1,Non-Binary,Kolkata,Master's,44,5.7,125900.0,4.6,2.9,2.2,15,4,3,0,Contract End,2016,50,11,3.3,3.0,0.32,0.488,Medium,181500.0,727,0.61
EMP00728,Marketing,Individual Contributor,L4,Female,Delhi,Bachelor's,54,1.4,38100.0,2.8,2.3,3.4,7,2,2,1,Transfer,2023,100,12,4.8,3.5,0.32,0.507,Medium,72800.0,731,0.41
EMP00729,Engineering,Senior Analyst,L1,Male,Mumbai,Bachelor's,42,5.2,109100.0,4.6,3.2,4.3,7,8,3,0,Resignation,2016,100,11,3.4,4.5,0.17,0.41,Medium,99300.0,1368,0.72
EMP00730,Sales,Manager,L2,Female,Hyderabad,Master's,44,1.4,46900.0,3.0,2.9,3.6,1,6,3,0,Termination,2017,50,18,3.6,3.9,0.21,0.575,Medium,77800.0,674,0.74
EMP00731,Customer Success,VP,L4,Female,Mumbai,Master's,48,3.6,49800.0,4.1,4.7,3.0,2,2,1,0,Retirement,2020,75,5,3.0,3.1,0.02,0.306,Low,91800.0,1012,0.69
EMP00732,Product,Manager,L5,Male,Mumbai,MBA,28,0.4,39100.0,4.4,4.2,2.7,6,8,1,0,Resignation,2017,50,11,3.2,2.9,0.39,0.5,Medium,46000.0,162,0.38
EMP00733,Operations,Senior Analyst,L3,Female,Pune,Bachelor's,34,5.1,80300.0,4.5,3.6,2.8,1,8,2,0,Contract End,2018,75,5,3.6,4.4,0.03,0.438,Medium,43100.0,235,0.79
EMP00734,Engineering,Manager,L3,Female,Mumbai,Master's,40,14.1,57500.0,2.9,4.3,4.3,27,7,0,0,Transfer,2016,25,16,3.7,3.1,0.25,0.256,Low,28800.0,959,0.51
EMP00735,Sales,Manager,L4,Female,Hyderabad,Bachelor's,24,2.2,96400.0,2.8,2.5,3.3,5,1,3,0,Retirement,2020,100,7,3.8,3.7,0.15,0.517,Medium,73300.0,468,0.79
EMP00736,Sales,Director,L1,Male,Noida,MBA,38,0.1,49200.0,4.7,3.2,3.2,18,6,0,0,Contract End,2015,0,12,3.0,2.2,0.27,0.451,Medium,97300.0,81,0.54
EMP00737,Marketing,Individual Contributor,L5,Female,Hyderabad,MBA,41,0.5,75200.0,4.7,2.6,1.8,21,2,1,0,Termination,2016,0,14,4.6,1.7,0.31,0.578,Medium,144600.0,332,0.82
EMP00738,HR,Senior Analyst,L4,Female,Mumbai,Bachelor's,47,0.3,62600.0,3.9,3.3,4.6,12,3,1,1,Retirement,2023,100,9,4.5,3.6,0.02,0.441,Medium,120600.0,137,0.74
EMP00739,Operations,Senior Manager,L3,Male,Hyderabad,Bachelor's,25,7.6,108300.0,4.0,3.7,3.5,12,0,3,0,Termination,2019,25,3,4.2,2.9,0.25,0.339,Medium,137000.0,648,0.71
EMP00740,HR,Director,L4,Male,Mumbai,Master's,27,1.1,100200.0,2.4,2.0,2.8,6,6,3,0,Contract End,2022,0,14,4.6,3.9,0.25,0.609,Medium,188700.0,719,0.48
EMP00741,Operations,Manager,L4,Male,Noida,Diploma,44,2.5,85500.0,4.1,4.3,2.5,22,6,0,0,Contract End,2019,0,0,4.0,4.6,0.07,0.39,Medium,144500.0,160,0.72
EMP00742,Operations,Individual Contributor,L3,Male,Delhi,MBA,41,0.3,49000.0,4.9,3.4,3.5,25,5,2,0,Termination,2020,50,3,3.9,4.4,0.25,0.426,Medium,53800.0,311,0.6
EMP00743,Product,VP,L5,Female,Noida,MBA,30,7.7,75500.0,4.0,2.9,3.2,20,5,3,0,Contract End,2022,50,14,4.4,4.2,0.09,0.518,Medium,107400.0,1260,0.74
EMP00744,Operations,Analyst,L1,Male,Bangalore,Master's,41,0.1,73900.0,4.2,3.9,2.0,31,8,1,1,Resignation,2017,50,19,4.1,4.0,0.3,0.552,Medium,88200.0,1471,0.9
EMP00745,Sales,Manager,L3,Male,Bangalore,Bachelor's,30,2.0,91500.0,4.7,2.9,3.9,29,3,2,1,Transfer,2023,50,6,4.8,4.9,0.03,0.376,Medium,145700.0,702,0.92
EMP00746,Product,Individual Contributor,L3,Male,Mumbai,Bachelor's,51,8.8,48600.0,3.5,4.1,3.5,7,8,0,0,Transfer,2023,25,20,2.7,3.1,0.24,0.395,Medium,78900.0,858,0.6
EMP00747,Engineering,Senior Analyst,L3,Female,Mumbai,Bachelor's,39,7.5,52700.0,4.4,3.4,2.2,18,3,1,0,Resignation,2018,50,24,3.6,3.7,0.15,0.564,Medium,46400.0,717,0.38
EMP00748,Operations,Manager,L3,Male,Delhi,Diploma,54,0.3,111500.0,4.8,4.2,3.6,23,4,2,1,Transfer,2020,25,0,2.4,4.2,0.17,0.329,Low,104900.0,1438,0.65
EMP00749,Finance,VP,L2,Female,Chennai,MBA,53,4.5,58000.0,4.8,2.1,4.5,0,2,1,0,Retirement,2023,25,22,3.0,4.7,0.29,0.531,Medium,53100.0,674,0.41
EMP00750,Engineering,Senior Analyst,L5,Male,Noida,Bachelor's,24,0.4,63700.0,3.1,4.3,4.2,10,8,2,1,Termination,2021,100,0,4.8,4.0,0.38,0.316,Low,60400.0,339,0.54
EMP00751,Marketing,Analyst,L2,Female,Kolkata,Bachelor's,53,1.0,65400.0,3.1,3.3,2.4,28,8,0,0,Resignation,2022,25,24,4.8,3.8,0.34,0.653,Medium,81000.0,826,0.8
EMP00752,Engineering,Director,L3,Male,Kolkata,MBA,41,0.1,60400.0,3.4,4.9,3.7,12,2,0,0,Termination,2020,100,22,4.5,3.1,0.12,0.467,Medium,75900.0,1401,0.47
EMP00753,Sales,Senior Analyst,L2,Female,Mumbai,Bachelor's,38,8.8,61400.0,3.6,3.5,3.0,29,1,3,0,Contract End,2019,100,24,4.2,2.4,0.19,0.557,Medium,48100.0,782,0.84
EMP00754,Marketing,Director,L5,Male,Bangalore,Bachelor's,30,0.3,138200.0,3.8,3.9,4.0,22,2,0,0,Retirement,2015,50,1,4.1,4.0,0.05,0.347,Medium,200300.0,157,0.74
EMP00755,Finance,Manager,L2,Male,Noida,PhD,43,9.3,105900.0,4.0,2.4,2.2,4,2,2,0,Resignation,2021,75,9,4.0,2.9,0.32,0.542,Medium,112400.0,1074,0.65
EMP00756,Engineering,Manager,L4,Female,Bangalore,Master's,44,2.6,90900.0,4.4,3.4,2.8,10,5,1,0,Resignation,2016,0,24,2.3,3.6,0.4,0.607,Medium,83400.0,612,0.77
EMP00757,Engineering,Director,L4,Male,Noida,Bachelor's,31,1.9,73500.0,3.6,3.4,4.1,14,5,3,0,Transfer,2017,75,22,3.1,2.8,0.37,0.537,Medium,101800.0,835,0.75
EMP00758,Marketing,Senior Analyst,L2,Male,Mumbai,Bachelor's,40,13.9,72100.0,4.3,4.4,3.9,23,4,0,0,Resignation,2020,50,8,3.0,4.0,0.25,0.292,Low,66200.0,1190,0.82
EMP00759,Operations,Director,L4,Female,Pune,Master's,39,0.7,72400.0,4.6,4.2,3.2,16,1,2,0,Resignation,2018,50,23,3.9,3.1,0.17,0.534,Medium,114100.0,1342,0.52
EMP00760,Operations,Director,L1,Male,Mumbai,MBA,57,0.1,152300.0,2.8,3.9,4.0,23,3,1,0,Retirement,2019,50,0,4.6,4.7,0.37,0.325,Low,271300.0,395,0.78
EMP00761,Sales,Director,L4,Female,Hyderabad,MBA,35,0.9,72000.0,4.2,4.6,3.0,11,6,1,0,Contract End,2016,50,9,4.1,3.0,0.31,0.36,Medium,75000.0,1462,0.56
EMP00762,Marketing,Analyst,L3,Female,Pune,Bachelor's,28,4.1,58800.0,3.4,4.1,3.6,25,6,2,0,Contract End,2015,75,12,4.1,2.9,0.24,0.375,Medium,87900.0,544,0.92
EMP00763,HR,Director,L1,Female,Chennai,MBA,25,3.3,43000.0,4.2,2.9,2.8,15,4,3,1,Contract End,2020,75,14,2.5,3.3,0.24,0.478,Medium,22800.0,76,0.83
EMP00764,Operations,Senior Manager,L3,Male,Hyderabad,Bachelor's,44,1.0,41900.0,3.5,3.0,4.1,15,1,0,1,Transfer,2020,100,1,3.4,3.9,0.16,0.34,Medium,44700.0,883,0.49
EMP00765,Sales,VP,L6,Male,Delhi,Bachelor's,52,3.1,161500.0,4.1,3.6,3.6,12,3,1,0,Termination,2016,25,0,4.3,3.7,0.05,0.365,Medium,295300.0,117,0.67
EMP00766,Operations,Senior Manager,L3,Male,Hyderabad,MBA,39,7.3,48900.0,3.9,4.1,2.8,0,1,0,1,Retirement,2016,50,21,3.5,3.8,0.27,0.495,Medium,41500.0,1186,0.6
EMP00767,Product,Senior Analyst,L2,Female,Noida,Bachelor's,48,8.1,105500.0,3.8,4.6,2.2,7,3,1,0,Retirement,2021,0,10,3.9,3.9,0.16,0.414,Medium,164300.0,499,0.55
EMP00768,Engineering,Director,L4,Male,Bangalore,Master's,38,3.3,37300.0,3.2,4.1,3.0,9,2,3,0,Contract End,2023,100,13,4.8,3.5,0.07,0.399,Medium,57500.0,1176,0.66
EMP00769,Product,VP,L3,Male,Delhi,MBA,57,7.4,45000.0,3.7,4.3,4.1,8,4,0,0,Retirement,2015,50,9,1.5,3.4,0.09,0.345,Medium,86100.0,713,0.68
EMP00770,HR,Senior Manager,L1,Male,Delhi,Bachelor's,34,4.9,40700.0,3.8,4.7,4.3,29,1,2,0,Termination,2018,100,2,2.2,3.3,0.03,0.275,Low,42100.0,883,0.46
EMP00771,Operations,VP,L5,Male,Pune,Master's,38,2.0,108100.0,4.5,4.2,3.5,19,2,3,1,Transfer,2018,0,8,4.3,3.4,0.34,0.39,Medium,212800.0,1388,0.42
EMP00772,Sales,Individual Contributor,L3,Male,Delhi,Diploma,46,0.5,104700.0,3.5,3.4,4.3,5,4,0,0,Contract End,2020,0,16,3.6,4.1,0.17,0.49,Medium,126000.0,93,0.3
EMP00773,Finance,Individual Contributor,L4,Male,Kolkata,Bachelor's,31,1.3,102500.0,4.3,3.1,3.7,30,0,3,0,Transfer,2016,100,12,3.2,3.8,0.07,0.421,Medium,58900.0,604,0.43
EMP00774,Engineering,Director,L3,Male,Hyderabad,Bachelor's,43,0.1,33400.0,3.7,3.6,3.8,27,8,3,0,Resignation,2016,50,14,4.0,3.7,0.38,0.45,Medium,56900.0,25,0.43
EMP00775,Sales,Manager,L4,Female,Mumbai,PhD,28,6.5,77300.0,3.8,3.3,3.5,16,7,1,0,Contract End,2023,100,13,3.6,2.9,0.4,0.415,Medium,121700.0,234,0.91
EMP00776,Sales,Individual Contributor,L3,Female,Chennai,MBA,24,3.4,185900.0,4.8,4.1,4.3,30,7,0,0,Contract End,2016,75,13,4.8,3.7,0.32,0.403,Medium,261900.0,671,0.83
EMP00777,Sales,Individual Contributor,L3,Female,Mumbai,MBA,29,12.6,110900.0,4.4,3.6,4.7,10,3,2,0,Termination,2020,100,18,3.2,3.3,0.36,0.351,Medium,112700.0,767,0.71
EMP00778,Engineering,Manager,L3,Female,Pune,Master's,53,0.7,91900.0,3.9,2.6,3.8,19,8,3,0,Termination,2018,75,5,3.9,3.3,0.35,0.413,Medium,137300.0,909,0.65
EMP00779,Finance,Individual Contributor,L5,Female,Kolkata,Bachelor's,56,3.2,105600.0,3.8,4.5,3.9,24,5,0,1,Transfer,2023,75,13,3.5,3.9,0.07,0.372,Medium,102700.0,1407,0.51
EMP00780,Finance,Senior Analyst,L2,Female,Delhi,Bachelor's,49,3.8,97800.0,4.1,4.0,3.4,22,2,1,0,Retirement,2021,75,7,3.8,2.9,0.06,0.344,Medium,71900.0,1435,0.52
EMP00781,Finance,Senior Analyst,L2,Male,Chennai,Bachelor's,30,1.5,97700.0,3.6,4.2,2.6,6,2,3,0,Retirement,2019,75,14,3.3,4.7,0.24,0.509,Medium,169200.0,1183,0.76
EMP00782,HR,Manager,L4,Male,Hyderabad,MBA,32,3.5,124800.0,3.0,3.1,3.5,30,7,1,0,Resignation,2018,0,20,4.2,3.6,0.29,0.541,Medium,115700.0,847,0.79
EMP00783,Sales,Senior Analyst,L1,Male,Kolkata,Diploma,25,20.0,94800.0,4.5,4.6,3.4,12,2,1,1,Retirement,2016,50,18,4.3,2.5,0.01,0.352,Medium,104500.0,1369,0.74
EMP00784,Operations,Director,L3,Female,Delhi,MBA,53,13.0,60400.0,4.0,2.8,3.3,5,7,2,0,Contract End,2017,50,3,4.2,3.5,0.07,0.357,Medium,116100.0,604,0.86
EMP00785,Marketing,VP,L2,Male,Noida,MBA,41,3.7,88000.0,4.6,3.5,2.1,17,1,0,0,Contract End,2022,50,10,4.2,3.0,0.36,0.468,Medium,91700.0,528,0.79
EMP00786,Operations,Senior Manager,L3,Male,Chennai,Bachelor's,44,9.6,102600.0,3.6,3.0,4.6,25,0,0,0,Termination,2018,50,18,4.1,3.8,0.11,0.413,Medium,124500.0,714,0.64
EMP00787,Sales,Director,L1,Female,Bangalore,Diploma,50,4.8,141400.0,3.9,4.2,4.0,22,4,3,0,Retirement,2023,100,7,3.0,4.6,0.08,0.316,Low,246500.0,376,0.62
EMP00788,HR,VP,L4,Female,Noida,MBA,38,0.8,93500.0,4.0,3.4,4.3,1,4,1,1,Termination,2018,50,0,4.8,3.2,0.23,0.286,Low,160200.0,1072,0.58
EMP00789,Engineering,Analyst,L3,Male,Kolkata,Master's,22,1.4,52800.0,2.9,4.5,4.2,9,8,2,0,Transfer,2021,75,13,4.1,3.4,0.16,0.392,Medium,105400.0,248,0.42
EMP00790,Engineering,Manager,L2,Female,Chennai,Bachelor's,32,0.2,49700.0,4.9,3.9,4.2,16,6,1,0,Contract End,2019,75,21,4.2,4.1,0.37,0.522,Medium,30200.0,296,0.81
EMP00791,Customer Success,Director,L2,Male,Noida,Bachelor's,28,1.4,103700.0,3.3,2.9,4.0,26,5,3,0,Resignation,2019,100,20,2.7,2.5,0.3,0.548,Medium,103000.0,1463,0.67
EMP00792,Sales,Individual Contributor,L3,Male,Noida,MBA,37,1.5,52200.0,4.4,2.1,2.3,8,6,0,1,Transfer,2018,100,21,4.0,3.6,0.24,0.667,High,101300.0,408,0.94
EMP00793,Engineering,VP,L2,Male,Chennai,Bachelor's,25,5.1,60800.0,4.1,4.9,4.3,19,2,2,0,Termination,2018,100,24,3.4,4.2,0.39,0.431,Medium,90900.0,97,0.48
EMP00794,Marketing,VP,L2,Male,Delhi,Master's,49,2.5,70200.0,4.9,4.2,2.6,6,7,2,1,Resignation,2020,50,24,3.8,3.3,0.05,0.518,Medium,128900.0,1456,0.34
EMP00795,Customer Success,Manager,L4,Male,Noida,Master's,40,0.8,93000.0,2.4,3.9,4.2,28,2,0,0,Resignation,2015,75,11,3.4,2.8,0.23,0.354,Medium,101400.0,1205,0.51
EMP00796,Operations,Manager,L3,Male,Chennai,Master's,38,0.4,64800.0,3.8,2.6,3.5,12,8,2,0,Resignation,2020,100,20,3.2,3.6,0.3,0.604,Medium,99900.0,535,0.79
EMP00797,Customer Success,Individual Contributor,L2,Male,Pune,Bachelor's,33,12.5,48500.0,4.8,4.8,2.5,27,1,3,0,Termination,2021,0,3,3.0,4.4,0.17,0.305,Low,49000.0,689,0.56
EMP00798,Customer Success,Individual Contributor,L4,Male,Hyderabad,MBA,28,5.5,39200.0,4.1,4.4,4.6,14,3,0,0,Contract End,2023,75,22,4.2,4.4,0.06,0.416,Medium,41700.0,1211,0.72
EMP00799,Sales,Analyst,L3,Male,Bangalore,Diploma,28,2.1,159400.0,3.9,3.2,4.0,20,1,1,0,Transfer,2020,100,4,3.6,3.0,0.19,0.394,Medium,219700.0,204,0.9
EMP00800,Product,Individual Contributor,L3,Male,Hyderabad,Master's,28,2.6,82000.0,3.9,3.4,2.1,27,3,1,1,Transfer,2021,25,6,3.9,4.1,0.1,0.516,Medium,49200.0,1213,0.72
EMP00801,Engineering,Individual Contributor,L2,Male,Mumbai,MBA,38,7.4,95500.0,4.2,3.8,3.4,25,0,0,1,Resignation,2023,50,21,4.5,2.8,0.1,0.454,Medium,136500.0,955,0.62
EMP00802,Product,Senior Manager,L2,Female,Chennai,MBA,38,0.1,117700.0,3.7,4.7,2.5,23,1,2,1,Contract End,2020,100,0,2.3,3.6,0.03,0.353,Medium,119200.0,807,0.94
EMP00803,Finance,Senior Analyst,L4,Female,Mumbai,Bachelor's,27,0.4,54400.0,4.5,2.8,3.3,15,0,1,0,Resignation,2015,0,23,3.6,3.8,0.24,0.639,Medium,67400.0,1129,0.52
EMP00804,Customer Success,Manager,L3,Female,Noida,Master's,35,1.2,62500.0,3.4,4.4,2.0,25,6,0,1,Retirement,2017,100,10,4.0,4.3,0.27,0.468,Medium,50600.0,1310,0.84
EMP00805,Engineering,Individual Contributor,L5,Female,Mumbai,Master's,28,1.0,64900.0,4.3,3.4,4.2,23,8,0,0,Termination,2023,50,3,3.0,4.6,0.05,0.305,Low,40500.0,670,0.76
EMP00806,Operations,Manager,L5,Female,Kolkata,PhD,43,2.2,71100.0,4.1,4.5,3.9,10,5,3,1,Contract End,2015,100,10,3.9,3.0,0.3,0.363,Medium,36300.0,1394,0.7
EMP00807,Operations,Senior Manager,L3,Male,Pune,Bachelor's,29,2.4,104700.0,4.2,4.3,4.7,16,1,3,0,Retirement,2015,50,14,3.7,3.1,0.33,0.323,Low,68500.0,724,0.73
EMP00808,Finance,VP,L1,Male,Noida,PhD,28,2.6,79300.0,3.6,4.5,4.6,5,5,1,0,Termination,2018,100,14,4.3,3.4,0.24,0.332,Medium,151500.0,48,0.51
EMP00809,Engineering,Senior Analyst,L4,Male,Delhi,Bachelor's,56,5.3,53500.0,2.9,3.6,2.1,20,1,2,0,Retirement,2019,50,11,4.6,4.6,0.23,0.526,Medium,87000.0,314,0.44
EMP00810,Engineering,Individual Contributor,L1,Male,Chennai,Master's,50,2.7,62100.0,4.5,4.1,2.9,16,0,3,0,Retirement,2017,100,10,3.9,2.6,0.15,0.416,Medium,65800.0,1289,0.6
EMP00811,HR,Senior Manager,L1,Male,Kolkata,PhD,52,1.9,185900.0,3.9,2.4,4.8,17,8,3,1,Termination,2018,50,12,2.2,2.9,0.2,0.461,Medium,309200.0,1208,0.51
EMP00812,Finance,Individual Contributor,L1,Male,Noida,Master's,56,1.5,69100.0,4.5,4.5,4.1,27,6,0,1,Contract End,2020,100,24,3.5,3.5,0.1,0.467,Medium,89000.0,1191,0.9
EMP00813,Sales,Manager,L3,Male,Kolkata,Master's,51,4.6,101600.0,3.7,2.9,4.0,14,5,1,0,Termination,2015,100,15,2.7,4.7,0.08,0.442,Medium,167500.0,772,0.53
EMP00814,Sales,Director,L3,Male,Mumbai,Master's,28,0.9,51600.0,3.5,3.3,3.7,26,8,0,0,Retirement,2022,0,3,4.6,3.8,0.1,0.337,Medium,80400.0,242,0.83
EMP00815,Engineering,VP,L5,Male,Delhi,Bachelor's,37,5.6,57600.0,4.6,2.9,4.7,16,5,1,0,Transfer,2018,50,24,4.9,4.4,0.03,0.469,Medium,90600.0,1204,0.95
EMP00816,Customer Success,Manager,L1,Male,Hyderabad,MBA,23,7.9,78200.0,4.6,4.2,2.4,13,0,2,0,Termination,2021,50,13,4.3,3.1,0.16,0.438,Medium,103700.0,40,0.43
EMP00817,Operations,Analyst,L4,Male,Noida,Bachelor's,27,0.1,34100.0,4.1,1.9,4.7,20,2,1,1,Transfer,2019,100,4,2.5,3.6,0.0,0.479,Medium,28300.0,602,0.36
EMP00818,Customer Success,Director,L4,Male,Noida,Master's,33,1.4,46200.0,3.7,4.4,4.7,23,7,0,0,Transfer,2018,50,13,2.3,3.7,0.33,0.363,Medium,36500.0,596,0.45
EMP00819,Operations,Individual Contributor,L2,Male,Chennai,Master's,24,3.4,106500.0,4.5,3.2,4.2,11,7,3,0,Retirement,2020,100,16,3.5,2.2,0.3,0.423,Medium,116300.0,242,0.68
EMP00820,Sales,Individual Contributor,L2,Male,Noida,MBA,31,5.8,104700.0,3.4,4.4,2.6,28,4,3,1,Contract End,2023,0,1,2.5,4.3,0.32,0.346,Medium,95400.0,366,0.34
EMP00821,Operations,Director,L5,Female,Noida,PhD,30,7.2,62300.0,4.2,2.5,4.6,10,2,0,0,Retirement,2015,50,6,3.1,3.3,0.25,0.356,Medium,73200.0,448,0.69
EMP00822,Engineering,Director,L4,Female,Pune,Bachelor's,45,20.0,127700.0,3.0,4.6,4.6,31,0,1,1,Transfer,2017,0,23,3.7,1.6,0.15,0.274,Low,83100.0,669,0.42
EMP00823,Finance,Senior Manager,L3,Female,Pune,Master's,55,4.0,61300.0,3.7,3.1,2.5,25,1,0,0,Resignation,2020,0,17,4.2,3.7,0.12,0.539,Medium,50400.0,300,0.73
EMP00824,Product,Individual Contributor,L2,Female,Hyderabad,Master's,42,1.5,64200.0,2.4,2.9,3.5,0,4,0,0,Contract End,2019,75,15,4.7,3.2,0.03,0.545,Medium,57800.0,726,0.83
EMP00825,Sales,Manager,L2,Female,Pune,Bachelor's,42,3.7,66600.0,4.0,3.4,3.3,30,4,2,0,Termination,2018,0,2,3.0,3.5,0.09,0.361,Medium,117000.0,959,0.64
EMP00826,Operations,Manager,L3,Male,Mumbai,PhD,57,5.5,74200.0,4.6,4.4,4.1,4,0,0,1,Contract End,2022,50,17,2.9,4.3,0.27,0.419,Medium,64600.0,974,0.6
EMP00827,Sales,Analyst,L2,Female,Pune,Master's,55,0.5,113000.0,4.3,2.9,3.2,16,3,2,1,Transfer,2017,50,18,3.2,3.5,0.02,0.542,Medium,143100.0,279,0.62
EMP00828,Operations,Individual Contributor,L1,Male,Kolkata,Master's,34,2.4,42100.0,4.6,3.3,2.8,5,7,1,0,Retirement,2023,50,16,4.2,2.6,0.13,0.502,Medium,49200.0,217,0.83
EMP00829,Marketing,VP,L4,Female,Kolkata,Diploma,22,4.0,62000.0,3.4,3.5,2.2,25,8,0,0,Contract End,2022,50,8,3.2,3.5,0.21,0.504,Medium,45400.0,1399,0.66
EMP00830,Product,VP,L4,Male,Mumbai,MBA,45,0.5,101400.0,4.4,3.8,4.2,10,0,3,0,Transfer,2016,50,0,4.7,4.1,0.36,0.321,Low,101600.0,986,0.75
EMP00831,Product,Director,L2,Female,Pune,Diploma,48,2.2,72000.0,4.3,3.6,2.6,22,8,0,0,Resignation,2022,75,11,3.8,3.9,0.36,0.523,Medium,110900.0,492,0.59
EMP00832,Engineering,Director,L3,Female,Bangalore,MBA,23,0.1,87700.0,4.4,3.4,4.4,14,3,2,1,Retirement,2023,50,13,3.9,4.2,0.14,0.435,Medium,110500.0,960,0.75
EMP00833,Marketing,Individual Contributor,L4,Female,Kolkata,MBA,45,9.3,95300.0,3.4,2.4,4.6,12,7,3,0,Contract End,2016,50,6,3.7,3.9,0.06,0.346,Medium,169700.0,792,0.6
EMP00834,Operations,Analyst,L3,Female,Chennai,Bachelor's,32,0.6,38900.0,3.6,2.9,3.2,15,3,3,0,Transfer,2018,50,19,3.4,4.7,0.09,0.599,Medium,73300.0,1064,0.75
EMP00835,Product,Senior Manager,L1,Female,Chennai,Bachelor's,43,0.4,113200.0,4.4,3.7,2.5,17,0,2,0,Termination,2019,50,13,4.2,4.3,0.02,0.522,Medium,183600.0,851,0.61
EMP00836,Sales,Individual Contributor,L2,Female,Noida,Bachelor's,54,0.5,203500.0,4.2,2.5,4.2,16,6,1,0,Termination,2018,25,1,2.6,1.5,0.35,0.43,Medium,363600.0,135,0.65
EMP00837,Customer Success,Director,L6,Male,Kolkata,MBA,23,1.1,85000.0,4.1,2.9,4.5,18,5,1,0,Contract End,2015,75,3,3.5,3.2,0.03,0.334,Medium,78100.0,915,0.65
EMP00838,Sales,Individual Contributor,L4,Female,Noida,Master's,30,1.3,55500.0,2.6,4.6,3.8,3,6,1,0,Resignation,2018,75,3,4.7,4.1,0.26,0.349,Medium,93100.0,707,0.69
EMP00839,Customer Success,Manager,L2,Male,Delhi,Diploma,31,3.3,71700.0,2.5,3.0,3.5,28,0,2,0,Transfer,2021,75,13,3.6,4.2,0.35,0.519,Medium,128200.0,488,0.8
EMP00840,Operations,Director,L2,Female,Bangalore,Bachelor's,39,6.0,169600.0,3.4,4.4,4.1,11,3,1,1,Termination,2018,50,1,4.4,3.4,0.25,0.22,Low,257800.0,588,0.43
EMP00841,Sales,Director,L4,Male,Chennai,MBA,44,2.7,67400.0,4.3,4.1,4.5,22,3,1,0,Transfer,2022,25,9,3.9,3.0,0.25,0.285,Low,102600.0,247,0.53
EMP00842,Finance,Analyst,L2,Male,Noida,PhD,45,1.1,41200.0,3.8,2.8,2.9,22,3,1,0,Contract End,2017,50,6,4.6,4.4,0.04,0.512,Medium,21700.0,1206,0.42
EMP00843,Engineering,Director,L4,Female,Chennai,MBA,25,1.8,37300.0,4.1,4.8,4.1,11,5,1,0,Retirement,2016,50,0,4.2,4.0,0.04,0.28,Low,60200.0,418,0.66
EMP00844,Sales,Director,L2,Female,Mumbai,Bachelor's,43,1.2,43500.0,4.5,4.0,3.2,29,4,2,0,Transfer,2020,100,24,2.7,4.1,0.27,0.523,Medium,82500.0,388,0.66
EMP00845,HR,Analyst,L1,Female,Pune,Bachelor's,27,0.3,87200.0,4.4,4.3,1.8,2,5,1,0,Contract End,2017,75,3,3.4,2.7,0.1,0.462,Medium,170900.0,447,0.73
EMP00846,Product,Senior Manager,L3,Female,Mumbai,Bachelor's,47,5.4,117100.0,3.7,3.3,3.1,0,7,0,1,Resignation,2018,50,12,2.3,3.6,0.19,0.476,Medium,150400.0,1001,0.43
EMP00847,Engineering,Individual Contributor,L4,Non-Binary,Noida,Master's,29,2.3,51500.0,4.3,3.4,4.2,27,3,3,0,Termination,2015,75,1,4.7,3.4,0.09,0.337,Medium,26600.0,995,0.67
EMP00848,Engineering,Director,L1,Female,Chennai,MBA,34,5.0,77700.0,2.8,4.7,1.6,23,2,2,0,Termination,2018,100,20,4.8,4.5,0.32,0.53,Medium,132300.0,686,0.35
EMP00849,Engineering,VP,L2,Female,Bangalore,Bachelor's,55,1.2,36500.0,4.7,4.3,4.5,21,2,2,0,Termination,2023,25,8,3.8,3.4,0.18,0.307,Low,53400.0,71,0.54
EMP00850,Product,Individual Contributor,L6,Male,Pune,MBA,37,1.0,118300.0,2.6,3.5,3.7,5,4,0,0,Transfer,2016,100,14,4.5,4.0,0.32,0.456,Medium,195100.0,922,0.35
EMP00851,Operations,Manager,L3,Female,Chennai,MBA,44,6.9,67300.0,4.0,3.2,3.5,28,7,3,0,Retirement,2015,50,17,3.9,3.9,0.09,0.472,Medium,71700.0,198,0.8
EMP00852,Sales,Analyst,L3,Female,Chennai,Bachelor's,48,2.8,90300.0,4.5,3.8,4.6,25,8,3,0,Contract End,2017,100,9,3.8,3.8,0.1,0.365,Medium,142500.0,559,0.77
EMP00853,Marketing,Manager,L2,Female,Mumbai,Master's,31,14.9,51500.0,4.1,3.1,3.3,20,2,1,0,Retirement,2021,100,10,4.3,4.5,0.22,0.414,Medium,81000.0,1392,0.81
EMP00854,Product,Individual Contributor,L4,Male,Chennai,PhD,57,5.3,85100.0,4.9,3.8,3.0,22,8,2,0,Transfer,2023,75,20,4.5,3.0,0.15,0.486,Medium,51200.0,926,0.57
EMP00855,Product,Director,L3,Female,Delhi,PhD,23,3.6,40500.0,3.5,4.0,2.7,3,7,1,0,Termination,2018,50,22,2.2,2.9,0.04,0.501,Medium,65100.0,163,0.49
EMP00856,Marketing,Individual Contributor,L5,Male,Chennai,Master's,42,1.0,60800.0,4.7,3.3,4.1,24,6,1,0,Transfer,2019,0,18,2.8,3.6,0.08,0.507,Medium,62600.0,779,0.82
EMP00857,HR,Analyst,L2,Female,Mumbai,Bachelor's,22,0.1,89000.0,3.4,3.5,4.1,17,7,2,0,Retirement,2015,75,21,3.4,3.9,0.19,0.533,Medium,105600.0,65,0.56
EMP00858,Engineering,Analyst,L3,Female,Mumbai,MBA,37,4.1,39500.0,4.0,4.8,4.1,18,4,1,0,Transfer,2021,25,9,3.3,2.7,0.32,0.295,Low,25400.0,753,0.8
EMP00859,Sales,Director,L4,Female,Mumbai,MBA,40,2.6,124600.0,3.5,3.9,3.2,5,7,3,0,Termination,2018,100,12,3.2,4.2,0.38,0.486,Medium,120700.0,1127,0.9
EMP00860,Finance,VP,L1,Male,Noida,Bachelor's,57,2.4,91400.0,3.9,4.6,4.5,27,0,2,1,Retirement,2015,0,5,2.5,2.4,0.35,0.262,Low,83100.0,1259,0.6
EMP00861,Customer Success,Senior Analyst,L4,Non-Binary,Delhi,Bachelor's,30,1.7,58500.0,4.2,4.2,3.5,8,6,1,0,Retirement,2019,50,24,3.9,4.5,0.33,0.522,Medium,91300.0,508,0.73
EMP00862,Product,Individual Contributor,L2,Female,Chennai,Master's,50,2.2,79800.0,4.0,2.8,1.1,2,0,3,0,Retirement,2018,100,14,4.7,2.6,0.25,0.601,Medium,142000.0,1423,0.53
EMP00863,Sales,Director,L2,Male,Mumbai,MBA,42,9.1,64500.0,4.0,4.6,3.8,12,2,1,0,Transfer,2015,50,13,4.2,1.7,0.01,0.311,Low,53700.0,473,0.43
EMP00864,Marketing,Individual Contributor,L4,Female,Mumbai,Diploma,44,8.5,82800.0,3.9,4.0,2.7,19,3,0,0,Transfer,2023,0,8,4.0,4.5,0.21,0.379,Medium,145800.0,24,0.87
EMP00865,Engineering,Individual Contributor,L3,Male,Bangalore,Master's,23,15.5,78500.0,4.2,3.7,4.1,4,4,0,0,Resignation,2015,75,22,4.2,3.6,0.39,0.356,Medium,123200.0,1342,0.51
EMP00866,Marketing,Analyst,L5,Male,Bangalore,MBA,46,1.6,73600.0,3.4,2.9,2.7,27,4,1,0,Retirement,2020,50,20,4.4,4.2,0.06,0.603,Medium,115900.0,526,0.63
EMP00867,Customer Success,Senior Manager,L2,Female,Noida,Master's,42,6.7,66400.0,3.6,4.1,2.3,26,6,1,0,Termination,2019,0,22,4.7,3.2,0.35,0.563,Medium,34400.0,1098,0.63
EMP00868,Product,Senior Analyst,L3,Male,Mumbai,MBA,37,4.3,68500.0,3.5,3.7,4.4,31,7,3,0,Retirement,2018,50,5,2.2,4.0,0.12,0.331,Medium,63200.0,168,0.67
EMP00869,Sales,Director,L6,Female,Mumbai,MBA,51,10.7,98800.0,3.5,4.2,2.3,29,4,3,0,Contract End,2022,50,6,2.8,3.7,0.12,0.384,Medium,97500.0,281,0.96
EMP00870,Engineering,Individual Contributor,L1,Female,Hyderabad,PhD,42,3.5,131300.0,4.2,3.2,4.1,10,0,1,0,Termination,2023,100,5,4.0,3.9,0.34,0.369,Medium,260900.0,392,0.52
EMP00871,Sales,Senior Manager,L2,Female,Kolkata,MBA,39,2.5,109300.0,3.0,3.9,2.5,6,5,0,0,Transfer,2023,50,13,3.2,4.6,0.29,0.442,Medium,99100.0,196,0.61
EMP00872,Customer Success,Director,L2,Female,Pune,Bachelor's,52,10.4,70900.0,3.6,1.8,2.5,0,4,1,0,Contract End,2017,75,15,4.0,3.8,0.14,0.524,Medium,48400.0,423,0.75
EMP00873,Marketing,Senior Analyst,L2,Male,Mumbai,Bachelor's,34,0.7,86600.0,4.4,3.6,4.5,20,6,0,0,Termination,2018,25,8,3.6,3.9,0.1,0.373,Medium,122500.0,220,0.79
EMP00874,Engineering,Senior Analyst,L3,Female,Delhi,MBA,42,0.2,197400.0,3.6,4.3,3.1,9,5,1,0,Contract End,2019,0,15,3.2,3.7,0.37,0.45,Medium,365800.0,519,0.81
EMP00875,Product,Manager,L3,Female,Delhi,Master's,47,5.3,83400.0,4.6,4.2,2.7,15,2,1,0,Retirement,2018,50,0,4.4,3.7,0.29,0.286,Low,138800.0,483,0.75
EMP00876,Finance,Director,L5,Female,Delhi,Master's,34,6.1,44500.0,3.5,3.4,1.5,6,3,0,0,Retirement,2018,0,4,2.8,2.2,0.08,0.502,Medium,69800.0,224,0.67
EMP00877,Operations,Director,L4,Male,Pune,Master's,41,4.6,36500.0,4.5,1.7,4.2,8,0,0,0,Termination,2016,75,3,3.0,4.5,0.07,0.423,Medium,27100.0,1261,0.77
EMP00878,Sales,Senior Analyst,L2,Female,Pune,MBA,45,1.6,54600.0,3.3,3.6,3.7,13,6,1,0,Resignation,2023,50,10,4.6,4.7,0.0,0.455,Medium,65600.0,493,0.69
EMP00879,Sales,Director,L3,Female,Pune,Bachelor's,42,0.2,67900.0,3.8,3.0,4.4,25,8,0,1,Termination,2023,100,4,3.3,3.7,0.08,0.349,Medium,128500.0,646,0.85
EMP00880,Operations,Senior Manager,L2,Female,Delhi,Diploma,48,0.9,82100.0,3.6,2.6,3.6,2,0,1,0,Retirement,2017,50,15,4.5,3.7,0.27,0.484,Medium,82800.0,544,0.79
EMP00881,Engineering,VP,L2,Male,Pune,Master's,33,0.7,77600.0,4.3,4.5,4.6,25,6,1,0,Resignation,2018,25,20,4.4,4.0,0.37,0.444,Medium,130200.0,248,0.6
EMP00882,Customer Success,Senior Analyst,L6,Male,Pune,MBA,42,4.8,59800.0,3.3,4.4,4.1,23,6,3,0,Contract End,2021,75,19,3.6,3.9,0.16,0.393,Medium,84000.0,736,0.58
EMP00883,Sales,Individual Contributor,L2,Male,Hyderabad,MBA,49,0.8,105000.0,4.9,2.4,3.9,29,5,0,0,Resignation,2019,50,5,2.2,4.1,0.28,0.45,Medium,207800.0,736,0.82
EMP00884,Product,VP,L2,Male,Hyderabad,Bachelor's,41,2.7,36100.0,3.3,4.5,3.8,19,8,2,0,Transfer,2018,100,13,4.1,4.2,0.14,0.336,Medium,47000.0,1029,0.63
EMP00885,Operations,Manager,L1,Female,Mumbai,Bachelor's,42,5.3,27900.0,4.1,4.0,3.9,10,4,0,0,Termination,2018,0,13,4.5,3.2,0.19,0.428,Medium,18400.0,41,0.5
EMP00886,Product,VP,L3,Male,Bangalore,MBA,36,2.7,66400.0,3.9,4.5,1.9,8,8,2,0,Retirement,2016,50,2,3.3,4.9,0.27,0.343,Medium,120200.0,1024,0.6
EMP00887,Engineering,Director,L2,Female,Pune,Bachelor's,55,0.2,91500.0,4.1,3.1,3.3,5,1,0,0,Contract End,2017,50,0,2.9,4.6,0.12,0.403,Medium,116900.0,518,0.61
EMP00888,Product,Manager,L2,Male,Noida,Bachelor's,47,4.0,54800.0,4.8,2.4,3.9,3,6,0,0,Contract End,2017,100,21,3.8,2.1,0.11,0.533,Medium,67700.0,377,0.5
EMP00889,Finance,Director,L4,Female,Mumbai,Bachelor's,24,0.5,105400.0,3.5,3.4,2.3,2,7,1,0,Resignation,2018,100,10,3.4,4.1,0.08,0.49,Medium,172000.0,1114,0.67
EMP00890,Engineering,VP,L1,Female,Bangalore,MBA,26,1.0,100400.0,3.3,4.7,3.3,29,3,3,0,Contract End,2019,50,1,4.0,3.3,0.16,0.296,Low,54400.0,948,0.32
EMP00891,Sales,Senior Manager,L3,Male,Delhi,Master's,29,3.6,68700.0,4.0,2.4,2.6,6,7,1,0,Resignation,2018,50,24,4.0,3.1,0.29,0.692,High,73900.0,1344,0.44
EMP00892,Product,Director,L6,Male,Bangalore,Bachelor's,22,0.2,97600.0,3.2,4.6,3.4,5,8,1,0,Resignation,2019,50,1,2.6,4.6,0.22,0.301,Low,123800.0,561,0.62
EMP00893,Marketing,Individual Contributor,L6,Female,Pune,PhD,57,0.6,129900.0,4.4,3.0,3.4,2,6,0,1,Contract End,2021,75,8,4.0,3.4,0.27,0.459,Medium,163300.0,1448,0.27
EMP00894,Engineering,Director,L3,Female,Chennai,MBA,22,1.2,65200.0,4.2,4.6,3.6,17,0,1,0,Resignation,2019,50,7,3.1,3.9,0.18,0.335,Medium,90600.0,184,0.74
EMP00895,Operations,VP,L1,Female,Kolkata,Master's,27,4.2,78300.0,4.6,3.0,3.1,1,6,3,0,Resignation,2015,50,7,2.5,4.0,0.14,0.396,Medium,152000.0,1259,0.55
EMP00896,Customer Success,Senior Analyst,L2,Male,Mumbai,Master's,38,0.9,42300.0,3.2,3.2,3.7,20,6,2,0,Transfer,2020,50,13,3.7,4.0,0.38,0.506,Medium,48000.0,737,0.42
EMP00897,Product,Senior Analyst,L4,Male,Delhi,MBA,36,1.9,58900.0,4.8,4.0,4.6,28,5,3,0,Transfer,2015,100,22,4.9,4.7,0.33,0.446,Medium,108300.0,1298,0.7
EMP00898,Sales,Senior Analyst,L2,Male,Pune,MBA,31,4.8,145000.0,3.5,4.1,3.7,17,1,3,1,Termination,2019,25,24,3.8,3.9,0.13,0.502,Medium,101200.0,576,0.88
EMP00899,Marketing,Individual Contributor,L6,Non-Binary,Chennai,Bachelor's,37,1.7,113500.0,3.2,3.0,4.8,12,6,2,1,Retirement,2023,100,13,3.1,3.6,0.35,0.451,Medium,127900.0,354,0.69
EMP00900,HR,Senior Analyst,L2,Male,Delhi,MBA,57,0.8,53100.0,4.5,4.0,2.4,13,4,0,1,Termination,2018,50,18,3.2,2.4,0.25,0.575,Medium,84100.0,1308,0.78
EMP00901,Engineering,Analyst,L2,Female,Chennai,Master's,40,0.5,77200.0,3.3,4.5,2.5,5,8,0,0,Retirement,2020,0,13,4.8,3.4,0.13,0.482,Medium,152600.0,277,0.54
EMP00902,Finance,VP,L1,Male,Chennai,PhD,26,0.1,66900.0,4.3,2.3,3.1,27,5,3,1,Retirement,2019,100,23,2.7,4.1,0.28,0.644,Medium,63600.0,1357,0.8
EMP00903,Operations,Analyst,L4,Female,Delhi,Master's,37,0.8,63100.0,3.7,1.8,3.0,2,7,1,0,Transfer,2016,50,24,4.2,4.2,0.13,0.696,High,44500.0,1089,0.62
EMP00904,Operations,Senior Manager,L5,Male,Chennai,Bachelor's,34,1.9,76400.0,4.0,3.5,1.9,12,0,3,0,Transfer,2020,100,16,4.0,3.2,0.09,0.551,Medium,96300.0,939,0.49
EMP00905,Sales,Senior Analyst,L6,Female,Noida,Master's,57,2.6,167700.0,4.4,4.4,2.6,3,7,0,0,Retirement,2016,50,10,4.0,3.0,0.25,0.468,Medium,332700.0,1354,0.68
EMP00906,Operations,VP,L1,Female,Hyderabad,Master's,37,4.9,72800.0,3.5,4.9,2.5,1,3,0,0,Termination,2021,50,4,3.2,3.0,0.31,0.33,Low,78800.0,384,0.89
EMP00907,Marketing,Director,L1,Female,Bangalore,Diploma,24,4.1,55300.0,3.7,4.8,3.8,25,6,3,1,Retirement,2015,100,0,4.5,4.7,0.17,0.243,Low,56600.0,615,0.77
EMP00908,Engineering,Senior Manager,L3,Male,Hyderabad,Master's,56,0.1,62700.0,3.2,4.2,1.4,5,4,0,0,Contract End,2020,50,1,3.9,3.4,0.02,0.481,Medium,113800.0,1187,0.4
EMP00909,Product,Senior Analyst,L3,Male,Pune,Bachelor's,50,1.8,57100.0,3.2,4.1,2.9,22,6,3,0,Contract End,2020,100,18,3.7,4.1,0.32,0.521,Medium,73700.0,60,0.63
EMP00910,Marketing,Analyst,L2,Male,Noida,PhD,55,6.0,46500.0,4.1,4.8,2.4,4,5,2,0,Retirement,2023,75,3,4.2,3.0,0.24,0.309,Low,62000.0,1210,0.63
EMP00911,Marketing,Analyst,L5,Male,Kolkata,MBA,52,0.1,294100.0,3.9,3.7,2.8,11,4,0,0,Termination,2019,0,22,4.1,3.9,0.17,0.616,Medium,164900.0,356,0.49
EMP00912,Operations,Individual Contributor,L2,Male,Pune,Diploma,26,0.7,59900.0,4.2,2.9,2.1,4,8,0,0,Transfer,2018,50,20,3.3,4.0,0.08,0.593,Medium,43700.0,460,0.65
EMP00913,HR,Senior Manager,L2,Female,Chennai,Bachelor's,30,12.5,46300.0,3.6,4.5,2.9,6,1,0,0,Transfer,2021,50,5,4.1,4.6,0.23,0.326,Low,66800.0,1319,0.7
EMP00914,Engineering,Manager,L2,Female,Hyderabad,PhD,50,2.4,46000.0,4.1,2.8,2.7,7,1,1,0,Resignation,2017,100,2,4.0,4.6,0.38,0.401,Medium,61100.0,1337,0.61
EMP00915,Sales,Senior Analyst,L5,Male,Chennai,MBA,56,5.0,74600.0,4.8,3.9,3.3,14,1,3,0,Termination,2021,25,2,4.0,3.7,0.26,0.304,Low,118800.0,245,0.67
EMP00916,Operations,Individual Contributor,L3,Male,Delhi,Master's,55,1.8,49600.0,3.4,3.7,2.8,17,8,2,0,Retirement,2020,75,20,3.7,4.4,0.21,0.505,Medium,59700.0,861,0.49
EMP00917,Sales,Senior Manager,L1,Male,Kolkata,Diploma,30,6.2,64300.0,3.6,3.1,3.1,19,6,2,0,Termination,2017,100,16,3.5,4.1,0.08,0.532,Medium,85700.0,1208,0.68
EMP00918,Product,Manager,L4,Female,Mumbai,Bachelor's,51,0.6,86300.0,4.7,4.2,1.9,11,6,3,1,Retirement,2023,75,17,3.9,3.9,0.32,0.542,Medium,131200.0,616,0.87
EMP00919,Customer Success,Analyst,L2,Female,Mumbai,Bachelor's,38,5.4,49300.0,4.1,4.0,3.1,4,7,3,0,Resignation,2021,100,21,2.8,3.6,0.2,0.471,Medium,61500.0,1130,0.33
EMP00920,Sales,Analyst,L1,Female,Mumbai,Bachelor's,53,3.1,90600.0,4.4,2.9,4.8,23,7,3,0,Retirement,2020,75,15,3.8,4.1,0.0,0.422,Medium,129300.0,1392,0.81
EMP00921,Product,Director,L3,Male,Noida,Bachelor's,34,2.1,54400.0,4.8,2.2,4.6,6,7,0,0,Transfer,2021,100,3,4.9,3.2,0.08,0.373,Medium,93400.0,1167,0.53
EMP00922,Sales,Senior Analyst,L3,Female,Pune,Master's,47,9.6,56800.0,3.2,3.9,2.8,28,3,3,0,Retirement,2019,50,4,3.1,4.4,0.34,0.369,Medium,73400.0,1057,0.52
EMP00923,Product,VP,L2,Female,Bangalore,MBA,22,7.7,77800.0,4.3,1.7,4.5,1,5,2,0,Retirement,2018,100,11,3.4,4.5,0.28,0.481,Medium,91400.0,887,0.83
EMP00924,Product,Director,L5,Female,Kolkata,MBA,25,1.4,68300.0,3.5,3.6,3.9,1,3,0,0,Contract End,2017,0,1,4.5,4.6,0.13,0.289,Low,51300.0,1270,0.53
EMP00925,Finance,Manager,L4,Female,Noida,PhD,32,2.3,137900.0,4.5,4.1,3.9,23,8,2,0,Retirement,2023,50,11,2.7,4.3,0.1,0.345,Medium,272600.0,590,0.64
EMP00926,Operations,Manager,L3,Male,Delhi,MBA,28,0.2,79800.0,3.5,3.8,2.7,17,6,0,0,Termination,2020,25,10,3.5,4.2,0.14,0.451,Medium,145900.0,158,0.91
EMP00927,Sales,VP,L4,Male,Mumbai,Bachelor's,46,1.8,86700.0,3.4,3.1,3.2,25,0,2,1,Transfer,2018,75,15,4.2,4.0,0.34,0.512,Medium,105100.0,269,0.66
EMP00928,Engineering,Director,L6,Female,Kolkata,Bachelor's,52,4.6,65100.0,4.1,4.4,2.7,24,4,0,0,Resignation,2016,100,11,3.9,4.7,0.33,0.443,Medium,81200.0,186,0.66
EMP00929,Sales,VP,L4,Female,Mumbai,MBA,56,1.7,138000.0,4.3,1.6,2.8,20,7,2,1,Contract End,2018,50,20,1.9,4.4,0.38,0.651,Medium,94500.0,871,0.7
EMP00930,Sales,Senior Analyst,L6,Non-Binary,Delhi,Master's,51,5.9,81300.0,3.6,3.0,3.9,11,0,1,1,Transfer,2018,100,2,3.0,4.1,0.21,0.331,Medium,126700.0,691,0.87
EMP00931,Sales,Analyst,L2,Female,Hyderabad,Master's,33,0.8,87000.0,3.0,2.3,4.5,20,7,2,0,Contract End,2015,75,13,3.8,4.4,0.33,0.442,Medium,104600.0,466,0.63
EMP00932,Product,Director,L4,Male,Hyderabad,MBA,26,3.6,56500.0,4.1,3.0,2.1,23,4,1,0,Resignation,2021,50,13,3.0,4.4,0.34,0.552,Medium,31900.0,156,0.42
EMP00933,Operations,Senior Manager,L2,Female,Hyderabad,PhD,37,5.7,48100.0,3.4,4.6,1.9,15,0,1,0,Transfer,2019,25,4,4.5,4.2,0.25,0.327,Low,31200.0,936,0.85
EMP00934,Engineering,Senior Analyst,L2,Female,Delhi,MBA,23,6.8,145200.0,4.0,4.3,4.0,25,7,3,0,Resignation,2015,75,5,3.5,4.4,0.0,0.324,Low,267500.0,1295,0.59
EMP00935,Engineering,Manager,L2,Male,Pune,MBA,55,5.0,68300.0,4.7,3.6,3.5,8,6,3,0,Transfer,2015,100,13,3.8,3.4,0.34,0.42,Medium,80400.0,692,0.71
EMP00936,HR,Analyst,L4,Female,Kolkata,PhD,33,4.0,90300.0,4.2,4.5,4.5,13,2,1,0,Contract End,2015,50,11,1.8,2.6,0.29,0.281,Low,176300.0,150,0.53
EMP00937,HR,Individual Contributor,L2,Male,Mumbai,MBA,57,0.2,97400.0,3.0,4.1,4.4,1,8,1,0,Termination,2023,100,24,4.7,4.4,0.05,0.513,Medium,146100.0,1414,0.43
EMP00938,Product,Director,L4,Male,Chennai,Bachelor's,33,2.3,63800.0,2.9,3.7,4.4,8,3,0,0,Resignation,2023,0,7,2.1,4.1,0.06,0.391,Medium,107400.0,5,0.5
EMP00939,Engineering,Director,L2,Male,Hyderabad,Master's,56,1.5,64900.0,3.2,2.8,3.3,13,4,2,0,Resignation,2019,75,5,4.4,4.0,0.17,0.488,Medium,120100.0,668,0.42
EMP00940,Marketing,Manager,L4,Female,Hyderabad,Master's,37,1.5,46900.0,4.0,2.5,3.2,7,6,3,0,Retirement,2017,50,11,3.4,2.8,0.34,0.521,Medium,68100.0,862,0.74
EMP00941,Customer Success,Analyst,L1,Female,Delhi,Master's,49,18.6,47500.0,4.4,3.9,2.2,19,0,2,0,Contract End,2019,100,12,4.1,4.0,0.03,0.366,Medium,50800.0,794,0.88
EMP00942,Product,Director,L3,Male,Noida,Diploma,47,0.3,73700.0,3.7,3.5,2.5,31,5,2,0,Resignation,2015,50,4,3.5,4.1,0.36,0.477,Medium,68600.0,923,0.54
EMP00943,Marketing,Director,L1,Female,Pune,MBA,57,2.3,74100.0,4.9,3.6,4.7,15,4,0,0,Retirement,2015,50,24,4.3,4.3,0.05,0.528,Medium,109100.0,1010,0.79
EMP00944,Product,Director,L1,Female,Mumbai,Master's,35,0.3,196400.0,2.8,4.5,4.7,8,0,2,0,Contract End,2022,75,1,3.5,3.9,0.24,0.264,Low,267100.0,1483,0.5
EMP00945,HR,Manager,L2,Male,Pune,MBA,27,9.5,121700.0,3.6,3.9,2.4,21,7,1,0,Retirement,2022,50,19,3.6,4.0,0.2,0.497,Medium,165400.0,289,0.68
EMP00946,Sales,Individual Contributor,L3,Male,Kolkata,Bachelor's,44,5.2,56600.0,4.2,3.8,3.7,5,4,1,0,Transfer,2015,100,8,4.4,3.5,0.27,0.409,Medium,112800.0,703,0.63
EMP00947,Sales,Analyst,L1,Male,Mumbai,MBA,31,3.2,84700.0,4.4,4.0,3.6,31,8,0,1,Termination,2021,100,21,4.9,3.4,0.1,0.458,Medium,110900.0,612,0.32
EMP00948,Finance,Manager,L5,Male,Bangalore,Master's,35,0.6,113300.0,3.0,4.0,3.1,7,8,1,0,Retirement,2021,0,13,3.9,2.6,0.28,0.496,Medium,129800.0,1312,0.3
EMP00949,Marketing,Analyst,L5,Male,Kolkata,MBA,26,6.1,109600.0,4.5,4.4,2.7,18,8,3,0,Termination,2020,50,20,4.4,4.3,0.4,0.443,Medium,140900.0,484,0.75
EMP00950,Engineering,Senior Analyst,L4,Male,Pune,Bachelor's,26,3.0,99900.0,3.7,4.2,3.7,0,1,3,0,Transfer,2020,75,21,3.0,3.1,0.22,0.454,Medium,56400.0,1190,0.86
EMP00951,Sales,Individual Contributor,L3,Non-Binary,Delhi,Diploma,40,2.4,76900.0,3.0,3.5,3.7,2,6,3,1,Retirement,2019,75,11,3.2,3.6,0.3,0.458,Medium,62500.0,211,0.78
EMP00952,Customer Success,Analyst,L5,Male,Bangalore,MBA,24,5.2,123200.0,3.9,1.7,4.4,10,1,2,1,Contract End,2015,100,3,3.7,3.8,0.27,0.447,Medium,121000.0,1073,0.81
EMP00953,Operations,Analyst,L6,Male,Bangalore,PhD,55,3.4,67000.0,4.3,3.5,4.9,3,1,1,0,Resignation,2016,25,21,3.7,4.0,0.28,0.48,Medium,122400.0,331,0.52
EMP00954,Sales,VP,L3,Female,Mumbai,MBA,40,0.2,103200.0,3.9,3.4,2.2,9,0,0,0,Transfer,2016,100,5,4.6,4.1,0.12,0.483,Medium,198500.0,1249,0.47
EMP00955,Finance,Manager,L5,Female,Chennai,PhD,45,0.2,18200.0,4.8,2.8,3.1,15,3,1,0,Resignation,2019,50,22,3.3,4.5,0.21,0.607,Medium,19100.0,1493,0.57
EMP00956,Engineering,Analyst,L3,Male,Noida,Bachelor's,32,2.4,81200.0,3.0,3.7,2.8,24,1,3,0,Transfer,2021,100,6,3.9,2.4,0.34,0.383,Medium,90900.0,889,0.73
EMP00957,Sales,Analyst,L6,Male,Hyderabad,Master's,46,9.0,67600.0,4.3,4.2,4.2,18,8,1,0,Termination,2018,50,15,3.7,4.2,0.22,0.363,Medium,58600.0,1333,0.95
EMP00958,Operations,Senior Manager,L4,Male,Noida,Master's,29,0.1,33500.0,4.9,3.9,4.9,1,7,1,0,Termination,2023,50,19,3.9,3.5,0.38,0.413,Medium,25300.0,47,0.71
EMP00959,Engineering,VP,L3,Male,Delhi,Bachelor's,41,8.8,29200.0,3.4,3.3,3.0,7,3,1,1,Resignation,2017,0,2,3.9,4.0,0.15,0.315,Low,26100.0,950,0.5
EMP00960,Customer Success,Director,L6,Male,Kolkata,MBA,23,3.2,89000.0,4.2,2.9,3.4,19,6,2,0,Contract End,2021,50,2,2.9,4.2,0.25,0.378,Medium,164000.0,601,0.25
EMP00961,Operations,Individual Contributor,L6,Female,Bangalore,Bachelor's,42,0.8,123000.0,4.1,3.1,3.4,3,2,0,0,Contract End,2022,0,15,2.6,3.1,0.33,0.554,Medium,106300.0,223,0.76
EMP00962,Finance,VP,L4,Female,Chennai,MBA,29,2.1,28200.0,4.0,4.4,4.6,7,6,0,0,Transfer,2020,75,22,3.9,4.1,0.12,0.44,Medium,45600.0,998,0.54
EMP00963,Sales,Senior Manager,L3,Male,Kolkata,Bachelor's,45,0.8,44500.0,2.9,3.7,3.6,17,4,0,0,Contract End,2017,0,9,4.2,4.7,0.1,0.437,Medium,75500.0,359,0.71
EMP00964,Engineering,Manager,L4,Male,Mumbai,PhD,46,2.4,106700.0,4.8,2.9,4.0,3,3,1,1,Termination,2023,100,20,4.0,3.8,0.29,0.567,Medium,172100.0,858,0.85
EMP00965,Product,Manager,L2,Female,Bangalore,MBA,46,4.0,94500.0,3.7,4.7,3.9,28,6,1,0,Retirement,2018,50,21,4.0,3.8,0.09,0.393,Medium,97800.0,769,0.86
EMP00966,HR,Analyst,L2,Male,Mumbai,MBA,24,0.3,73700.0,3.9,4.5,3.3,17,7,0,1,Termination,2023,100,12,3.8,4.9,0.35,0.381,Medium,69900.0,1414,0.55
EMP00967,Sales,Individual Contributor,L1,Female,Bangalore,MBA,54,7.7,50200.0,3.3,2.9,4.1,1,6,2,0,Contract End,2018,50,3,3.8,3.6,0.06,0.312,Low,26500.0,1191,0.79
EMP00968,Operations,Manager,L4,Male,Bangalore,Bachelor's,41,4.8,161400.0,2.8,2.9,3.9,2,0,3,0,Contract End,2016,75,15,4.4,3.9,0.16,0.504,Medium,238800.0,500,0.63
EMP00969,Engineering,Senior Manager,L2,Female,Pune,MBA,40,1.4,48900.0,3.9,3.0,3.4,18,8,2,0,Retirement,2019,50,16,2.7,1.8,0.35,0.491,Medium,45400.0,822,0.93
EMP00970,Operations,VP,L3,Male,Mumbai,Master's,35,2.0,66700.0,4.4,4.4,4.6,6,3,1,1,Retirement,2020,75,10,1.5,3.6,0.09,0.335,Medium,111000.0,458,0.73
EMP00971,Operations,Manager,L4,Male,Hyderabad,PhD,49,5.8,78900.0,4.2,2.0,4.1,8,0,2,0,Contract End,2016,75,4,3.2,3.9,0.28,0.377,Medium,39900.0,995,0.46
EMP00972,HR,Manager,L1,Male,Kolkata,Master's,55,2.7,92700.0,3.9,4.0,4.2,21,5,1,0,Resignation,2021,25,21,2.1,4.3,0.29,0.421,Medium,179500.0,898,0.56
EMP00973,Engineering,Individual Contributor,L1,Female,Noida,PhD,41,1.3,90200.0,4.2,3.3,3.3,2,4,1,0,Retirement,2017,75,7,3.5,3.7,0.38,0.472,Medium,48900.0,143,0.63
EMP00974,Product,Analyst,L5,Male,Hyderabad,Master's,26,0.3,67000.0,4.1,3.5,3.4,20,0,0,0,Contract End,2019,50,2,4.5,2.7,0.33,0.344,Medium,56400.0,1192,0.58
EMP00975,Engineering,Analyst,L3,Female,Bangalore,MBA,45,0.1,74900.0,3.6,3.6,1.6,15,2,0,0,Resignation,2016,0,15,3.3,4.0,0.21,0.622,Medium,66100.0,53,0.87
EMP00976,Engineering,Individual Contributor,L1,Female,Kolkata,Diploma,46,4.0,35400.0,4.1,3.5,4.5,27,4,0,0,Contract End,2019,100,16,2.9,4.8,0.39,0.38,Medium,24400.0,1455,0.63
EMP00977,HR,VP,L3,Male,Delhi,Diploma,43,2.3,91300.0,2.5,3.2,2.9,7,2,0,0,Transfer,2020,50,15,3.7,4.4,0.28,0.499,Medium,153700.0,614,0.54
EMP00978,Sales,Manager,L3,Male,Bangalore,Master's,45,1.1,65700.0,3.4,4.7,2.7,31,0,0,0,Resignation,2023,100,2,3.0,4.1,0.0,0.36,Medium,35000.0,1472,0.68
EMP00979,Operations,Analyst,L2,Female,Pune,Bachelor's,22,2.1,94100.0,4.0,2.5,4.6,31,5,0,0,Transfer,2016,0,1,2.9,4.7,0.08,0.355,Medium,184300.0,258,0.76
EMP00980,Product,Analyst,L4,Male,Pune,MBA,52,2.1,28400.0,4.1,3.0,2.8,16,5,3,0,Contract End,2020,100,23,3.4,3.6,0.37,0.617,Medium,29500.0,706,0.66
EMP00981,Sales,Director,L4,Female,Bangalore,Master's,44,5.8,73700.0,4.0,4.4,2.1,24,3,3,0,Termination,2017,100,17,3.9,4.7,0.06,0.465,Medium,139200.0,825,0.69
EMP00982,Operations,Senior Analyst,L3,Male,Chennai,Master's,42,0.2,53900.0,4.1,2.6,3.0,9,7,0,1,Transfer,2018,75,11,3.0,4.0,0.32,0.536,Medium,93800.0,814,0.64
EMP00983,Customer Success,Analyst,L6,Male,Mumbai,Master's,43,0.7,60700.0,2.8,3.3,3.5,12,3,1,1,Resignation,2019,75,1,2.7,3.9,0.18,0.406,Medium,53500.0,1444,0.6
EMP00984,Engineering,Senior Analyst,L2,Male,Bangalore,Bachelor's,29,8.3,79700.0,4.1,3.6,4.1,20,3,3,0,Transfer,2021,100,16,4.0,2.1,0.38,0.395,Medium,57200.0,1098,0.43
EMP00985,Operations,VP,L3,Female,Chennai,Master's,47,1.3,57800.0,4.1,2.7,3.9,30,6,3,0,Retirement,2015,50,7,4.4,2.4,0.02,0.476,Medium,85600.0,458,0.81
EMP00986,Marketing,Analyst,L1,Male,Noida,MBA,27,0.3,82000.0,3.7,3.1,4.2,14,1,2,0,Resignation,2023,0,15,4.4,4.3,0.38,0.436,Medium,104800.0,716,0.69
EMP00987,Engineering,VP,L1,Male,Hyderabad,Master's,44,20.0,67800.0,4.1,4.3,3.7,3,2,3,0,Resignation,2018,25,24,3.6,4.4,0.16,0.399,Medium,118200.0,135,0.46
EMP00988,Marketing,VP,L1,Female,Chennai,Master's,22,10.0,97000.0,3.6,3.8,3.8,18,3,1,0,Retirement,2017,100,24,3.3,2.4,0.2,0.427,Medium,134800.0,1403,0.48
EMP00989,Product,Director,L3,Male,Bangalore,Bachelor's,42,0.9,36600.0,4.5,4.5,3.4,30,2,1,0,Termination,2022,75,0,4.2,4.6,0.04,0.312,Low,60900.0,179,0.33
EMP00990,Sales,Senior Manager,L3,Non-Binary,Hyderabad,PhD,39,1.9,129700.0,3.6,4.7,4.1,1,4,2,0,Resignation,2020,75,15,4.2,2.9,0.1,0.384,Medium,181500.0,954,0.68
EMP00991,Customer Success,Analyst,L3,Female,Mumbai,Bachelor's,45,3.2,120300.0,2.0,3.7,2.6,28,8,2,0,Retirement,2022,50,0,3.0,2.9,0.36,0.391,Medium,145000.0,4,0.86
EMP00992,HR,Individual Contributor,L4,Male,Hyderabad,Master's,22,4.0,77700.0,4.3,4.5,2.3,1,7,0,0,Termination,2015,100,2,4.5,3.7,0.11,0.315,Low,104600.0,1170,0.51
EMP00993,Engineering,Senior Analyst,L1,Male,Kolkata,PhD,41,0.1,59500.0,2.9,3.8,3.0,29,5,0,0,Contract End,2016,50,13,4.0,4.0,0.03,0.477,Medium,116200.0,1361,0.47
EMP00994,Finance,VP,L1,Female,Bangalore,MBA,38,3.5,49100.0,4.4,4.0,3.1,16,2,0,0,Transfer,2022,75,4,3.8,3.9,0.03,0.379,Medium,55000.0,1446,0.4
EMP00995,Engineering,Analyst,L1,Female,Bangalore,MBA,34,1.1,40700.0,4.7,3.9,4.1,13,1,0,0,Termination,2015,50,19,4.9,3.9,0.17,0.465,Medium,76000.0,1383,0.82
EMP00996,Operations,Senior Analyst,L3,Male,Pune,Bachelor's,32,2.9,178100.0,4.4,2.3,2.4,3,6,2,0,Resignation,2020,25,17,4.1,4.3,0.24,0.595,Medium,354600.0,336,0.46
EMP00997,Marketing,VP,L3,Female,Bangalore,Bachelor's,53,9.2,192900.0,4.9,4.3,4.5,27,1,3,0,Resignation,2022,0,2,2.5,3.2,0.26,0.202,Low,275100.0,873,0.63
EMP00998,Finance,Senior Manager,L5,Male,Bangalore,Master's,50,7.6,28600.0,3.5,4.8,2.0,19,2,0,0,Termination,2019,50,8,3.8,2.7,0.17,0.398,Medium,45100.0,43,0.75
EMP00999,Engineering,Individual Contributor,L4,Male,Chennai,Diploma,50,1.2,19800.0,4.6,4.9,3.4,1,6,0,0,Contract End,2016,0,6,3.3,4.1,0.14,0.307,Low,37600.0,839,0.77
EMP01000,Engineering,Senior Manager,L2,Male,Mumbai,Bachelor's,55,0.6,124400.0,3.3,3.5,3.0,9,3,0,0,Resignation,2017,0,3,3.9,4.7,0.1,0.428,Medium,131800.0,153,0.14
EMP01001,Marketing,Individual Contributor,L3,Male,Mumbai,Master's,24,3.4,66000.0,3.5,4.3,3.7,30,5,3,0,Termination,2021,50,11,3.0,3.0,0.31,0.362,Medium,43000.0,819,0.78
EMP01002,Sales,Analyst,L2,Male,Pune,Master's,42,0.8,53300.0,4.0,4.6,3.2,24,3,1,0,Resignation,2016,50,21,4.7,4.2,0.17,0.449,Medium,48800.0,1479,0.69
EMP01003,Operations,VP,L2,Male,Kolkata,Diploma,36,1.0,46600.0,4.2,4.2,3.8,13,3,1,0,Retirement,2020,100,21,3.5,2.1,0.12,0.461,Medium,89400.0,1255,0.72
EMP01004,Product,VP,L2,Female,Mumbai,Bachelor's,29,9.0,74600.0,3.5,3.5,3.8,11,6,3,0,Resignation,2020,25,24,1.7,4.7,0.26,0.493,Medium,64000.0,1168,0.71
EMP01005,Sales,VP,L3,Male,Bangalore,PhD,28,4.0,111400.0,4.8,4.6,2.8,21,2,0,0,Transfer,2016,100,0,3.8,3.5,0.15,0.341,Medium,215800.0,91,0.6
EMP01006,Engineering,Individual Contributor,L2,Male,Mumbai,MBA,32,3.4,64500.0,4.2,4.2,4.3,24,0,1,0,Termination,2019,50,14,4.4,4.8,0.2,0.348,Medium,61400.0,1414,0.85
EMP01007,Sales,Director,L4,Non-Binary,Delhi,Master's,49,2.3,62600.0,2.6,3.7,4.1,16,2,1,0,Contract End,2016,0,0,3.2,2.5,0.2,0.334,Medium,76100.0,487,0.57
EMP01008,Customer Success,Director,L1,Female,Delhi,Diploma,57,3.2,40000.0,4.8,3.1,3.8,13,8,1,0,Resignation,2015,50,8,3.7,3.0,0.18,0.384,Medium,77700.0,188,0.64
EMP01009,Product,Senior Manager,L6,Male,Kolkata,Master's,47,14.9,84400.0,4.2,2.5,4.5,20,5,2,0,Contract End,2023,0,17,4.7,4.3,0.35,0.375,Medium,65900.0,1179,0.58
EMP01010,Operations,Senior Analyst,L3,Male,Delhi,Master's,25,1.5,73400.0,4.8,4.8,3.1,2,5,3,1,Termination,2019,75,2,4.4,4.1,0.13,0.311,Low,139900.0,366,0.38
EMP01011,Engineering,Manager,L2,Male,Kolkata,MBA,54,1.4,134800.0,3.5,1.8,3.1,10,2,0,0,Transfer,2023,0,22,4.4,3.8,0.22,0.702,High,201900.0,1037,0.66
EMP01012,Operations,Analyst,L2,Male,Kolkata,Master's,43,4.2,70400.0,4.4,2.2,3.6,27,5,2,1,Transfer,2021,25,3,3.2,3.8,0.24,0.407,Medium,83400.0,1259,0.71
EMP01013,Sales,Director,L6,Male,Mumbai,Diploma,36,0.1,70900.0,3.9,3.7,3.0,26,1,0,0,Transfer,2019,100,9,2.8,3.9,0.27,0.48,Medium,126200.0,1153,0.59
EMP01014,Engineering,Analyst,L6,Male,Chennai,PhD,54,2.7,57600.0,3.8,4.1,3.4,6,2,0,0,Termination,2019,50,24,3.7,2.0,0.38,0.469,Medium,59100.0,738,0.6
EMP01015,Operations,Analyst,L4,Male,Bangalore,Master's,29,2.1,141700.0,3.9,4.3,2.4,13,5,0,0,Termination,2016,100,14,3.2,2.6,0.15,0.485,Medium,219200.0,502,0.91
EMP01016,Operations,Senior Analyst,L1,Non-Binary,Mumbai,Bachelor's,26,7.0,66800.0,3.8,4.3,3.4,15,3,2,0,Transfer,2019,0,3,5.0,4.1,0.01,0.249,Low,90500.0,1309,0.54
EMP01017,Engineering,Senior Manager,L1,Male,Bangalore,Bachelor's,43,4.9,54100.0,3.1,4.6,4.3,4,5,2,0,Contract End,2023,50,4,2.2,4.2,0.23,0.275,Low,83000.0,456,0.47
EMP01018,Engineering,Senior Analyst,L1,Male,Bangalore,Master's,54,1.9,36200.0,3.3,3.5,2.8,25,5,2,0,Transfer,2020,75,2,3.5,4.9,0.35,0.363,Medium,70800.0,681,0.74
EMP01019,Product,Manager,L2,Male,Kolkata,Master's,38,0.7,33100.0,3.6,3.0,1.7,14,5,0,0,Resignation,2016,25,7,3.0,4.3,0.33,0.498,Medium,52400.0,196,0.43
EMP01020,Sales,Analyst,L1,Male,Kolkata,PhD,22,0.5,80200.0,3.8,3.8,4.8,9,3,1,0,Contract End,2022,100,9,2.1,3.5,0.38,0.322,Low,69400.0,572,0.75
EMP01021,Customer Success,Individual Contributor,L3,Female,Chennai,Bachelor's,36,0.7,129000.0,3.9,2.5,2.5,5,1,3,0,Resignation,2018,100,5,4.4,4.1,0.1,0.561,Medium,196100.0,810,0.73
EMP01022,Operations,Analyst,L4,Male,Chennai,PhD,53,0.2,40500.0,4.2,4.6,2.6,9,3,0,0,Transfer,2022,0,13,4.0,3.7,0.17,0.497,Medium,59000.0,949,0.71
EMP01023,Product,Analyst,L3,Female,Noida,Bachelor's,26,3.6,76000.0,3.5,3.9,2.8,4,7,0,0,Termination,2020,0,6,3.9,2.5,0.23,0.388,Medium,43800.0,1009,0.6
EMP01024,Engineering,Director,L2,Male,Pune,Master's,45,2.5,86400.0,4.6,3.1,4.5,12,5,2,1,Resignation,2015,75,15,4.3,4.2,0.39,0.409,Medium,88600.0,305,0.16
EMP01025,Marketing,Director,L2,Female,Pune,Master's,34,3.4,91500.0,4.9,3.2,3.9,6,2,2,0,Termination,2020,0,2,3.2,1.8,0.08,0.345,Medium,46500.0,402,0.65
EMP01026,Marketing,Director,L1,Male,Delhi,Diploma,36,1.0,62700.0,4.6,4.0,2.3,16,0,0,0,Resignation,2018,100,4,3.7,3.6,0.39,0.455,Medium,52300.0,913,0.83
EMP01027,Product,Senior Manager,L4,Female,Delhi,Master's,28,0.1,88100.0,4.6,4.2,2.1,26,7,2,0,Transfer,2021,0,3,4.3,3.9,0.21,0.412,Medium,113400.0,515,0.37
EMP01028,Marketing,Director,L2,Male,Bangalore,MBA,37,7.0,92100.0,3.9,3.9,2.5,0,5,1,0,Termination,2018,50,11,3.3,2.7,0.07,0.466,Medium,156200.0,756,0.51
EMP01029,Customer Success,Senior Analyst,L2,Male,Chennai,PhD,26,2.0,89500.0,4.6,3.3,3.8,8,0,2,0,Contract End,2022,50,19,3.9,2.7,0.21,0.465,Medium,156300.0,796,0.56
EMP01030,Engineering,VP,L1,Male,Chennai,Diploma,33,3.4,76800.0,3.4,3.2,3.0,6,0,0,0,Contract End,2018,0,12,2.7,3.5,0.27,0.505,Medium,50400.0,1402,0.79
EMP01031,Product,Analyst,L2,Male,Mumbai,Bachelor's,41,2.1,41800.0,3.9,4.2,4.1,29,8,3,0,Termination,2020,25,16,3.7,3.2,0.1,0.426,Medium,46000.0,663,0.54
EMP01032,Operations,Individual Contributor,L5,Male,Hyderabad,MBA,25,3.7,80000.0,4.5,3.9,2.1,18,5,1,0,Contract End,2021,50,3,3.8,2.6,0.09,0.396,Medium,87900.0,113,0.51
EMP01033,Engineering,Individual Contributor,L5,Male,Delhi,MBA,37,5.0,73300.0,4.9,3.7,4.4,31,3,0,0,Termination,2021,75,10,3.9,4.5,0.05,0.306,Low,82800.0,859,0.85
EMP01034,Engineering,Senior Analyst,L1,Female,Chennai,MBA,32,0.2,103200.0,2.8,4.1,3.1,7,0,2,0,Transfer,2019,75,10,4.6,4.2,0.16,0.47,Medium,140300.0,539,0.66
EMP01035,Engineering,Senior Manager,L3,Male,Bangalore,MBA,28,0.6,28000.0,2.7,2.6,3.5,30,1,2,0,Termination,2016,50,19,4.5,3.0,0.04,0.589,Medium,37300.0,1059,0.8
EMP01036,Operations,Director,L5,Female,Noida,Master's,56,8.0,110100.0,4.3,4.0,4.3,5,7,3,0,Retirement,2020,100,19,3.8,4.6,0.34,0.351,Medium,215600.0,24,0.78
EMP01037,Engineering,Senior Manager,L1,Female,Hyderabad,Master's,37,6.6,123700.0,3.2,3.5,2.4,0,2,3,0,Termination,2018,25,18,4.3,2.1,0.03,0.506,Medium,80500.0,878,0.53
EMP01038,Engineering,Analyst,L2,Female,Noida,MBA,40,12.4,78600.0,3.4,4.5,4.7,10,8,1,0,Termination,2020,0,20,4.0,4.5,0.01,0.294,Low,130900.0,552,0.58
EMP01039,Finance,Manager,L4,Female,Kolkata,Bachelor's,36,0.7,50600.0,3.5,2.9,3.2,28,5,0,1,Transfer,2022,100,6,3.6,3.4,0.2,0.415,Medium,85000.0,1393,0.64
EMP01040,Operations,VP,L5,Male,Mumbai,Master's,40,5.5,232700.0,3.0,4.4,3.8,29,3,3,0,Retirement,2020,75,13,4.1,2.3,0.14,0.357,Medium,130200.0,980,0.66
EMP01041,HR,Individual Contributor,L6,Male,Hyderabad,Bachelor's,35,2.1,45600.0,4.5,4.2,3.9,26,2,3,0,Termination,2022,0,7,3.3,2.5,0.4,0.338,Medium,76700.0,413,0.75
EMP01042,Sales,Director,L2,Female,Noida,Master's,47,2.2,45900.0,3.5,3.3,3.5,1,6,2,1,Transfer,2016,75,6,4.1,3.5,0.3,0.387,Medium,42500.0,392,0.96
EMP01043,Customer Success,Manager,L2,Female,Noida,Master's,34,1.6,93900.0,4.0,3.9,2.8,21,2,3,0,Resignation,2016,50,24,3.0,3.6,0.39,0.529,Medium,59100.0,83,0.71
EMP01044,Engineering,Analyst,L4,Male,Kolkata,Master's,32,3.4,64900.0,3.3,3.8,4.4,25,2,3,0,Transfer,2015,25,0,2.5,3.9,0.31,0.294,Low,78200.0,1270,0.78
EMP01045,Sales,Senior Manager,L4,Male,Kolkata,MBA,49,1.6,124200.0,4.1,4.3,3.6,22,5,3,0,Contract End,2016,100,10,3.6,3.8,0.3,0.352,Medium,82300.0,1179,0.79
EMP01046,Sales,VP,L4,Male,Hyderabad,Master's,29,0.9,127000.0,4.2,3.5,4.5,16,5,0,0,Termination,2019,100,17,3.1,4.2,0.3,0.481,Medium,181600.0,906,0.34
EMP01047,Marketing,VP,L1,Male,Kolkata,Bachelor's,38,8.4,174000.0,4.1,3.7,4.1,24,4,2,0,Resignation,2019,50,22,3.6,4.1,0.15,0.478,Medium,197800.0,1226,0.67
EMP01048,Engineering,Senior Manager,L1,Male,Noida,Master's,51,8.0,111100.0,3.3,3.9,3.6,4,7,3,0,Transfer,2018,0,23,3.3,4.4,0.35,0.43,Medium,66600.0,1027,0.25
EMP01049,Engineering,Senior Analyst,L1,Female,Delhi,PhD,41,1.2,38900.0,3.4,3.9,3.4,18,8,2,0,Retirement,2021,75,16,4.3,3.1,0.39,0.503,Medium,21600.0,1363,0.7
EMP01050,Customer Success,Senior Analyst,L2,Male,Bangalore,MBA,28,2.7,62800.0,3.9,4.0,2.7,25,4,2,0,Resignation,2020,100,12,2.8,3.7,0.23,0.418,Medium,75300.0,318,0.47
EMP01051,Product,Senior Analyst,L2,Male,Bangalore,Master's,53,10.8,116400.0,3.4,3.7,4.5,5,2,1,0,Termination,2015,25,14,4.0,4.3,0.14,0.315,Low,134800.0,1055,0.79
EMP01052,Sales,Analyst,L3,Male,Bangalore,MBA,29,0.5,32300.0,4.6,4.4,4.4,18,5,0,0,Transfer,2017,0,3,4.7,3.7,0.32,0.332,Medium,32000.0,1433,0.69
EMP01053,Customer Success,Senior Manager,L3,Female,Mumbai,Bachelor's,47,1.0,72600.0,3.6,2.7,3.3,5,6,2,0,Resignation,2021,50,2,2.4,1.8,0.08,0.389,Medium,139600.0,364,0.61
EMP01054,Product,Manager,L4,Female,Kolkata,Master's,40,5.6,70700.0,4.7,4.0,4.3,8,4,1,1,Resignation,2021,50,0,2.9,4.2,0.08,0.25,Low,99100.0,712,0.79
EMP01055,Sales,Director,L5,Female,Delhi,Master's,23,4.3,52300.0,4.4,3.4,3.7,25,4,0,0,Contract End,2021,50,12,4.3,3.5,0.34,0.433,Medium,98400.0,1216,0.54
EMP01056,Marketing,Individual Contributor,L4,Male,Chennai,Bachelor's,57,3.4,85000.0,4.8,2.0,4.7,24,4,0,0,Termination,2016,50,21,2.5,3.2,0.37,0.497,Medium,142700.0,1438,0.57
EMP01057,Engineering,Analyst,L4,Female,Noida,Master's,26,0.8,38100.0,4.6,3.8,4.1,22,4,2,1,Resignation,2020,100,18,2.8,3.0,0.2,0.498,Medium,61300.0,809,0.55
EMP01058,Engineering,Individual Contributor,L4,Male,Chennai,Master's,46,1.3,43700.0,3.0,4.9,2.5,22,2,1,0,Resignation,2023,50,13,4.6,4.9,0.17,0.462,Medium,42500.0,540,0.37
EMP01059,Finance,VP,L3,Male,Delhi,Bachelor's,39,8.8,67200.0,3.9,3.8,4.4,5,6,3,0,Transfer,2018,0,3,4.6,3.7,0.18,0.238,Low,45100.0,1000,0.5
EMP01060,Sales,Senior Manager,L6,Female,Hyderabad,Bachelor's,37,1.1,87000.0,4.2,3.8,2.9,5,0,2,0,Contract End,2023,100,18,3.2,4.5,0.23,0.501,Medium,158400.0,1028,0.75
EMP01061,Engineering,VP,L2,Male,Delhi,Diploma,34,1.5,44900.0,4.3,3.7,2.4,26,2,2,0,Contract End,2018,75,8,3.4,3.8,0.33,0.468,Medium,32600.0,368,0.83
EMP01062,Product,VP,L2,Male,Kolkata,MBA,34,2.2,49700.0,3.6,4.5,3.3,5,4,2,1,Transfer,2022,50,12,3.4,4.4,0.23,0.364,Medium,28300.0,662,0.3
EMP01063,Finance,VP,L2,Male,Noida,Master's,56,1.9,101700.0,2.3,3.6,3.7,18,7,0,0,Contract End,2021,100,8,4.2,4.9,0.15,0.388,Medium,73800.0,840,0.79
EMP01064,HR,Analyst,L2,Male,Bangalore,Master's,26,0.3,72700.0,4.4,4.1,2.1,2,3,3,0,Termination,2018,25,7,4.4,4.0,0.05,0.504,Medium,39600.0,1056,0.57
EMP01065,Sales,Analyst,L5,Male,Hyderabad,Master's,33,2.0,104600.0,4.2,2.6,3.7,2,6,1,0,Retirement,2016,50,15,3.2,4.4,0.02,0.556,Medium,152300.0,1120,0.62
EMP01066,Product,Individual Contributor,L4,Female,Bangalore,MBA,40,2.4,37800.0,4.2,3.5,1.9,6,4,1,0,Retirement,2023,100,13,4.5,3.4,0.08,0.488,Medium,28400.0,828,0.7
EMP01067,Operations,Senior Analyst,L5,Male,Bangalore,Master's,54,4.2,38400.0,2.9,3.4,3.6,7,1,3,0,Contract End,2023,50,22,3.8,4.1,0.02,0.552,Medium,67400.0,947,0.55
EMP01068,Engineering,Senior Manager,L4,Female,Chennai,Bachelor's,41,5.9,137300.0,3.5,3.3,3.7,24,7,1,0,Resignation,2015,100,0,3.6,4.5,0.19,0.321,Low,235400.0,1059,0.66
EMP01069,HR,Director,L1,Female,Bangalore,MBA,23,3.3,129900.0,3.1,4.6,3.6,23,0,3,0,Retirement,2020,25,20,3.8,3.6,0.25,0.423,Medium,140400.0,1125,0.74
EMP01070,Engineering,Individual Contributor,L2,Male,Pune,PhD,35,1.4,56600.0,4.1,4.2,4.6,25,1,2,0,Resignation,2019,100,6,3.2,3.6,0.0,0.293,Low,73400.0,1190,0.82
EMP01071,Customer Success,Manager,L2,Male,Noida,MBA,26,7.6,38700.0,3.9,3.7,2.8,27,1,1,0,Termination,2019,100,23,4.8,3.4,0.02,0.497,Medium,21000.0,719,0.32
EMP01072,Operations,Senior Manager,L4,Male,Bangalore,Bachelor's,28,0.5,40900.0,4.8,5.0,2.4,16,4,1,0,Retirement,2021,50,14,4.2,3.2,0.38,0.465,Medium,59500.0,517,0.72
EMP01073,Sales,Senior Manager,L6,Male,Hyderabad,Diploma,25,6.1,91000.0,2.8,3.8,2.6,13,6,3,0,Resignation,2016,75,13,2.1,4.6,0.04,0.462,Medium,161900.0,1450,0.45
EMP01074,Sales,Senior Analyst,L5,Male,Chennai,Master's,42,3.1,77100.0,2.8,4.4,3.4,31,1,2,0,Transfer,2020,75,3,3.5,3.1,0.05,0.32,Low,42400.0,332,0.64
EMP01075,Marketing,Director,L4,Female,Mumbai,MBA,56,0.1,92300.0,3.7,4.6,3.8,9,4,0,0,Contract End,2021,50,2,3.6,3.9,0.0,0.294,Low,132900.0,744,0.71
EMP01076,Finance,Senior Manager,L3,Female,Mumbai,MBA,23,1.2,95700.0,3.6,1.7,3.4,20,6,0,0,Contract End,2021,75,3,2.2,4.1,0.22,0.541,Medium,174600.0,1352,0.76
EMP01077,Marketing,VP,L2,Non-Binary,Pune,MBA,39,1.4,33100.0,3.4,4.5,3.5,5,4,2,0,Contract End,2016,0,17,3.9,2.9,0.28,0.428,Medium,20200.0,190,0.5
EMP01078,Finance,Individual Contributor,L2,Male,Mumbai,Master's,48,0.7,56900.0,2.6,4.5,3.8,18,2,1,1,Termination,2020,25,7,3.0,4.6,0.3,0.33,Low,66600.0,72,0.47
EMP01079,Engineering,Manager,L3,Male,Hyderabad,Master's,22,0.2,57600.0,3.9,2.8,3.4,27,6,3,0,Contract End,2023,75,9,4.1,4.5,0.34,0.518,Medium,96800.0,1273,0.95
EMP01080,Sales,Analyst,L1,Non-Binary,Mumbai,Master's,29,2.0,49600.0,4.0,3.8,2.6,11,7,3,1,Resignation,2020,75,0,3.5,2.2,0.18,0.423,Medium,94100.0,1268,0.3
EMP01081,HR,Director,L2,Male,Chennai,Master's,31,1.6,48700.0,4.7,4.6,3.0,20,8,3,1,Contract End,2022,100,14,4.3,2.9,0.13,0.386,Medium,92200.0,1216,0.55
EMP01082,Sales,Director,L3,Male,Mumbai,MBA,33,5.0,46300.0,4.2,4.6,3.4,17,8,3,0,Contract End,2019,25,5,3.3,2.6,0.15,0.328,Low,48800.0,1323,0.76
EMP01083,Customer Success,Individual Contributor,L2,Male,Kolkata,Master's,35,0.6,66500.0,4.4,4.2,4.3,22,7,2,1,Termination,2015,100,0,4.1,4.2,0.15,0.262,Low,73200.0,275,0.4
EMP01084,Marketing,Senior Analyst,L2,Male,Kolkata,Bachelor's,33,14.8,59600.0,4.2,3.9,4.7,1,0,1,1,Contract End,2018,50,2,4.3,3.6,0.36,0.168,Low,35800.0,1446,0.69
EMP01085,Product,VP,L2,Male,Hyderabad,MBA,55,0.4,63100.0,2.6,3.6,3.4,22,2,3,0,Contract End,2015,0,23,3.2,4.1,0.32,0.545,Medium,54200.0,1156,0.32
EMP01086,Operations,Senior Manager,L3,Male,Noida,MBA,44,8.1,23800.0,4.4,2.2,3.4,13,2,1,1,Contract End,2017,50,8,4.5,4.5,0.15,0.433,Medium,36600.0,88,0.41
EMP01087,Sales,Senior Analyst,L4,Female,Hyderabad,Bachelor's,54,3.3,81300.0,2.7,3.9,2.7,8,0,3,0,Contract End,2021,100,20,3.6,4.4,0.27,0.524,Medium,142400.0,111,0.61
EMP01088,Marketing,Senior Manager,L2,Male,Noida,Bachelor's,22,8.5,55100.0,3.9,2.9,4.3,12,2,2,0,Retirement,2019,75,17,2.9,4.0,0.1,0.392,Medium,30000.0,821,0.85
EMP01089,Finance,Director,L3,Female,Kolkata,Bachelor's,46,3.2,71700.0,4.4,2.2,2.7,1,7,1,1,Termination,2021,75,5,3.6,4.0,0.15,0.535,Medium,63000.0,936,0.71
EMP01090,Operations,Director,L1,Female,Delhi,MBA,55,5.1,57200.0,3.9,3.4,2.5,19,5,2,1,Transfer,2019,25,8,3.3,3.3,0.04,0.419,Medium,97400.0,324,0.71
EMP01091,Engineering,Director,L1,Female,Kolkata,MBA,40,4.0,48400.0,3.7,3.8,2.6,0,2,2,0,Termination,2018,50,6,4.0,4.5,0.36,0.409,Medium,48300.0,588,0.64
EMP01092,Operations,Analyst,L3,Male,Noida,Master's,39,1.6,118500.0,3.5,3.3,2.9,1,3,1,1,Termination,2023,75,4,4.3,2.6,0.37,0.403,Medium,189800.0,958,0.8
EMP01093,Marketing,Director,L4,Female,Hyderabad,Bachelor's,51,20.0,77000.0,3.9,4.5,3.8,17,2,0,0,Contract End,2018,25,1,4.7,2.6,0.22,0.117,Low,80400.0,1312,0.37
EMP01094,Sales,Senior Analyst,L3,Female,Kolkata,MBA,48,4.7,72800.0,3.9,4.6,2.7,27,6,1,1,Resignation,2015,0,13,3.9,2.9,0.23,0.431,Medium,51600.0,1447,0.47
EMP01095,Product,Senior Analyst,L2,Female,Delhi,MBA,43,1.4,98700.0,4.1,4.5,2.3,26,1,0,0,Termination,2018,75,11,4.1,3.6,0.27,0.446,Medium,124000.0,990,0.26
EMP01096,Customer Success,VP,L3,Female,Mumbai,MBA,46,2.3,63000.0,4.2,2.6,3.2,21,0,0,0,Contract End,2019,25,14,4.0,3.3,0.23,0.564,Medium,47100.0,1433,0.64
EMP01097,Customer Success,Individual Contributor,L2,Female,Bangalore,Diploma,52,0.1,29600.0,2.6,4.4,3.6,13,4,1,1,Retirement,2017,0,11,3.7,4.0,0.03,0.368,Medium,37200.0,520,0.66
EMP01098,Marketing,VP,L1,Female,Noida,MBA,49,1.7,119400.0,3.2,4.7,1.9,19,5,1,1,Contract End,2023,0,4,4.0,4.6,0.08,0.405,Medium,150600.0,649,0.51
EMP01099,Sales,Director,L2,Male,Kolkata,Master's,35,0.9,63700.0,4.1,3.3,2.1,11,3,2,0,Contract End,2019,100,17,3.7,4.6,0.29,0.629,Medium,63200.0,799,0.69
EMP01100,Customer Success,Senior Analyst,L1,Male,Pune,MBA,26,1.4,88500.0,3.9,4.2,4.5,30,3,2,0,Retirement,2015,100,4,3.5,3.5,0.24,0.288,Low,176600.0,1107,0.76
EMP01101,Engineering,Individual Contributor,L2,Male,Noida,Bachelor's,38,2.1,40400.0,4.5,4.2,2.5,13,6,2,1,Termination,2018,25,22,4.3,3.5,0.39,0.573,Medium,68800.0,284,0.58
EMP01102,Engineering,Senior Analyst,L5,Male,Noida,Bachelor's,32,9.3,79700.0,4.7,3.1,3.8,14,5,3,0,Resignation,2021,50,18,4.5,3.9,0.33,0.415,Medium,66500.0,1434,0.35
EMP01103,Sales,Senior Manager,L3,Male,Kolkata,MBA,42,7.1,40300.0,1.8,4.0,4.5,30,6,2,0,Resignation,2016,50,21,2.2,4.8,0.27,0.438,Medium,28000.0,922,0.56
EMP01104,Marketing,Director,L1,Male,Noida,Master's,35,1.8,51800.0,4.3,3.4,3.0,18,5,1,0,Resignation,2017,100,13,3.4,2.2,0.27,0.458,Medium,86600.0,521,0.64
EMP01105,Engineering,Director,L4,Female,Noida,MBA,28,0.3,35500.0,3.1,4.1,4.2,3,2,1,0,Transfer,2023,50,15,4.2,2.8,0.39,0.371,Medium,47400.0,1432,0.69
EMP01106,Engineering,Director,L3,Male,Bangalore,Diploma,49,0.9,52200.0,4.4,4.7,3.9,18,4,1,0,Contract End,2021,100,24,3.7,2.2,0.04,0.486,Medium,31500.0,1265,0.86
EMP01107,Engineering,Analyst,L6,Male,Kolkata,Bachelor's,39,4.3,116600.0,3.7,2.9,3.7,16,8,0,0,Resignation,2022,0,16,4.3,2.5,0.36,0.468,Medium,165500.0,1333,0.64
EMP01108,Product,Senior Manager,L4,Male,Noida,Bachelor's,27,5.9,83600.0,4.1,4.3,3.5,13,3,0,0,Resignation,2016,100,11,3.0,4.3,0.25,0.327,Low,135700.0,735,0.84
EMP01109,Engineering,Director,L1,Female,Noida,PhD,41,1.3,48700.0,3.5,3.8,4.9,1,7,3,0,Termination,2023,50,10,3.5,3.3,0.37,0.39,Medium,24400.0,1309,0.59
EMP01110,Engineering,Analyst,L3,Female,Noida,MBA,32,3.8,30000.0,4.7,2.9,3.9,0,6,2,0,Termination,2019,75,10,3.1,4.2,0.4,0.434,Medium,47700.0,496,0.65
EMP01111,Engineering,Analyst,L3,Male,Mumbai,Master's,23,1.6,70600.0,3.4,2.6,3.5,25,5,2,0,Retirement,2020,100,16,4.0,4.1,0.1,0.529,Medium,124600.0,1322,0.38
EMP01112,Sales,Director,L4,Male,Chennai,Master's,35,2.2,126500.0,4.4,4.0,2.1,21,2,0,0,Transfer,2021,50,21,3.6,2.8,0.01,0.606,Medium,221300.0,1052,0.7
EMP01113,Engineering,Senior Analyst,L3,Male,Kolkata,Bachelor's,26,2.8,41700.0,3.7,2.2,2.1,27,3,0,0,Termination,2016,100,7,4.3,3.7,0.34,0.585,Medium,33200.0,1129,0.66
EMP01114,Operations,Senior Manager,L5,Male,Mumbai,Bachelor's,39,0.6,105100.0,4.2,4.6,3.7,10,3,0,0,Contract End,2021,100,22,4.0,3.2,0.02,0.445,Medium,93200.0,745,0.67
EMP01115,Sales,Manager,L6,Male,Bangalore,MBA,38,0.5,124000.0,3.9,3.3,4.6,22,7,3,0,Termination,2022,75,16,4.4,4.8,0.18,0.446,Medium,110800.0,461,0.86
EMP01116,Engineering,Analyst,L4,Female,Kolkata,Bachelor's,31,1.1,111200.0,3.3,3.1,3.8,12,6,1,0,Transfer,2023,75,10,4.4,2.8,0.05,0.496,Medium,183900.0,183,0.76
EMP01117,Finance,Manager,L3,Male,Kolkata,PhD,29,0.9,67400.0,3.8,4.7,3.3,4,4,3,0,Contract End,2016,0,1,3.6,3.1,0.12,0.311,Low,130200.0,1497,0.59
EMP01118,Operations,Analyst,L3,Male,Noida,Bachelor's,34,0.1,108300.0,4.1,2.6,3.7,17,8,1,0,Retirement,2016,25,17,4.1,4.7,0.02,0.56,Medium,164100.0,608,0.67
EMP01119,Sales,Individual Contributor,L2,Female,Chennai,Master's,57,0.4,138900.0,4.5,3.5,2.3,24,2,2,0,Contract End,2020,0,12,3.9,3.7,0.15,0.492,Medium,229100.0,1333,0.61
EMP01120,Engineering,Individual Contributor,L2,Female,Bangalore,PhD,22,3.5,72400.0,4.2,3.0,3.0,27,3,3,1,Transfer,2022,50,5,1.9,4.5,0.01,0.431,Medium,55000.0,763,0.62
EMP01121,Finance,Analyst,L3,Non-Binary,Chennai,Bachelor's,50,1.8,96100.0,2.9,3.7,2.8,23,7,0,1,Contract End,2018,100,18,4.2,4.6,0.19,0.525,Medium,114600.0,915,0.8
EMP01122,HR,Senior Analyst,L3,Female,Pune,Master's,24,5.0,73600.0,3.6,3.8,2.2,11,6,2,0,Resignation,2016,75,2,2.2,4.4,0.17,0.363,Medium,76600.0,814,0.49
EMP01123,Operations,VP,L3,Male,Pune,Bachelor's,43,1.7,105800.0,3.5,4.6,3.6,11,6,3,0,Termination,2021,50,24,3.3,4.1,0.07,0.473,Medium,176300.0,1030,0.77
EMP01124,HR,Individual Contributor,L2,Male,Mumbai,MBA,50,3.5,167500.0,2.5,4.4,3.9,24,0,1,0,Retirement,2015,100,22,3.8,3.2,0.24,0.459,Medium,103800.0,113,0.52
EMP01125,Marketing,VP,L5,Male,Delhi,Bachelor's,26,3.0,58400.0,4.6,2.7,3.5,10,8,3,1,Retirement,2019,50,12,3.4,3.3,0.18,0.528,Medium,36900.0,1380,0.74
EMP01126,Sales,Senior Manager,L1,Male,Delhi,Diploma,41,0.4,53900.0,4.0,3.4,2.3,13,2,1,0,Resignation,2023,100,7,2.4,2.8,0.32,0.514,Medium,46600.0,1094,0.4
EMP01127,Product,Individual Contributor,L2,Female,Chennai,Master's,27,4.9,41400.0,3.9,3.6,3.2,3,6,2,1,Retirement,2023,0,6,3.8,2.5,0.21,0.413,Medium,42200.0,294,0.39
EMP01128,Engineering,VP,L5,Male,Pune,MBA,33,0.2,67500.0,4.0,3.6,3.6,8,2,2,0,Contract End,2021,50,5,2.8,2.6,0.18,0.396,Medium,83200.0,303,0.67
EMP01129,Operations,Analyst,L2,Female,Noida,Master's,45,1.8,102500.0,4.4,2.9,4.8,15,2,3,1,Termination,2020,100,3,4.4,4.0,0.08,0.308,Low,118700.0,1300,0.36
EMP01130,Marketing,Senior Analyst,L2,Male,Hyderabad,Diploma,23,6.3,128400.0,4.2,3.6,3.4,12,4,2,0,Termination,2023,75,11,3.4,4.0,0.25,0.379,Medium,254700.0,142,0.61
EMP01131,Product,Director,L2,Male,Mumbai,MBA,42,4.8,54200.0,3.0,3.9,2.7,31,3,1,0,Termination,2016,100,23,3.2,3.9,0.29,0.582,Medium,44900.0,942,0.77
EMP01132,Engineering,Analyst,L2,Female,Hyderabad,PhD,50,3.0,77800.0,4.4,3.1,3.0,18,6,2,0,Contract End,2023,50,8,4.1,4.3,0.32,0.457,Medium,59700.0,851,0.5
EMP01133,Product,Director,L4,Female,Bangalore,MBA,33,1.7,86800.0,4.0,4.1,3.7,21,1,1,0,Termination,2020,75,19,3.1,4.9,0.01,0.463,Medium,109000.0,526,0.73
EMP01134,HR,Senior Analyst,L1,Female,Mumbai,PhD,30,1.3,58100.0,4.1,4.2,2.5,13,0,3,1,Resignation,2017,0,16,4.1,4.4,0.13,0.472,Medium,92000.0,563,0.56
EMP01135,Engineering,VP,L2,Male,Pune,Bachelor's,51,8.4,41100.0,4.7,4.0,2.5,23,0,0,0,Retirement,2022,100,0,3.6,4.3,0.13,0.371,Medium,48300.0,1416,0.84
EMP01136,Engineering,Analyst,L4,Male,Chennai,Bachelor's,28,4.9,91600.0,4.6,4.5,2.1,24,4,2,0,Contract End,2021,0,2,3.3,3.3,0.39,0.321,Low,104000.0,93,0.74
EMP01137,Sales,Director,L6,Male,Mumbai,Bachelor's,46,0.9,58700.0,3.8,3.8,3.3,23,6,1,1,Termination,2018,100,18,3.4,4.4,0.23,0.539,Medium,95700.0,423,0.79
EMP01138,Product,Analyst,L2,Male,Chennai,MBA,49,1.1,53100.0,4.6,3.5,4.0,23,3,2,0,Termination,2023,75,22,3.0,3.6,0.27,0.557,Medium,63900.0,176,0.68
EMP01139,Finance,Analyst,L1,Female,Kolkata,Bachelor's,37,6.3,103600.0,4.7,2.5,4.0,5,6,0,0,Contract End,2023,0,2,3.8,3.5,0.38,0.373,Medium,101400.0,1497,0.71
EMP01140,Marketing,Senior Manager,L1,Female,Hyderabad,Master's,39,6.4,76300.0,3.2,4.0,4.0,17,3,0,0,Transfer,2016,50,8,2.7,3.0,0.29,0.282,Low,122500.0,1222,0.62
EMP01141,Sales,Manager,L2,Male,Delhi,Master's,28,14.0,145700.0,4.3,3.7,4.1,17,0,1,1,Resignation,2015,75,21,4.2,3.2,0.19,0.405,Medium,228200.0,112,0.43
EMP01142,Customer Success,Individual Contributor,L6,Female,Pune,Bachelor's,46,3.1,61800.0,3.1,4.3,2.1,7,5,2,0,Retirement,2023,50,5,2.1,2.9,0.32,0.403,Medium,56200.0,312,0.56
EMP01143,Operations,Senior Manager,L3,Female,Mumbai,MBA,54,1.7,59600.0,3.6,3.9,3.8,15,6,0,0,Transfer,2017,0,7,4.0,3.9,0.02,0.37,Medium,93500.0,1104,0.25
EMP01144,Engineering,Director,L2,Male,Mumbai,Master's,52,2.6,156500.0,4.1,4.9,4.7,24,1,3,0,Retirement,2023,50,19,3.4,3.2,0.05,0.334,Medium,229200.0,392,0.41
EMP01145,Product,VP,L2,Female,Delhi,Master's,57,1.2,95500.0,4.4,2.0,4.1,2,8,0,0,Resignation,2021,25,13,3.8,2.5,0.03,0.517,Medium,91400.0,207,0.67
EMP01146,Sales,VP,L4,Female,Hyderabad,MBA,41,2.1,79500.0,4.3,3.8,4.5,4,8,1,1,Resignation,2018,50,7,3.3,4.9,0.31,0.37,Medium,133600.0,1178,0.66
EMP01147,Engineering,Individual Contributor,L3,Male,Chennai,Bachelor's,52,3.8,26300.0,4.2,2.9,4.4,0,5,2,0,Transfer,2022,75,3,4.1,2.3,0.22,0.4,Medium,46700.0,590,0.71
EMP01148,HR,Senior Analyst,L2,Female,Kolkata,MBA,48,0.2,71400.0,3.9,3.4,4.1,9,6,2,0,Resignation,2019,25,9,3.2,3.4,0.04,0.45,Medium,133500.0,394,0.61
EMP01149,Operations,Analyst,L3,Male,Pune,MBA,33,11.0,44200.0,4.5,3.8,3.7,24,8,0,0,Retirement,2020,0,18,4.1,3.7,0.37,0.415,Medium,29300.0,1255,0.59
EMP01150,Product,Senior Analyst,L2,Female,Pune,PhD,45,0.2,30500.0,3.1,4.1,3.5,29,4,3,0,Retirement,2023,50,3,3.8,3.9,0.38,0.333,Medium,35200.0,566,0.45
EMP01151,Customer Success,Analyst,L1,Male,Bangalore,Master's,26,0.5,104900.0,4.7,3.6,3.4,1,0,1,0,Transfer,2019,50,19,4.3,4.1,0.25,0.509,Medium,154200.0,129,0.63
EMP01152,Marketing,Individual Contributor,L1,Male,Chennai,MBA,49,0.5,74600.0,3.5,3.5,4.6,21,0,2,0,Contract End,2023,0,12,2.7,3.7,0.3,0.412,Medium,79800.0,940,0.79
EMP01153,Product,VP,L4,Male,Mumbai,Master's,52,5.0,54200.0,4.8,4.3,4.4,21,1,2,1,Contract End,2023,75,23,3.6,3.0,0.02,0.387,Medium,103000.0,1363,0.63
EMP01154,Finance,VP,L4,Male,Hyderabad,Bachelor's,24,9.3,67400.0,3.5,3.4,3.3,7,0,0,0,Contract End,2023,100,24,4.9,4.1,0.19,0.463,Medium,52400.0,355,0.7
EMP01155,Finance,VP,L6,Female,Delhi,Master's,29,3.0,178400.0,2.9,3.6,3.0,28,7,0,0,Termination,2022,25,23,3.4,2.3,0.33,0.589,Medium,289500.0,247,0.48
EMP01156,HR,Director,L4,Female,Mumbai,MBA,39,2.1,73800.0,3.7,4.5,4.0,13,7,2,0,Resignation,2018,100,16,4.7,2.5,0.08,0.373,Medium,58100.0,1218,0.78
EMP01157,Customer Success,Analyst,L3,Male,Bangalore,Master's,45,3.0,110500.0,3.5,3.8,3.1,16,7,3,0,Retirement,2015,0,14,2.6,3.8,0.21,0.475,Medium,126400.0,1471,0.31
EMP01158,Customer Success,Director,L1,Female,Mumbai,Bachelor's,39,0.4,56500.0,4.5,4.7,3.8,21,8,0,0,Transfer,2021,100,17,4.6,4.4,0.35,0.424,Medium,101200.0,1017,0.81
EMP01159,Sales,Director,L5,Female,Hyderabad,Bachelor's,27,8.4,67900.0,3.3,3.1,3.6,14,4,1,0,Contract End,2017,0,8,4.2,2.6,0.34,0.343,Medium,111800.0,1054,0.65
EMP01160,Sales,Manager,L3,Female,Kolkata,PhD,44,0.3,65600.0,2.5,4.8,2.4,8,4,2,1,Retirement,2015,50,13,2.9,4.2,0.38,0.497,Medium,38400.0,1433,0.47
EMP01161,Engineering,VP,L4,Male,Chennai,Bachelor's,41,1.5,86100.0,2.4,4.0,2.9,24,6,0,1,Contract End,2015,50,13,3.9,2.9,0.03,0.415,Medium,98600.0,1368,0.69
EMP01162,Sales,Analyst,L1,Male,Bangalore,Bachelor's,41,3.2,71300.0,4.0,3.4,4.3,28,4,3,0,Contract End,2018,100,2,4.5,2.8,0.1,0.303,Low,109700.0,145,0.68
EMP01163,Engineering,Analyst,L4,Male,Bangalore,Bachelor's,49,3.1,124500.0,3.8,4.0,4.5,31,8,3,0,Contract End,2022,50,7,3.8,3.6,0.22,0.287,Low,81000.0,1264,0.88
EMP01164,Engineering,Individual Contributor,L4,Female,Delhi,Bachelor's,33,0.1,80300.0,3.1,1.5,3.6,16,6,2,0,Termination,2015,25,0,4.5,2.5,0.2,0.459,Medium,140000.0,1053,0.43
EMP01165,Operations,Director,L4,Female,Pune,Bachelor's,46,0.3,90100.0,3.5,3.7,3.0,24,4,2,0,Contract End,2021,100,15,2.4,3.7,0.09,0.518,Medium,134900.0,1382,0.47
EMP01166,Engineering,Director,L1,Male,Kolkata,MBA,49,0.1,74700.0,3.4,4.3,4.1,8,7,3,1,Contract End,2017,75,9,3.3,3.3,0.17,0.371,Medium,144900.0,20,0.71
EMP01167,Engineering,Manager,L5,Male,Mumbai,MBA,26,0.9,139700.0,4.1,3.0,4.1,16,0,1,0,Termination,2017,75,6,3.0,4.9,0.19,0.389,Medium,80300.0,382,0.63
EMP01168,Finance,Manager,L2,Non-Binary,Chennai,Master's,53,2.5,119100.0,4.0,4.4,2.4,8,0,0,0,Contract End,2017,25,8,4.6,4.2,0.14,0.397,Medium,63000.0,97,0.33
EMP01169,Marketing,VP,L2,Female,Noida,Diploma,48,0.3,91500.0,4.4,4.5,3.2,8,7,0,0,Termination,2021,0,1,2.2,3.1,0.38,0.355,Medium,102600.0,1034,0.7
EMP01170,Sales,VP,L2,Female,Hyderabad,MBA,29,1.8,185800.0,3.4,2.6,4.1,28,0,1,0,Contract End,2021,50,9,3.5,3.7,0.03,0.406,Medium,215400.0,1448,0.82
EMP01171,Operations,Senior Manager,L1,Male,Chennai,Master's,39,12.8,48600.0,4.6,4.9,4.5,19,6,2,0,Transfer,2017,50,24,4.2,4.4,0.27,0.369,Medium,84500.0,1469,0.18
EMP01172,Product,Individual Contributor,L1,Non-Binary,Pune,Diploma,50,0.4,109200.0,3.8,2.3,3.9,1,7,3,0,Resignation,2023,50,7,4.1,3.0,0.01,0.463,Medium,171800.0,1248,0.4
EMP01173,Engineering,Analyst,L6,Male,Noida,MBA,45,12.4,130300.0,4.0,3.9,3.9,29,1,1,0,Retirement,2021,50,13,3.0,3.4,0.31,0.35,Medium,195100.0,1402,0.6
EMP01174,Sales,Individual Contributor,L3,Male,Delhi,Bachelor's,26,0.3,57400.0,3.2,4.0,3.7,11,2,2,0,Contract End,2015,0,16,4.1,2.5,0.33,0.498,Medium,69200.0,369,0.58
EMP01175,Engineering,Senior Manager,L1,Male,Mumbai,Diploma,40,2.6,45800.0,3.5,3.9,3.5,7,2,2,0,Contract End,2020,50,0,4.5,2.9,0.04,0.314,Low,70300.0,171,0.7
EMP01176,Finance,Manager,L4,Male,Bangalore,PhD,47,3.7,56000.0,3.1,3.5,3.6,30,0,1,0,Contract End,2018,0,16,3.4,4.1,0.33,0.505,Medium,39100.0,1079,0.46
EMP01177,Customer Success,Individual Contributor,L3,Male,Hyderabad,Bachelor's,45,4.1,41800.0,4.2,3.9,4.7,9,8,0,0,Contract End,2017,50,9,4.5,3.7,0.08,0.335,Medium,28000.0,1429,0.36
EMP01178,Operations,Analyst,L4,Male,Delhi,MBA,55,1.5,88500.0,4.7,4.6,3.0,29,0,0,1,Retirement,2022,0,12,4.7,3.6,0.24,0.396,Medium,111200.0,254,0.43
EMP01179,Operations,Director,L2,Female,Delhi,Diploma,49,0.6,92700.0,4.5,3.0,4.4,16,6,0,0,Resignation,2023,0,2,4.6,4.1,0.17,0.345,Medium,175800.0,1432,0.25
EMP01180,Engineering,Manager,L3,Male,Delhi,Bachelor's,34,6.1,74700.0,4.8,4.3,4.1,6,3,3,1,Contract End,2016,75,16,2.6,1.9,0.31,0.333,Medium,48500.0,1063,0.68
EMP01181,Sales,Analyst,L2,Male,Hyderabad,MBA,24,1.7,60300.0,3.5,4.4,2.8,28,6,3,0,Termination,2020,100,6,2.9,4.2,0.32,0.339,Medium,79200.0,555,0.7
EMP01182,Customer Success,Senior Manager,L3,Female,Pune,Master's,23,0.2,117400.0,4.6,2.9,2.7,10,0,0,0,Transfer,2023,0,3,4.0,4.0,0.12,0.442,Medium,85300.0,1170,0.57
EMP01183,Operations,Individual Contributor,L2,Female,Delhi,MBA,56,0.6,27200.0,2.6,3.4,4.3,20,3,2,0,Termination,2022,0,8,3.5,3.5,0.18,0.373,Medium,16900.0,372,0.45
EMP01184,Marketing,Analyst,L4,Male,Kolkata,Bachelor's,40,0.7,54800.0,4.3,2.0,4.1,29,0,0,1,Resignation,2022,50,21,4.4,4.6,0.37,0.562,Medium,98000.0,329,0.63
EMP01185,Finance,Individual Contributor,L4,Female,Pune,PhD,29,5.8,109400.0,3.4,4.0,3.5,5,3,3,0,Retirement,2020,0,19,3.5,4.6,0.34,0.45,Medium,144400.0,334,0.84
EMP01186,Product,Senior Manager,L3,Female,Pune,Diploma,46,0.1,109200.0,4.3,3.7,3.8,19,1,0,0,Contract End,2017,25,2,3.3,3.2,0.36,0.379,Medium,150000.0,1265,0.73
EMP01187,Product,Manager,L1,Male,Noida,Bachelor's,37,0.3,77300.0,2.8,4.4,2.4,14,8,3,0,Resignation,2023,50,10,3.8,3.1,0.03,0.494,Medium,89900.0,756,0.65
EMP01188,Engineering,Manager,L5,Female,Delhi,Bachelor's,34,1.5,112600.0,4.1,3.0,4.6,7,0,2,0,Transfer,2023,50,24,3.7,4.1,0.06,0.523,Medium,163200.0,473,0.77
EMP01189,Customer Success,Director,L1,Female,Mumbai,Bachelor's,42,0.8,60700.0,4.0,4.3,2.1,16,6,0,0,Transfer,2015,75,18,4.5,3.2,0.25,0.498,Medium,41000.0,1331,0.67
EMP01190,Product,Manager,L5,Male,Kolkata,Master's,41,1.0,69400.0,4.7,4.5,4.3,30,5,2,0,Termination,2018,0,4,3.5,4.4,0.11,0.323,Low,131600.0,197,0.56
EMP01191,Customer Success,VP,L3,Female,Hyderabad,Master's,30,1.6,61300.0,3.1,2.8,3.6,5,3,2,0,Retirement,2018,50,20,2.9,4.0,0.17,0.576,Medium,91500.0,619,0.3
EMP01192,Engineering,Director,L3,Female,Kolkata,MBA,44,0.1,51400.0,4.6,4.6,4.4,26,5,3,0,Termination,2016,100,16,3.1,4.3,0.39,0.354,Medium,61100.0,985,0.73
EMP01193,Operations,Director,L2,Female,Kolkata,Bachelor's,49,11.7,53500.0,4.1,3.7,3.8,27,8,3,0,Contract End,2018,75,13,4.0,4.6,0.07,0.357,Medium,85700.0,1223,0.74
EMP01194,Marketing,Analyst,L5,Male,Hyderabad,MBA,28,5.3,49300.0,4.8,3.8,2.2,12,1,0,0,Transfer,2015,100,15,4.4,3.6,0.38,0.497,Medium,69100.0,577,0.41
EMP01195,Engineering,Manager,L4,Male,Kolkata,PhD,39,3.8,96200.0,4.3,4.1,4.2,29,5,0,1,Retirement,2023,100,20,2.8,2.7,0.33,0.424,Medium,71000.0,665,0.7
EMP01196,Finance,Individual Contributor,L4,Female,Chennai,Bachelor's,40,7.7,121400.0,3.6,2.5,3.0,29,4,1,0,Retirement,2017,100,10,4.6,3.7,0.14,0.523,Medium,165600.0,752,0.65
EMP01197,HR,Individual Contributor,L5,Male,Noida,Master's,29,3.4,98800.0,4.1,2.9,3.5,17,4,3,0,Contract End,2020,50,6,3.8,3.7,0.18,0.395,Medium,164400.0,1115,0.71
EMP01198,Finance,Analyst,L1,Male,Pune,MBA,35,1.1,106000.0,3.2,4.1,4.3,10,5,2,0,Termination,2016,50,21,3.5,4.1,0.28,0.499,Medium,134800.0,37,0.9
EMP01199,Finance,Senior Manager,L4,Male,Hyderabad,Master's,44,1.3,57900.0,3.6,3.9,2.8,27,6,1,0,Transfer,2015,50,21,3.2,3.5,0.15,0.531,Medium,50600.0,1355,0.82
EMP01200,Finance,VP,L2,Female,Kolkata,MBA,54,5.6,74100.0,2.0,3.6,3.0,27,8,2,0,Transfer,2021,75,16,4.9,3.4,0.12,0.44,Medium,121800.0,1134,0.65
EMP01201,Operations,Senior Analyst,L1,Non-Binary,Kolkata,MBA,56,6.3,71800.0,4.6,4.0,4.7,15,7,3,0,Contract End,2018,0,12,3.2,4.6,0.26,0.367,Medium,73600.0,1402,0.75
EMP01202,Sales,Manager,L3,Female,Pune,Diploma,35,0.1,65900.0,4.3,3.6,4.9,26,7,3,0,Contract End,2016,0,16,2.4,3.4,0.14,0.404,Medium,99400.0,155,0.72
EMP01203,Customer Success,Individual Contributor,L4,Male,Hyderabad,MBA,37,2.8,45700.0,3.9,4.0,4.2,1,8,2,0,Resignation,2020,75,21,4.0,4.7,0.24,0.409,Medium,53300.0,571,0.31
EMP01204,Sales,Individual Contributor,L4,Female,Kolkata,MBA,37,1.2,61900.0,2.5,3.5,2.7,13,1,3,1,Transfer,2021,100,18,4.1,3.8,0.0,0.555,Medium,92200.0,307,0.71
EMP01205,Product,Individual Contributor,L2,Female,Mumbai,Bachelor's,26,5.4,68000.0,4.1,3.6,4.4,0,8,3,1,Retirement,2020,0,3,1.5,4.3,0.23,0.285,Low,107000.0,680,0.63
EMP01206,Customer Success,VP,L2,Male,Hyderabad,Master's,23,2.9,66300.0,4.2,4.0,4.6,23,5,1,1,Termination,2023,100,1,4.7,4.6,0.3,0.29,Low,61900.0,287,0.42
EMP01207,Product,Director,L5,Female,Noida,Bachelor's,23,3.0,138700.0,3.8,3.5,3.1,6,0,2,0,Contract End,2018,25,5,4.3,4.1,0.29,0.449,Medium,231600.0,1002,0.71
EMP01208,Sales,Individual Contributor,L5,Male,Pune,MBA,30,1.5,81100.0,3.8,2.9,2.8,9,1,0,0,Retirement,2015,50,8,4.4,3.8,0.33,0.53,Medium,152200.0,1224,0.37
EMP01209,Finance,VP,L2,Female,Hyderabad,Master's,41,0.2,80900.0,4.0,4.4,4.0,27,6,1,0,Termination,2020,100,1,4.7,4.7,0.1,0.274,Low,49600.0,1337,0.26
EMP01210,Operations,Analyst,L2,Male,Pune,Bachelor's,45,4.8,86400.0,4.1,4.3,3.5,8,6,3,0,Resignation,2017,100,11,2.9,4.1,0.0,0.406,Medium,68400.0,83,0.31
EMP01211,Product,Director,L3,Male,Noida,MBA,56,7.2,83300.0,4.4,2.6,4.3,11,3,2,0,Transfer,2021,75,16,4.1,4.8,0.25,0.422,Medium,70600.0,450,0.67
EMP01212,Engineering,Senior Manager,L4,Female,Bangalore,MBA,43,3.2,38400.0,4.0,3.7,2.9,1,0,3,0,Contract End,2019,50,5,4.7,3.1,0.23,0.383,Medium,25400.0,948,0.32
EMP01213,Marketing,Individual Contributor,L6,Male,Mumbai,Bachelor's,38,4.6,88100.0,4.1,2.3,3.0,19,3,0,0,Retirement,2015,50,2,4.4,3.8,0.21,0.476,Medium,68400.0,1,0.74
EMP01214,Marketing,VP,L4,Male,Bangalore,Bachelor's,46,7.2,58100.0,2.4,3.9,3.3,4,8,2,0,Termination,2023,50,10,2.8,3.4,0.39,0.401,Medium,88500.0,1067,0.52
EMP01215,HR,Manager,L4,Male,Noida,Bachelor's,51,1.5,68400.0,3.6,3.4,2.7,6,4,0,0,Retirement,2023,25,7,4.6,4.3,0.31,0.414,Medium,121100.0,101,0.74
EMP01216,Product,Manager,L1,Male,Chennai,Master's,52,2.5,50500.0,2.9,4.9,4.6,8,2,0,0,Transfer,2015,50,14,3.4,4.7,0.28,0.318,Low,30000.0,858,0.44
EMP01217,Operations,Manager,L1,Male,Chennai,Master's,33,5.7,142100.0,4.4,3.8,2.2,21,0,0,0,Contract End,2023,100,4,1.9,3.6,0.29,0.452,Medium,170200.0,1232,0.78
EMP01218,Operations,Individual Contributor,L2,Female,Noida,Bachelor's,40,3.7,96900.0,4.7,4.4,1.8,3,0,1,1,Retirement,2016,100,16,2.8,4.0,0.29,0.523,Medium,78900.0,1034,0.43
EMP01219,Operations,Senior Analyst,L4,Female,Noida,Bachelor's,50,0.4,99400.0,4.8,4.3,3.0,0,7,3,1,Contract End,2023,100,1,3.5,3.7,0.28,0.39,Medium,158300.0,952,0.72
EMP01220,HR,Director,L2,Female,Delhi,Master's,28,0.1,47900.0,3.0,3.0,2.4,21,0,2,0,Contract End,2023,75,2,3.4,2.6,0.37,0.423,Medium,77700.0,254,0.41
EMP01221,Finance,Senior Manager,L3,Female,Pune,Bachelor's,49,10.4,37900.0,4.8,3.7,3.6,7,3,3,0,Termination,2017,100,10,4.1,4.4,0.38,0.384,Medium,47500.0,1391,0.83
EMP01222,Marketing,VP,L4,Male,Noida,Bachelor's,51,3.8,80100.0,4.7,2.8,3.2,12,6,2,0,Contract End,2017,100,22,4.4,4.3,0.18,0.528,Medium,109700.0,943,0.39
EMP01223,Operations,Director,L1,Male,Bangalore,Master's,22,8.7,78200.0,3.6,3.4,3.8,27,4,0,0,Resignation,2015,50,24,3.7,4.3,0.08,0.517,Medium,105200.0,77,0.58
EMP01224,Product,Senior Manager,L4,Male,Chennai,PhD,28,5.1,121600.0,4.2,2.7,4.1,20,4,2,0,Retirement,2018,75,10,4.5,4.4,0.05,0.424,Medium,118800.0,504,0.92
EMP01225,Finance,Manager,L2,Female,Kolkata,MBA,42,0.1,58300.0,4.6,3.0,3.1,10,5,1,1,Termination,2020,50,10,2.6,4.6,0.11,0.496,Medium,79500.0,617,0.96
EMP01226,Operations,Director,L3,Male,Chennai,Bachelor's,48,6.4,145400.0,4.6,3.4,3.2,19,2,3,1,Termination,2023,50,2,3.8,4.0,0.04,0.313,Low,240200.0,15,0.83
EMP01227,Operations,Manager,L3,Male,Hyderabad,MBA,48,4.3,126800.0,4.4,3.8,3.8,15,0,1,0,Resignation,2020,75,1,3.6,3.9,0.32,0.275,Low,115000.0,1258,0.83
EMP01228,Engineering,Senior Manager,L1,Male,Delhi,MBA,24,7.3,103200.0,4.8,2.2,4.1,26,0,0,0,Contract End,2019,50,19,3.6,4.0,0.39,0.512,Medium,113100.0,602,0.34
EMP01229,Product,Senior Manager,L4,Male,Noida,MBA,34,3.9,130600.0,3.4,3.7,4.6,5,2,0,0,Termination,2017,0,22,1.9,4.8,0.02,0.443,Medium,216300.0,485,0.79
EMP01230,Customer Success,Senior Manager,L2,Female,Delhi,Diploma,32,1.7,181400.0,3.4,4.3,2.4,16,0,1,0,Contract End,2020,50,17,2.9,4.0,0.12,0.55,Medium,327600.0,1024,0.57
EMP01231,Operations,Manager,L1,Female,Delhi,Bachelor's,39,3.0,28500.0,4.1,3.9,3.8,4,8,3,0,Termination,2015,25,17,2.3,4.6,0.3,0.411,Medium,50500.0,215,0.64
EMP01232,Engineering,Director,L5,Male,Chennai,Bachelor's,45,0.3,79800.0,4.7,4.3,4.5,24,7,3,0,Resignation,2018,50,11,2.6,3.2,0.25,0.392,Medium,81600.0,640,0.36
EMP01233,Sales,Director,L2,Female,Delhi,Master's,55,13.9,102600.0,4.1,4.4,3.9,31,4,1,0,Retirement,2023,0,15,3.6,2.9,0.05,0.286,Low,196700.0,798,0.72
EMP01234,Operations,Director,L6,Male,Delhi,MBA,49,5.5,30700.0,3.6,3.6,2.2,15,2,1,0,Contract End,2015,100,23,4.0,4.2,0.04,0.6,Medium,55900.0,1428,0.77
EMP01235,Operations,Manager,L3,Male,Kolkata,MBA,42,7.5,55100.0,3.5,1.8,3.4,30,6,2,0,Termination,2022,50,11,2.3,2.6,0.09,0.518,Medium,36200.0,50,0.61
EMP01236,Sales,VP,L3,Male,Mumbai,Bachelor's,51,0.3,35000.0,3.8,3.6,3.4,31,7,3,0,Contract End,2022,75,0,2.0,4.1,0.17,0.393,Medium,22000.0,548,0.79
EMP01237,Engineering,Senior Manager,L1,Female,Bangalore,MBA,53,0.5,60400.0,3.6,4.8,2.8,7,5,2,0,Termination,2020,50,18,3.9,3.4,0.27,0.489,Medium,50200.0,387,0.57
EMP01238,Engineering,Manager,L4,Female,Bangalore,Diploma,38,3.4,48300.0,3.9,4.1,2.5,2,2,0,1,Resignation,2019,75,8,3.4,4.0,0.05,0.445,Medium,84600.0,141,0.78
EMP01239,Engineering,Manager,L3,Female,Pune,Bachelor's,53,1.0,33000.0,4.4,4.2,3.3,18,6,2,0,Retirement,2020,50,17,4.2,4.3,0.25,0.485,Medium,49000.0,913,0.57
EMP01240,Engineering,Analyst,L2,Male,Mumbai,PhD,55,0.3,98400.0,3.7,4.7,3.1,15,7,3,1,Resignation,2015,75,12,4.0,2.8,0.08,0.373,Medium,161400.0,512,0.66
EMP01241,Engineering,Analyst,L2,Male,Noida,Master's,38,4.8,75100.0,4.4,4.4,3.9,0,4,2,0,Termination,2023,50,6,1.7,3.1,0.23,0.342,Medium,64500.0,695,0.63
EMP01242,HR,Senior Analyst,L4,Female,Mumbai,MBA,55,2.7,105300.0,4.5,2.4,3.8,20,4,1,1,Transfer,2020,75,0,2.8,4.0,0.32,0.428,Medium,77500.0,361,0.76
EMP01243,HR,Individual Contributor,L1,Female,Pune,MBA,37,4.8,47300.0,4.5,3.0,2.7,11,5,0,1,Contract End,2022,0,12,4.2,4.0,0.09,0.477,Medium,92500.0,625,0.6
EMP01244,Sales,Senior Analyst,L2,Male,Delhi,MBA,28,3.7,87400.0,3.7,4.3,3.2,21,0,2,0,Transfer,2022,100,18,4.3,4.0,0.08,0.477,Medium,99200.0,1067,0.56
EMP01245,Operations,Analyst,L2,Female,Pune,Bachelor's,46,2.8,91000.0,3.9,2.9,2.8,14,7,0,0,Retirement,2022,50,2,3.3,3.2,0.15,0.422,Medium,151000.0,923,0.76
EMP01246,Engineering,Manager,L2,Male,Chennai,Bachelor's,33,2.2,181500.0,4.5,4.6,2.0,2,0,0,0,Retirement,2020,100,11,4.2,2.6,0.28,0.473,Medium,274000.0,730,0.86
EMP01247,Engineering,Individual Contributor,L5,Male,Chennai,Master's,49,0.3,59300.0,4.2,4.1,1.8,12,4,1,0,Contract End,2017,100,13,3.5,4.7,0.21,0.557,Medium,70100.0,19,0.56
EMP01248,Marketing,Senior Manager,L2,Male,Chennai,Bachelor's,43,2.2,53900.0,3.8,3.3,4.7,0,0,2,0,Contract End,2022,50,1,4.3,3.7,0.3,0.319,Low,71700.0,413,0.88
EMP01249,Marketing,Senior Analyst,L3,Male,Bangalore,MBA,51,0.2,39100.0,3.1,4.0,2.6,7,0,1,0,Transfer,2019,50,18,3.5,2.6,0.28,0.569,Medium,33700.0,189,0.76
EMP01250,Engineering,Senior Manager,L5,Male,Noida,MBA,53,0.8,32000.0,2.9,3.8,3.2,10,3,0,0,Contract End,2019,50,4,4.1,3.3,0.27,0.435,Medium,53000.0,94,0.71
EMP01251,Customer Success,Individual Contributor,L3,Male,Chennai,Master's,32,7.0,70600.0,4.5,3.1,3.5,19,7,1,0,Termination,2020,75,22,3.1,4.4,0.2,0.568,Medium,64700.0,1171,0.86
EMP01252,Finance,Director,L2,Male,Chennai,Diploma,55,1.7,56000.0,4.5,3.3,3.6,6,7,1,0,Resignation,2020,50,15,3.9,4.3,0.23,0.456,Medium,68300.0,76,0.67
EMP01253,Marketing,Individual Contributor,L1,Female,Noida,MBA,55,6.8,61800.0,4.2,3.4,3.4,1,7,2,0,Retirement,2023,0,21,2.5,2.4,0.17,0.466,Medium,108700.0,297,0.36
EMP01254,Sales,Director,L1,Male,Kolkata,Bachelor's,49,3.5,69600.0,4.5,4.6,2.4,2,3,1,1,Resignation,2016,75,8,4.1,4.0,0.34,0.441,Medium,97500.0,894,0.56
EMP01255,Marketing,Individual Contributor,L2,Male,Chennai,MBA,52,0.8,137500.0,3.4,3.8,2.0,21,7,0,0,Retirement,2019,75,23,4.4,4.3,0.29,0.58,Medium,174800.0,192,0.82
EMP01256,Engineering,Manager,L2,Female,Chennai,Bachelor's,30,4.2,105800.0,4.3,4.3,4.6,19,6,1,0,Termination,2019,75,21,4.0,4.7,0.08,0.372,Medium,180100.0,667,0.32
EMP01257,Product,Analyst,L4,Male,Delhi,Bachelor's,44,6.1,72900.0,2.7,3.8,4.0,26,1,2,0,Contract End,2017,100,16,3.7,4.7,0.23,0.376,Medium,45600.0,1190,0.48
EMP01258,Finance,VP,L3,Male,Bangalore,Master's,53,3.3,34700.0,4.1,3.3,3.0,19,4,1,0,Contract End,2018,75,14,2.9,2.3,0.09,0.48,Medium,20100.0,524,0.74
EMP01259,Marketing,Senior Analyst,L1,Female,Delhi,MBA,32,3.3,130300.0,3.3,3.3,2.6,31,0,2,0,Transfer,2023,75,12,2.1,3.5,0.21,0.525,Medium,182000.0,271,0.78
EMP01260,Marketing,Manager,L6,Female,Chennai,Bachelor's,41,7.5,91300.0,3.2,4.1,3.3,28,0,2,0,Transfer,2017,50,5,2.3,4.0,0.33,0.338,Medium,95100.0,1270,0.54
EMP01261,Engineering,VP,L2,Female,Hyderabad,Bachelor's,43,3.0,109700.0,3.2,3.4,2.9,1,0,3,0,Transfer,2016,50,18,2.0,3.5,0.39,0.568,Medium,170800.0,1189,0.72
EMP01262,Product,Senior Manager,L2,Female,Delhi,Bachelor's,47,4.0,91400.0,2.6,3.7,3.5,6,0,3,0,Resignation,2017,50,5,3.2,4.0,0.27,0.384,Medium,100600.0,1420,0.56
EMP01263,Customer Success,Analyst,L4,Male,Bangalore,PhD,55,2.0,113900.0,3.1,4.6,3.3,28,2,3,0,Contract End,2016,100,20,4.8,4.3,0.01,0.478,Medium,191900.0,665,0.7
EMP01264,Customer Success,VP,L3,Male,Hyderabad,MBA,22,5.3,33200.0,3.8,2.3,3.0,15,5,0,1,Retirement,2023,75,0,3.1,3.2,0.15,0.424,Medium,51800.0,101,0.6
EMP01265,Operations,VP,L5,Female,Hyderabad,MBA,30,10.7,106900.0,3.7,2.8,4.2,5,3,0,0,Retirement,2022,75,8,3.8,4.3,0.37,0.312,Low,67100.0,347,0.65
EMP01266,Engineering,VP,L2,Male,Chennai,Bachelor's,48,6.3,73800.0,3.4,3.8,4.1,25,7,0,0,Contract End,2022,100,20,3.4,3.7,0.0,0.395,Medium,94700.0,4,0.83
EMP01267,Engineering,Individual Contributor,L3,Female,Kolkata,Bachelor's,38,1.8,102600.0,3.3,2.9,3.3,10,2,1,0,Transfer,2017,100,12,4.0,4.2,0.37,0.501,Medium,148600.0,1408,0.65
EMP01268,Engineering,Analyst,L4,Male,Noida,Bachelor's,57,0.8,115200.0,4.4,4.4,2.3,2,6,2,0,Contract End,2018,50,23,2.9,3.9,0.2,0.578,Medium,220100.0,507,0.67
EMP01269,Operations,Director,L4,Male,Bangalore,Bachelor's,23,0.1,44400.0,4.4,3.4,3.5,19,2,0,1,Termination,2015,25,15,4.6,4.2,0.02,0.47,Medium,25800.0,206,0.7
EMP01270,Engineering,Director,L3,Male,Mumbai,MBA,39,1.0,28600.0,4.6,3.2,4.3,8,6,3,0,Termination,2022,0,0,4.6,4.1,0.17,0.339,Medium,57100.0,1118,0.82
EMP01271,Product,Senior Manager,L2,Male,Hyderabad,Diploma,49,5.5,26700.0,3.4,4.7,2.8,13,6,0,0,Contract End,2015,50,1,3.4,2.9,0.21,0.341,Medium,44900.0,509,0.56
EMP01272,Product,Analyst,L4,Female,Chennai,Bachelor's,54,0.9,105900.0,4.6,3.5,3.5,24,3,2,0,Resignation,2021,75,3,3.2,3.7,0.04,0.413,Medium,97800.0,778,0.35
EMP01273,HR,Senior Manager,L5,Male,Noida,Bachelor's,43,3.9,35600.0,4.4,4.0,3.5,14,8,0,0,Resignation,2022,75,10,3.0,4.8,0.29,0.38,Medium,60500.0,556,0.79
EMP01274,Marketing,Manager,L4,Female,Delhi,Master's,30,1.0,98900.0,3.0,3.0,1.9,27,3,0,0,Transfer,2016,50,12,3.6,4.8,0.02,0.599,Medium,117300.0,495,0.66
EMP01275,Operations,VP,L3,Male,Bangalore,PhD,48,1.1,68200.0,3.3,2.1,3.8,22,7,0,0,Transfer,2023,100,22,3.7,4.4,0.39,0.629,Medium,35600.0,460,0.63
EMP01276,Engineering,Director,L4,Female,Mumbai,Bachelor's,26,0.8,59600.0,3.9,4.0,2.5,3,2,2,1,Termination,2021,0,19,3.3,2.1,0.24,0.575,Medium,91600.0,739,0.87
EMP01277,Engineering,Senior Manager,L3,Female,Noida,Bachelor's,52,0.9,91500.0,3.0,3.2,4.6,23,6,3,0,Contract End,2022,50,17,4.8,3.6,0.4,0.448,Medium,145800.0,1068,0.66
EMP01278,Operations,Senior Analyst,L4,Male,Kolkata,Master's,35,4.8,98700.0,4.2,4.9,3.0,28,3,1,1,Termination,2021,75,5,3.9,3.0,0.31,0.264,Low,55500.0,547,0.53
EMP01279,Engineering,Senior Manager,L1,Female,Hyderabad,MBA,27,1.4,86400.0,4.3,3.3,4.1,2,1,3,0,Resignation,2016,100,20,4.6,4.7,0.39,0.478,Medium,111400.0,1080,0.61
EMP01280,HR,Senior Analyst,L2,Male,Bangalore,Bachelor's,32,4.2,106000.0,3.7,4.8,4.1,5,7,2,0,Transfer,2019,0,1,3.3,4.5,0.3,0.256,Low,118700.0,1397,0.48
EMP01281,Marketing,Senior Manager,L1,Male,Pune,Bachelor's,26,0.9,106500.0,4.5,3.8,4.7,23,1,2,0,Termination,2017,50,7,4.5,3.7,0.1,0.332,Medium,98000.0,974,0.55
EMP01282,Engineering,VP,L3,Female,Chennai,MBA,45,0.2,40500.0,4.5,4.5,2.2,17,3,1,0,Resignation,2017,100,13,4.1,3.6,0.14,0.5,Medium,62800.0,46,0.81
EMP01283,Product,Senior Analyst,L3,Male,Delhi,Master's,52,1.2,123400.0,4.2,3.6,1.9,27,8,0,0,Resignation,2015,50,9,2.6,3.9,0.05,0.484,Medium,208700.0,267,0.56
EMP01284,HR,Individual Contributor,L4,Female,Hyderabad,Bachelor's,47,2.6,101000.0,4.3,3.0,3.7,24,2,0,0,Resignation,2015,50,4,4.1,4.2,0.17,0.442,Medium,62600.0,442,0.66
EMP01285,Engineering,VP,L4,Male,Bangalore,Diploma,41,1.2,52900.0,3.5,4.0,2.9,13,0,3,0,Termination,2023,75,11,4.0,4.5,0.2,0.41,Medium,61300.0,916,0.37
EMP01286,Customer Success,Senior Manager,L2,Male,Chennai,Bachelor's,34,0.3,33800.0,3.3,2.7,2.8,12,7,1,1,Resignation,2017,0,13,3.6,3.7,0.35,0.6,Medium,28200.0,1343,0.46
EMP01287,Engineering,Analyst,L1,Male,Kolkata,Master's,49,3.2,114600.0,3.2,3.1,4.8,17,0,3,0,Retirement,2019,100,23,4.6,4.2,0.1,0.47,Medium,220800.0,328,0.55
EMP01288,Engineering,Analyst,L2,Male,Bangalore,Bachelor's,43,4.8,94300.0,4.3,4.6,3.5,19,8,2,0,Transfer,2022,50,17,4.6,4.5,0.39,0.442,Medium,98700.0,857,0.61
EMP01289,Finance,Analyst,L6,Female,Noida,Bachelor's,47,5.6,113200.0,2.6,3.6,3.6,10,5,2,0,Contract End,2019,100,3,3.7,4.6,0.08,0.371,Medium,89000.0,876,0.52
EMP01290,Engineering,VP,L3,Male,Bangalore,Bachelor's,56,3.0,30700.0,4.1,3.6,3.8,26,8,3,0,Resignation,2020,100,18,2.1,4.4,0.4,0.461,Medium,49500.0,162,0.44
EMP01291,Customer Success,VP,L2,Male,Hyderabad,Bachelor's,25,6.2,101600.0,3.8,3.0,3.6,22,7,0,1,Retirement,2018,50,20,4.7,3.8,0.19,0.555,Medium,139900.0,444,0.67
EMP01292,Sales,VP,L3,Male,Noida,Bachelor's,38,0.7,31800.0,4.2,3.7,4.3,19,2,1,0,Resignation,2016,25,14,3.4,4.8,0.34,0.42,Medium,39900.0,10,0.76
EMP01293,Engineering,Analyst,L2,Female,Mumbai,MBA,40,0.3,113700.0,4.0,4.0,2.9,31,1,3,0,Termination,2022,25,13,3.1,3.7,0.03,0.468,Medium,221600.0,602,0.71
EMP01294,Engineering,Director,L5,Male,Kolkata,MBA,43,5.7,104400.0,4.0,3.9,3.4,9,7,0,0,Retirement,2019,50,15,4.5,3.7,0.1,0.387,Medium,179200.0,452,0.65
EMP01295,Marketing,Director,L1,Male,Chennai,Diploma,47,4.1,76200.0,3.6,3.8,3.0,14,1,2,0,Resignation,2019,50,23,3.9,3.3,0.34,0.556,Medium,40500.0,626,0.6
EMP01296,Operations,VP,L4,Female,Hyderabad,Bachelor's,29,1.1,133800.0,3.4,3.9,3.0,24,6,0,0,Resignation,2018,50,9,4.0,4.3,0.1,0.479,Medium,180500.0,1065,0.76
EMP01297,Product,Senior Analyst,L1,Female,Pune,MBA,52,2.8,70700.0,2.6,2.9,4.3,14,4,3,0,Resignation,2016,50,21,4.5,4.1,0.15,0.527,Medium,92600.0,433,0.65
EMP01298,Sales,Senior Analyst,L5,Male,Delhi,Diploma,28,0.9,135300.0,3.8,4.6,3.3,8,4,0,0,Retirement,2018,50,21,4.0,2.8,0.26,0.484,Medium,113200.0,904,0.21
EMP01299,Marketing,VP,L3,Male,Bangalore,Master's,50,0.6,193700.0,4.4,3.9,2.4,12,4,2,0,Resignation,2015,100,6,2.5,4.2,0.32,0.47,Medium,207500.0,984,0.6
EMP01300,Finance,Individual Contributor,L4,Female,Noida,Master's,57,5.4,56700.0,4.0,3.9,4.3,10,6,1,0,Transfer,2018,25,12,3.5,2.4,0.02,0.333,Medium,62600.0,802,0.72
EMP01301,HR,Individual Contributor,L4,Female,Chennai,MBA,47,15.4,56400.0,4.2,3.7,2.9,4,3,3,0,Contract End,2023,50,7,3.5,3.2,0.11,0.309,Low,87400.0,1413,0.67
EMP01302,Product,VP,L6,Female,Chennai,Diploma,39,2.1,56400.0,4.4,3.1,4.2,12,2,0,0,Contract End,2019,0,18,4.7,3.6,0.07,0.491,Medium,101000.0,1400,0.49
EMP01303,Sales,Analyst,L3,Female,Pune,MBA,31,0.6,93600.0,3.4,4.9,4.3,11,4,3,0,Retirement,2020,75,17,4.0,3.3,0.02,0.404,Medium,172500.0,1114,0.53
EMP01304,Operations,Manager,L4,Female,Bangalore,Bachelor's,47,4.4,97700.0,4.2,3.8,4.0,2,2,1,0,Retirement,2019,50,10,3.4,4.4,0.21,0.364,Medium,73200.0,601,0.31
EMP01305,Customer Success,Individual Contributor,L3,Female,Mumbai,Diploma,26,0.6,42900.0,3.8,4.0,4.7,13,7,1,0,Resignation,2015,75,12,4.1,4.7,0.4,0.376,Medium,76200.0,324,0.44
EMP01306,Sales,VP,L5,Female,Noida,Bachelor's,30,1.2,115500.0,4.4,3.6,4.7,21,6,2,0,Contract End,2019,75,14,4.5,3.8,0.2,0.412,Medium,97800.0,1064,0.42
EMP01307,Customer Success,VP,L2,Female,Noida,Master's,29,0.9,154500.0,3.0,4.4,3.8,8,4,0,0,Contract End,2023,50,9,4.4,2.6,0.36,0.349,Medium,263100.0,555,0.46
EMP01308,Engineering,Analyst,L1,Female,Delhi,Master's,31,7.7,49900.0,4.9,4.5,3.2,8,8,2,0,Retirement,2017,0,24,4.1,2.6,0.16,0.456,Medium,29300.0,793,0.75
EMP01309,Operations,Manager,L1,Male,Bangalore,Bachelor's,57,1.3,41700.0,4.2,2.7,4.2,27,5,2,0,Transfer,2022,100,16,3.0,3.5,0.11,0.481,Medium,37300.0,152,0.69
EMP01310,Customer Success,VP,L1,Male,Chennai,Master's,56,4.9,51900.0,4.2,4.0,3.5,29,0,3,0,Contract End,2017,75,6,2.2,2.8,0.0,0.306,Low,81400.0,199,0.61
EMP01311,Marketing,Individual Contributor,L1,Male,Delhi,Bachelor's,39,0.5,48200.0,4.7,3.8,3.1,5,1,1,0,Termination,2020,50,15,3.8,3.7,0.31,0.458,Medium,89400.0,235,0.56
EMP01312,Finance,Senior Analyst,L2,Female,Noida,Bachelor's,56,6.0,77200.0,3.8,3.3,3.5,3,0,3,0,Contract End,2021,0,13,3.5,2.8,0.14,0.487,Medium,98800.0,248,0.31
EMP01313,Engineering,Senior Manager,L3,Female,Noida,MBA,29,1.1,91200.0,4.0,4.2,3.9,6,8,3,0,Retirement,2020,75,9,2.9,3.8,0.24,0.32,Low,134600.0,667,0.9
EMP01314,Operations,Individual Contributor,L3,Female,Bangalore,MBA,52,1.0,111300.0,3.4,3.6,2.9,24,8,2,0,Resignation,2016,75,9,4.6,4.3,0.08,0.408,Medium,180300.0,1155,0.67
EMP01315,Finance,Analyst,L3,Male,Hyderabad,Bachelor's,26,2.4,66300.0,3.8,3.3,4.4,5,6,0,1,Termination,2022,75,15,2.8,4.5,0.1,0.409,Medium,35700.0,652,0.87
EMP01316,Marketing,VP,L1,Female,Delhi,Master's,30,2.0,52400.0,4.6,2.8,3.8,1,4,3,0,Retirement,2020,50,1,4.0,2.3,0.05,0.422,Medium,104200.0,1169,0.61
EMP01317,Marketing,VP,L1,Female,Hyderabad,Master's,34,1.2,69300.0,3.5,4.2,4.0,0,5,2,0,Termination,2022,25,9,3.8,3.2,0.26,0.34,Medium,97600.0,735,0.77
EMP01318,Engineering,Senior Manager,L1,Female,Noida,Master's,22,0.9,27700.0,4.0,2.6,2.8,19,0,2,0,Transfer,2015,100,5,3.5,2.3,0.2,0.501,Medium,44500.0,371,0.52
EMP01319,Operations,VP,L3,Female,Pune,Master's,37,4.6,47100.0,4.9,3.6,4.1,13,2,1,0,Transfer,2018,100,5,2.7,3.3,0.23,0.381,Medium,88900.0,187,0.87
EMP01320,Marketing,Director,L4,Female,Chennai,Master's,51,8.1,166500.0,3.6,3.3,3.9,8,7,3,0,Transfer,2020,50,18,3.1,3.3,0.24,0.468,Medium,196700.0,873,0.63
EMP01321,Marketing,Senior Analyst,L1,Female,Kolkata,Master's,29,6.0,67600.0,4.0,3.8,3.1,0,4,0,0,Retirement,2023,50,14,4.0,2.3,0.25,0.391,Medium,117300.0,1320,0.83
EMP01322,Engineering,Senior Analyst,L4,Female,Bangalore,Master's,23,5.7,62800.0,4.2,4.1,3.2,10,4,1,0,Contract End,2023,25,19,3.6,3.6,0.3,0.448,Medium,97800.0,691,0.57
EMP01323,Finance,VP,L3,Male,Kolkata,MBA,25,3.3,65200.0,3.5,3.7,2.2,4,6,0,0,Transfer,2019,25,0,4.0,4.2,0.32,0.353,Medium,111300.0,364,0.49
EMP01324,Product,Analyst,L3,Female,Hyderabad,Bachelor's,47,0.1,86200.0,4.1,3.7,2.6,4,4,0,0,Retirement,2020,50,16,3.8,3.1,0.01,0.575,Medium,127000.0,192,0.46
EMP01325,Operations,Senior Analyst,L2,Male,Delhi,PhD,51,1.1,79600.0,4.1,1.3,4.4,26,6,3,1,Contract End,2020,100,13,4.2,4.2,0.04,0.598,Medium,93500.0,1014,0.79
EMP01326,Engineering,Senior Analyst,L3,Male,Bangalore,Bachelor's,42,6.5,89400.0,2.6,3.9,3.5,21,2,0,0,Retirement,2018,50,17,4.5,3.8,0.07,0.465,Medium,120200.0,857,0.73
EMP01327,Engineering,Director,L4,Male,Hyderabad,Master's,48,1.5,100900.0,4.6,3.8,2.0,25,5,3,1,Retirement,2017,25,9,3.1,4.6,0.2,0.462,Medium,131900.0,1233,0.61
EMP01328,Engineering,Individual Contributor,L1,Male,Kolkata,Master's,46,2.3,54700.0,4.1,4.3,4.3,1,5,2,0,Resignation,2023,25,1,4.6,3.9,0.15,0.288,Low,51600.0,631,0.89
EMP01329,Sales,Analyst,L3,Male,Kolkata,Master's,39,1.9,110200.0,4.0,1.8,2.7,14,5,0,0,Termination,2016,100,6,2.7,4.2,0.15,0.53,Medium,120000.0,206,0.61
EMP01330,Operations,Individual Contributor,L2,Male,Delhi,MBA,57,0.7,133000.0,3.7,4.8,4.7,17,8,2,0,Transfer,2016,100,20,4.2,2.8,0.09,0.396,Medium,117200.0,405,0.34
EMP01331,Engineering,Manager,L2,Female,Chennai,Diploma,51,0.2,57900.0,3.9,4.8,2.2,4,0,2,0,Resignation,2019,50,19,4.6,3.9,0.25,0.511,Medium,59500.0,889,0.53
EMP01332,Marketing,VP,L1,Male,Chennai,Bachelor's,52,1.7,62400.0,4.0,4.3,3.3,16,0,0,1,Transfer,2016,100,5,4.3,4.2,0.28,0.33,Low,61900.0,914,0.69
EMP01333,Engineering,Senior Analyst,L3,Male,Pune,MBA,54,0.4,90300.0,4.0,4.2,4.5,24,1,3,0,Retirement,2018,100,3,3.7,4.4,0.27,0.287,Low,152100.0,646,0.62
EMP01334,Sales,Senior Manager,L4,Female,Delhi,Diploma,50,4.6,41900.0,4.1,3.3,3.4,3,3,2,0,Retirement,2023,100,12,4.8,4.4,0.16,0.406,Medium,22400.0,1447,0.71
EMP01335,Product,Senior Manager,L2,Male,Pune,PhD,41,0.2,55700.0,4.0,4.2,4.5,30,8,3,0,Resignation,2021,0,13,4.3,3.4,0.2,0.387,Medium,109400.0,419,0.5
EMP01336,Engineering,Director,L3,Male,Kolkata,Bachelor's,37,3.0,61800.0,3.9,4.0,2.7,0,0,0,0,Contract End,2015,100,24,3.7,4.2,0.31,0.578,Medium,41700.0,1461,0.8
EMP01337,Sales,Analyst,L1,Female,Pune,Bachelor's,36,0.6,74800.0,4.0,3.4,4.2,24,2,0,0,Transfer,2018,75,6,4.4,4.6,0.12,0.405,Medium,143800.0,1453,0.92
EMP01338,Sales,Senior Analyst,L3,Male,Mumbai,Bachelor's,33,9.8,36800.0,4.5,3.5,3.8,23,6,0,0,Resignation,2018,100,17,4.7,3.4,0.17,0.456,Medium,35100.0,1462,0.53
EMP01339,Product,Senior Analyst,L3,Male,Bangalore,Bachelor's,41,9.3,54500.0,3.3,3.7,2.9,11,0,2,0,Contract End,2015,100,12,3.8,3.5,0.35,0.458,Medium,89200.0,1061,0.63
EMP01340,Marketing,Analyst,L2,Male,Chennai,Bachelor's,41,2.8,57300.0,3.3,4.1,4.5,7,7,2,0,Retirement,2016,75,0,4.4,4.4,0.01,0.236,Low,42500.0,157,0.46
EMP01341,Product,Manager,L2,Female,Hyderabad,Bachelor's,28,0.9,122300.0,3.6,4.1,2.7,26,5,1,0,Contract End,2018,0,5,4.2,3.7,0.21,0.378,Medium,120700.0,360,0.66
EMP01342,Customer Success,Individual Contributor,L4,Male,Hyderabad,MBA,52,4.5,64000.0,4.7,4.1,3.7,31,3,0,0,Retirement,2015,25,17,3.8,3.7,0.28,0.448,Medium,105000.0,482,0.54
EMP01343,Product,Senior Analyst,L5,Female,Delhi,Bachelor's,43,1.5,34100.0,3.4,3.0,2.0,11,1,0,0,Termination,2016,25,9,3.4,3.9,0.23,0.584,Medium,67000.0,925,0.52
EMP01344,Customer Success,Director,L3,Female,Chennai,MBA,37,1.9,153400.0,4.2,3.3,3.4,20,6,2,0,Contract End,2017,100,3,2.7,3.9,0.1,0.41,Medium,155900.0,970,0.5
EMP01345,Engineering,Senior Analyst,L1,Female,Mumbai,MBA,37,1.3,189800.0,4.1,3.0,3.9,28,3,0,1,Contract End,2016,100,19,4.6,4.3,0.04,0.545,Medium,223200.0,188,0.65
EMP01346,Customer Success,Manager,L4,Female,Noida,PhD,31,10.5,90300.0,4.9,4.4,3.9,31,7,3,1,Termination,2016,0,9,4.3,4.8,0.29,0.322,Low,147800.0,659,0.92
EMP01347,Engineering,VP,L2,Male,Hyderabad,Bachelor's,47,2.8,47500.0,4.7,3.4,3.4,10,5,2,0,Resignation,2019,50,19,3.8,4.5,0.05,0.494,Medium,34900.0,1038,0.78
EMP01348,Engineering,Senior Analyst,L3,Female,Chennai,Bachelor's,47,16.4,38300.0,2.6,4.5,4.4,12,8,0,0,Resignation,2020,75,6,4.1,4.1,0.12,0.181,Low,51600.0,404,0.53
EMP01349,Engineering,Individual Contributor,L3,Female,Delhi,MBA,49,2.0,127900.0,4.0,4.1,3.5,7,4,2,0,Resignation,2016,100,2,2.7,4.6,0.0,0.312,Low,115700.0,382,0.43
EMP01350,HR,Director,L6,Male,Noida,Bachelor's,38,0.2,116000.0,3.3,4.3,2.5,30,2,2,0,Resignation,2015,50,21,3.8,4.8,0.16,0.491,Medium,231300.0,5,0.58
EMP01351,Product,VP,L5,Female,Hyderabad,MBA,43,0.1,175100.0,3.6,3.5,1.9,14,7,0,0,Termination,2021,100,17,4.4,3.9,0.1,0.542,Medium,260200.0,769,0.78
EMP01352,Product,Senior Analyst,L4,Female,Kolkata,Master's,33,0.1,149600.0,3.7,2.5,4.3,24,4,0,0,Resignation,2022,75,8,2.9,3.8,0.19,0.47,Medium,85600.0,116,0.4
EMP01353,Finance,VP,L3,Male,Pune,PhD,47,2.5,125300.0,3.6,3.0,2.0,7,4,1,0,Retirement,2019,75,4,1.3,2.4,0.09,0.528,Medium,121100.0,1454,0.76
EMP01354,Engineering,Director,L5,Male,Kolkata,Bachelor's,29,1.3,117900.0,3.2,2.9,4.3,21,3,3,0,Contract End,2016,50,23,3.5,2.6,0.36,0.499,Medium,207100.0,327,0.54
EMP01355,Marketing,Senior Analyst,L1,Male,Noida,MBA,55,1.4,88300.0,3.5,3.9,3.4,17,3,0,0,Resignation,2022,100,22,4.0,4.1,0.22,0.534,Medium,129400.0,669,0.74
EMP01356,Sales,Senior Analyst,L3,Male,Hyderabad,Bachelor's,22,0.3,71400.0,4.8,3.3,4.1,19,2,1,0,Retirement,2017,50,13,3.3,4.4,0.18,0.487,Medium,37400.0,905,0.75
EMP01357,Engineering,Manager,L3,Male,Mumbai,MBA,45,2.7,61300.0,3.4,1.7,4.2,10,4,2,0,Resignation,2019,50,2,4.6,4.2,0.05,0.438,Medium,79100.0,548,0.42
EMP01358,Customer Success,VP,L3,Female,Pune,Bachelor's,55,16.1,46800.0,4.7,4.4,4.4,24,3,3,0,Transfer,2023,50,7,4.3,2.7,0.29,0.209,Low,40200.0,1234,0.3
EMP01359,Sales,Senior Analyst,L5,Female,Bangalore,Bachelor's,42,1.5,61600.0,4.7,4.7,3.7,10,0,3,0,Transfer,2022,50,12,4.5,3.1,0.31,0.348,Medium,64200.0,262,0.57
EMP01360,Product,Manager,L3,Male,Pune,PhD,43,0.6,47600.0,4.0,3.9,3.4,4,1,1,1,Retirement,2020,100,19,1.8,4.1,0.27,0.482,Medium,50000.0,1477,0.47
EMP01361,Finance,Senior Manager,L5,Male,Bangalore,Master's,54,0.5,52300.0,4.0,4.6,2.8,9,2,1,1,Retirement,2015,100,5,3.4,3.5,0.26,0.395,Medium,33200.0,536,0.78
EMP01362,Operations,Manager,L2,Female,Mumbai,Master's,30,1.7,37900.0,3.7,2.9,3.2,1,4,2,1,Resignation,2020,100,8,3.5,4.5,0.13,0.45,Medium,46500.0,124,0.58
EMP01363,Product,Director,L2,Male,Bangalore,MBA,42,1.3,132000.0,3.9,4.0,2.8,11,1,1,0,Resignation,2016,75,0,4.6,3.9,0.02,0.374,Medium,134000.0,1327,0.8
EMP01364,Engineering,Individual Contributor,L2,Male,Hyderabad,Diploma,32,1.1,51600.0,3.9,3.7,3.3,31,2,3,0,Retirement,2021,0,17,3.5,3.2,0.06,0.514,Medium,44600.0,803,0.79
EMP01365,Customer Success,Senior Manager,L3,Female,Hyderabad,Bachelor's,32,1.7,113800.0,4.4,3.7,4.2,18,1,2,0,Retirement,2017,50,22,3.4,4.6,0.4,0.537,Medium,171400.0,571,0.58
EMP01366,Sales,Director,L5,Male,Bangalore,Master's,56,9.5,69600.0,4.3,4.6,3.6,8,7,1,0,Contract End,2015,50,8,3.5,3.3,0.04,0.286,Low,121100.0,1402,0.68
EMP01367,Marketing,Senior Manager,L4,Male,Bangalore,MBA,26,2.7,47100.0,4.2,4.3,2.2,5,4,1,0,Contract End,2015,50,10,4.0,4.3,0.32,0.435,Medium,24900.0,832,0.6
EMP01368,Sales,Senior Manager,L2,Male,Bangalore,Bachelor's,42,2.1,146700.0,4.6,3.0,3.8,20,5,3,1,Retirement,2019,75,6,3.7,3.9,0.37,0.438,Medium,238100.0,857,0.64
EMP01369,Operations,Individual Contributor,L1,Female,Mumbai,Bachelor's,31,7.6,29400.0,4.2,4.0,2.9,16,5,2,1,Transfer,2015,100,9,3.4,3.6,0.17,0.413,Medium,58600.0,1425,0.84
EMP01370,Sales,Director,L2,Female,Hyderabad,MBA,50,6.4,66300.0,4.4,3.9,3.3,13,8,3,0,Contract End,2017,75,16,2.4,4.3,0.27,0.471,Medium,100200.0,884,0.81
EMP01371,HR,Senior Manager,L4,Male,Mumbai,MBA,54,0.1,72800.0,4.3,2.3,2.6,4,0,2,0,Retirement,2015,75,5,4.6,3.5,0.32,0.532,Medium,121400.0,425,0.49
EMP01372,Marketing,Senior Manager,L3,Male,Chennai,Master's,52,3.0,68200.0,3.0,4.1,1.9,8,1,1,0,Contract End,2015,0,5,4.1,2.5,0.23,0.471,Medium,92800.0,1010,0.56
EMP01373,Engineering,VP,L2,Male,Mumbai,MBA,31,6.2,62900.0,4.0,4.4,2.5,20,6,0,0,Resignation,2016,0,14,4.1,4.2,0.24,0.4,Medium,78500.0,1140,0.91
EMP01374,Sales,Individual Contributor,L4,Female,Noida,Bachelor's,26,2.6,87700.0,4.1,3.1,3.5,6,8,0,0,Contract End,2020,50,17,3.0,3.1,0.39,0.511,Medium,44000.0,950,0.41
EMP01375,Operations,Manager,L3,Female,Bangalore,MBA,51,4.6,32400.0,4.2,4.1,3.4,11,7,2,0,Contract End,2021,100,14,2.9,3.5,0.08,0.426,Medium,28100.0,1230,0.87
EMP01376,Marketing,Senior Analyst,L2,Male,Hyderabad,Bachelor's,33,4.0,111800.0,4.5,3.1,1.9,1,1,0,0,Retirement,2017,25,16,4.1,4.8,0.16,0.582,Medium,182900.0,54,0.37
EMP01377,Sales,Director,L1,Male,Mumbai,Master's,52,12.0,73200.0,3.8,3.3,3.5,21,0,1,0,Contract End,2022,50,15,3.7,4.5,0.15,0.427,Medium,75400.0,1471,0.58
EMP01378,Engineering,Manager,L5,Male,Bangalore,Master's,27,0.3,48500.0,4.1,2.3,4.2,16,2,1,0,Transfer,2015,0,4,3.0,3.6,0.32,0.455,Medium,52100.0,141,0.45
EMP01379,HR,Individual Contributor,L4,Female,Hyderabad,Diploma,52,12.9,77300.0,4.2,3.5,2.7,4,2,0,1,Resignation,2019,75,23,4.5,4.1,0.09,0.465,Medium,75200.0,751,0.79
EMP01380,Sales,Individual Contributor,L6,Male,Hyderabad,Bachelor's,40,0.8,41900.0,4.2,4.3,1.7,6,5,3,1,Retirement,2020,25,21,4.5,2.5,0.31,0.614,Medium,67600.0,156,0.43
EMP01381,Product,Manager,L3,Female,Chennai,Bachelor's,41,7.7,112000.0,4.6,3.6,3.5,28,8,0,1,Termination,2022,0,10,3.8,4.1,0.03,0.409,Medium,116200.0,282,0.79
EMP01382,Sales,Senior Analyst,L4,Male,Mumbai,Bachelor's,42,1.8,79700.0,4.2,3.3,4.2,25,4,1,1,Retirement,2020,0,1,4.2,2.9,0.3,0.312,Low,159300.0,653,0.57
EMP01383,Sales,VP,L1,Female,Pune,PhD,23,3.1,85500.0,4.2,2.5,3.2,5,5,3,0,Transfer,2016,100,10,4.1,4.4,0.1,0.461,Medium,163800.0,540,0.75
EMP01384,Product,VP,L3,Male,Pune,MBA,45,0.3,57900.0,1.7,4.0,3.7,20,4,3,1,Contract End,2016,100,20,4.7,4.5,0.38,0.461,Medium,44100.0,3,0.64
EMP01385,Product,Manager,L4,Female,Hyderabad,Master's,28,2.6,43600.0,2.8,3.4,3.5,13,1,0,0,Resignation,2020,50,10,4.5,3.6,0.35,0.385,Medium,46200.0,927,0.73
EMP01386,Sales,VP,L4,Female,Mumbai,Master's,54,3.2,35400.0,4.2,2.7,3.8,14,4,1,0,Termination,2016,75,1,4.3,3.0,0.01,0.392,Medium,35000.0,1193,0.51
EMP01387,Engineering,Individual Contributor,L5,Female,Hyderabad,MBA,24,7.3,87600.0,4.1,4.5,2.5,11,1,0,0,Termination,2017,0,4,3.2,4.4,0.31,0.355,Medium,166000.0,1200,0.95
EMP01388,Product,Senior Analyst,L1,Female,Mumbai,Master's,46,1.7,48400.0,3.7,3.6,1.7,20,6,1,0,Termination,2017,0,10,3.8,4.0,0.13,0.554,Medium,26500.0,26,0.73
EMP01389,Sales,VP,L2,Male,Noida,Bachelor's,42,3.0,46500.0,4.1,3.6,1.4,8,3,1,0,Resignation,2017,100,14,3.4,3.3,0.32,0.538,Medium,79600.0,43,0.94
EMP01390,Operations,Senior Manager,L5,Non-Binary,Chennai,Bachelor's,35,1.8,52900.0,4.3,3.3,1.9,4,4,1,0,Contract End,2021,50,5,3.9,4.4,0.28,0.504,Medium,55600.0,764,0.68
EMP01391,Sales,Individual Contributor,L2,Male,Hyderabad,Bachelor's,51,2.3,114500.0,3.3,3.3,4.0,23,5,0,0,Contract End,2023,25,7,3.9,3.6,0.25,0.378,Medium,183100.0,1452,0.72
EMP01392,Marketing,Analyst,L2,Female,Bangalore,MBA,37,3.1,59500.0,3.5,3.1,3.9,7,4,0,0,Retirement,2018,75,5,3.0,2.0,0.1,0.352,Medium,34700.0,397,0.71
EMP01393,Operations,VP,L3,Male,Bangalore,Master's,57,4.6,73600.0,4.7,2.8,3.6,6,5,2,0,Termination,2023,100,23,3.5,4.0,0.09,0.598,Medium,43300.0,1286,0.69
EMP01394,Operations,Manager,L1,Female,Kolkata,Bachelor's,44,0.2,101600.0,3.7,3.9,3.8,19,0,2,1,Retirement,2017,0,3,3.8,1.8,0.07,0.393,Medium,133700.0,670,0.62
EMP01395,HR,Individual Contributor,L6,Male,Delhi,Diploma,38,1.8,84200.0,5.0,4.0,4.1,23,2,1,0,Retirement,2022,50,6,3.9,4.2,0.26,0.356,Medium,59200.0,826,0.87
EMP01396,Marketing,Director,L5,Male,Chennai,MBA,25,1.2,99100.0,4.3,3.2,3.9,21,2,0,0,Retirement,2015,50,2,4.7,3.5,0.38,0.338,Medium,118800.0,1332,0.7
EMP01397,Marketing,Analyst,L1,Male,Chennai,Bachelor's,48,1.7,68600.0,4.9,4.4,3.2,15,1,0,0,Transfer,2021,50,22,3.7,3.3,0.35,0.512,Medium,118200.0,274,0.16
EMP01398,Engineering,Senior Manager,L1,Female,Kolkata,Bachelor's,48,0.1,70400.0,4.2,2.2,2.8,3,2,0,0,Contract End,2018,100,14,4.3,1.9,0.08,0.637,Medium,105200.0,952,0.56
EMP01399,Engineering,VP,L5,Male,Delhi,PhD,40,1.0,75600.0,3.3,2.2,2.5,18,8,3,0,Retirement,2020,50,15,2.9,3.4,0.31,0.634,Medium,79600.0,237,0.61
EMP01400,Engineering,VP,L1,Male,Bangalore,MBA,44,2.7,85700.0,4.2,2.7,4.1,8,7,2,0,Resignation,2016,25,9,3.3,3.8,0.36,0.458,Medium,145000.0,1244,0.82
EMP01401,Engineering,VP,L3,Female,Mumbai,MBA,51,1.4,56100.0,4.5,3.5,3.3,9,4,0,0,Transfer,2018,0,24,4.8,2.0,0.22,0.559,Medium,68800.0,443,0.83
EMP01402,Marketing,Manager,L1,Non-Binary,Chennai,PhD,22,1.0,35200.0,4.5,3.5,2.9,31,8,0,0,Resignation,2015,25,7,3.9,4.7,0.2,0.419,Medium,67400.0,416,0.53
EMP01403,Marketing,Director,L2,Female,Chennai,Master's,43,1.7,63500.0,3.5,2.2,3.2,26,2,1,0,Contract End,2022,0,21,1.7,4.7,0.3,0.59,Medium,74000.0,173,0.55
EMP01404,Engineering,Manager,L4,Male,Chennai,Master's,34,4.2,25000.0,3.4,3.7,2.9,5,3,1,0,Retirement,2020,50,8,4.2,3.3,0.37,0.397,Medium,34200.0,970,0.68
EMP01405,Operations,Senior Manager,L2,Male,Kolkata,Bachelor's,29,10.5,62000.0,3.6,3.6,3.4,29,6,2,1,Transfer,2018,50,8,3.8,3.5,0.03,0.359,Medium,123300.0,909,0.69
EMP01406,Sales,Senior Manager,L3,Male,Mumbai,Bachelor's,34,2.0,135500.0,3.2,4.0,3.2,21,1,0,1,Retirement,2018,0,19,4.4,3.9,0.28,0.467,Medium,262200.0,630,0.69
EMP01407,Marketing,Analyst,L3,Male,Bangalore,Master's,45,0.2,54800.0,3.6,4.1,2.5,8,7,0,0,Contract End,2022,25,16,3.9,3.2,0.1,0.498,Medium,101800.0,1256,0.67
EMP01408,Engineering,Analyst,L4,Female,Kolkata,PhD,46,13.6,35100.0,4.4,4.5,2.8,10,6,0,0,Transfer,2019,0,23,4.3,2.3,0.0,0.448,Medium,37700.0,927,0.79
EMP01409,Operations,Senior Manager,L4,Male,Delhi,MBA,55,4.4,207800.0,4.5,4.4,3.1,22,7,1,0,Transfer,2021,0,20,4.5,2.9,0.37,0.446,Medium,286200.0,1058,0.76
EMP01410,Engineering,Senior Analyst,L3,Female,Pune,Master's,26,7.3,153600.0,3.0,4.1,3.1,3,1,3,0,Retirement,2015,100,16,4.3,4.5,0.04,0.476,Medium,288200.0,295,0.87
EMP01411,Engineering,Individual Contributor,L3,Male,Chennai,Master's,45,2.4,99900.0,4.2,3.1,3.9,7,7,2,0,Contract End,2019,50,17,4.6,3.8,0.3,0.516,Medium,141500.0,1487,0.57
EMP01412,Sales,Individual Contributor,L1,Male,Kolkata,MBA,30,1.0,153300.0,4.4,3.8,4.1,8,0,0,0,Retirement,2016,50,8,3.8,2.6,0.15,0.403,Medium,177100.0,1445,0.49
EMP01413,Sales,Individual Contributor,L4,Male,Chennai,Bachelor's,29,0.1,67400.0,3.7,4.9,4.2,14,0,1,0,Resignation,2018,25,12,3.9,4.3,0.07,0.318,Low,52300.0,1000,0.41
EMP01414,Marketing,Analyst,L3,Female,Hyderabad,Bachelor's,25,0.4,28800.0,4.2,4.6,4.5,17,0,3,1,Contract End,2019,75,17,3.7,2.5,0.24,0.392,Medium,51400.0,171,0.81
EMP01415,Customer Success,Director,L3,Non-Binary,Noida,MBA,51,1.2,92800.0,4.3,4.9,4.6,24,0,0,1,Resignation,2020,100,1,4.1,4.2,0.22,0.261,Low,104300.0,1150,0.71
EMP01416,Engineering,Manager,L4,Male,Delhi,MBA,50,10.5,74900.0,3.9,3.4,4.5,17,6,0,0,Retirement,2019,0,21,3.7,3.5,0.08,0.406,Medium,88100.0,1441,0.59
EMP01417,Finance,Analyst,L5,Male,Hyderabad,PhD,44,0.8,146100.0,3.8,3.3,3.5,23,1,2,0,Contract End,2022,25,13,4.2,2.5,0.35,0.474,Medium,98600.0,56,0.63
EMP01418,Sales,Analyst,L3,Female,Delhi,PhD,34,1.9,56800.0,2.6,4.8,3.1,27,4,1,0,Contract End,2018,50,4,4.3,4.4,0.11,0.359,Medium,67900.0,449,0.75
EMP01419,Operations,VP,L2,Male,Kolkata,Bachelor's,24,3.1,125500.0,3.8,4.4,4.1,2,0,2,0,Contract End,2022,100,22,3.8,4.3,0.23,0.447,Medium,242300.0,1496,0.6
EMP01420,Finance,Manager,L1,Female,Hyderabad,Bachelor's,22,5.4,121300.0,4.5,3.7,2.4,10,7,3,0,Contract End,2020,0,12,3.4,3.2,0.19,0.468,Medium,180900.0,1340,0.69
EMP01421,Operations,VP,L1,Male,Delhi,Bachelor's,25,5.3,66400.0,2.5,4.0,3.6,30,3,0,0,Transfer,2019,50,13,4.5,4.0,0.18,0.442,Medium,100500.0,899,0.8
EMP01422,Operations,Director,L4,Female,Chennai,Bachelor's,23,0.3,72200.0,3.6,3.7,4.8,25,7,0,0,Retirement,2015,50,24,2.8,4.1,0.06,0.462,Medium,63800.0,1293,0.67
EMP01423,Operations,Individual Contributor,L2,Male,Kolkata,Bachelor's,26,7.6,185700.0,4.9,3.9,2.6,1,7,0,0,Resignation,2015,50,7,2.5,3.2,0.28,0.347,Medium,211000.0,900,0.75
EMP01424,Engineering,VP,L3,Male,Chennai,MBA,50,3.6,116500.0,2.8,4.2,4.1,0,0,1,0,Transfer,2023,50,6,3.8,4.4,0.27,0.304,Low,64900.0,1026,0.77
EMP01425,Marketing,Director,L5,Female,Noida,PhD,53,10.3,52600.0,4.2,4.5,3.6,13,1,0,0,Termination,2023,100,11,3.9,2.4,0.09,0.324,Low,49200.0,1123,0.65
EMP01426,Operations,VP,L3,Male,Pune,Bachelor's,37,1.6,25300.0,4.8,3.6,3.2,2,5,1,0,Transfer,2018,0,21,3.8,4.2,0.15,0.576,Medium,18600.0,1490,0.79
EMP01427,Operations,VP,L3,Male,Kolkata,Bachelor's,46,3.9,55100.0,4.3,2.3,2.1,6,5,1,0,Transfer,2022,50,11,3.2,2.8,0.25,0.601,Medium,107300.0,1397,0.85
EMP01428,Customer Success,Director,L4,Female,Bangalore,Diploma,53,4.9,90300.0,4.9,4.1,4.3,24,0,2,1,Transfer,2015,0,11,3.1,3.0,0.22,0.363,Medium,171500.0,867,0.34
EMP01429,Sales,Senior Manager,L5,Male,Hyderabad,PhD,31,7.5,56000.0,3.0,4.2,3.0,10,5,1,1,Transfer,2021,50,9,3.8,3.5,0.11,0.412,Medium,90900.0,587,0.4
EMP01430,Engineering,Manager,L3,Male,Kolkata,Bachelor's,50,1.0,98500.0,4.7,3.5,4.1,22,5,2,0,Retirement,2015,75,21,4.5,3.5,0.19,0.541,Medium,180600.0,1175,0.54
EMP01431,HR,Manager,L1,Male,Mumbai,Diploma,51,8.2,52000.0,4.3,4.9,4.2,29,1,0,0,Contract End,2018,0,10,3.2,3.2,0.02,0.222,Low,65500.0,67,0.65
EMP01432,Product,Director,L6,Female,Hyderabad,Master's,46,4.5,53200.0,3.6,3.7,3.4,28,4,2,0,Resignation,2020,50,10,4.0,3.7,0.22,0.373,Medium,63700.0,430,0.75
EMP01433,Finance,Individual Contributor,L6,Male,Kolkata,Master's,47,0.1,49900.0,4.2,2.9,3.0,8,0,2,0,Termination,2015,75,3,4.0,4.3,0.09,0.476,Medium,99200.0,42,0.44
EMP01434,Engineering,VP,L3,Male,Hyderabad,PhD,37,20.0,177900.0,5.0,4.1,2.7,14,0,3,0,Resignation,2018,25,14,2.4,4.5,0.0,0.333,Medium,142100.0,410,0.49
EMP01435,Sales,Analyst,L6,Female,Bangalore,Master's,42,7.8,84800.0,4.1,3.7,3.2,22,4,1,0,Retirement,2020,100,13,3.9,4.1,0.29,0.422,Medium,63900.0,1135,0.4
EMP01436,Finance,Senior Manager,L4,Male,Delhi,Bachelor's,51,5.7,116300.0,4.1,4.5,3.3,25,8,3,0,Contract End,2023,0,0,3.2,3.8,0.22,0.3,Low,211100.0,157,0.65
EMP01437,Engineering,Senior Analyst,L1,Female,Noida,Master's,25,8.8,168200.0,3.7,3.7,3.6,5,1,1,0,Transfer,2021,100,3,3.8,2.9,0.31,0.35,Medium,118600.0,159,0.64
EMP01438,Product,Individual Contributor,L5,Male,Mumbai,Master's,37,0.1,154000.0,2.9,4.2,3.1,31,6,0,0,Transfer,2016,50,19,4.4,3.7,0.16,0.463,Medium,230300.0,1465,0.88
EMP01439,Engineering,Senior Analyst,L2,Female,Noida,Master's,51,1.1,53400.0,3.7,2.3,2.5,7,4,0,1,Termination,2020,75,24,3.9,3.9,0.23,0.678,High,46100.0,890,0.39
EMP01440,Operations,Director,L3,Male,Bangalore,Master's,32,0.6,133800.0,4.4,3.4,3.9,21,5,2,0,Resignation,2019,25,19,3.5,3.3,0.21,0.5,Medium,255800.0,884,0.82
EMP01441,Operations,VP,L3,Male,Noida,MBA,31,1.5,69300.0,2.5,2.5,4.1,23,6,1,0,Termination,2021,50,5,4.2,4.4,0.13,0.468,Medium,57500.0,966,0.52
EMP01442,Finance,Analyst,L3,Male,Bangalore,Bachelor's,28,0.6,78800.0,3.4,3.5,3.3,15,1,2,1,Retirement,2016,100,20,4.3,2.1,0.34,0.569,Medium,67200.0,119,0.24
EMP01443,Sales,VP,L3,Male,Chennai,Bachelor's,38,6.0,81000.0,4.4,4.5,2.9,27,6,2,0,Retirement,2017,0,5,3.4,3.9,0.16,0.359,Medium,118400.0,979,0.67
EMP01444,Customer Success,Analyst,L3,Female,Kolkata,Bachelor's,31,0.9,86000.0,2.4,3.0,2.5,0,8,2,0,Transfer,2018,100,23,2.6,3.3,0.04,0.655,Medium,87700.0,769,0.64
EMP01445,Product,Senior Manager,L2,Non-Binary,Bangalore,MBA,43,7.7,94300.0,3.5,4.3,3.1,23,7,0,1,Resignation,2020,100,21,4.0,4.2,0.36,0.477,Medium,75900.0,1339,0.86
EMP01446,HR,Individual Contributor,L2,Male,Delhi,Bachelor's,34,8.7,84200.0,3.5,3.3,4.0,22,6,2,0,Termination,2021,50,17,3.5,2.3,0.02,0.395,Medium,47300.0,1405,0.75
EMP01447,Engineering,Senior Manager,L1,Male,Hyderabad,Master's,39,7.0,46800.0,4.0,4.0,4.5,30,2,3,0,Contract End,2021,0,4,3.3,3.3,0.13,0.218,Low,83300.0,1142,0.4
EMP01448,Finance,Senior Manager,L4,Male,Pune,Bachelor's,45,2.0,101400.0,4.3,3.2,4.2,8,6,3,0,Contract End,2015,50,24,4.0,4.4,0.12,0.566,Medium,141900.0,1199,0.49
EMP01449,Engineering,Director,L1,Female,Mumbai,MBA,39,6.5,68100.0,4.3,3.4,2.0,10,5,1,0,Termination,2018,100,4,4.9,2.3,0.39,0.48,Medium,44300.0,679,0.45
EMP01450,Engineering,Senior Analyst,L1,Female,Delhi,MBA,47,6.4,111700.0,4.3,4.2,4.0,16,0,1,0,Resignation,2021,75,17,3.8,4.0,0.36,0.431,Medium,76200.0,1300,0.79
EMP01451,Customer Success,Manager,L6,Male,Pune,Bachelor's,26,2.5,46500.0,2.9,4.8,2.4,18,3,3,0,Transfer,2017,50,22,4.8,3.6,0.26,0.511,Medium,26100.0,995,0.89
EMP01452,Product,Director,L4,Male,Noida,Master's,35,5.5,46400.0,4.1,2.6,3.6,27,1,2,0,Termination,2021,100,4,3.6,4.5,0.12,0.409,Medium,46000.0,375,0.74
EMP01453,Customer Success,VP,L3,Female,Chennai,Bachelor's,27,3.1,51900.0,4.3,3.8,2.9,24,5,2,1,Retirement,2015,25,9,4.3,3.4,0.34,0.416,Medium,58500.0,717,0.63
EMP01454,Finance,Analyst,L2,Female,Chennai,MBA,41,3.3,50800.0,4.5,3.7,3.2,26,7,1,0,Termination,2016,100,6,4.0,4.5,0.26,0.388,Medium,88500.0,766,0.8
EMP01455,Finance,Director,L4,Male,Delhi,MBA,29,5.7,45600.0,3.7,2.8,3.7,19,6,2,0,Termination,2021,50,13,3.4,3.6,0.06,0.439,Medium,64400.0,898,0.79
EMP01456,Finance,VP,L4,Female,Hyderabad,Master's,23,1.8,93400.0,4.7,3.0,4.0,15,6,1,0,Resignation,2020,100,4,4.0,2.4,0.22,0.423,Medium,176900.0,854,0.45
EMP01457,Customer Success,VP,L2,Male,Delhi,MBA,33,1.2,74400.0,4.3,2.3,4.4,17,1,3,0,Retirement,2016,50,20,4.3,4.3,0.1,0.56,Medium,89800.0,1084,0.8
EMP01458,Product,Senior Analyst,L5,Female,Delhi,MBA,46,4.2,57400.0,3.4,3.5,2.5,9,5,1,0,Resignation,2019,0,12,4.3,4.4,0.23,0.525,Medium,39200.0,190,0.69
EMP01459,Customer Success,Senior Manager,L2,Male,Hyderabad,Diploma,52,3.5,95100.0,4.6,4.4,3.8,11,8,0,0,Transfer,2015,50,5,4.3,4.0,0.32,0.295,Low,58900.0,352,0.84
EMP01460,Product,Analyst,L2,Male,Mumbai,MBA,35,2.2,44000.0,4.4,3.8,4.2,28,3,0,0,Contract End,2021,100,24,3.8,4.0,0.22,0.448,Medium,34100.0,144,0.63
EMP01461,Engineering,Senior Manager,L2,Female,Hyderabad,PhD,40,0.6,52200.0,3.7,3.8,3.4,10,3,3,1,Termination,2023,100,19,4.1,2.9,0.09,0.482,Medium,65400.0,540,0.72
EMP01462,Customer Success,Manager,L6,Female,Chennai,PhD,37,4.2,71800.0,4.3,2.8,3.9,0,8,0,0,Termination,2020,75,12,3.0,4.4,0.02,0.454,Medium,57900.0,889,0.26
EMP01463,Engineering,Senior Manager,L1,Female,Pune,PhD,49,1.0,107300.0,4.3,4.0,1.8,19,4,2,0,Contract End,2022,50,0,4.6,3.3,0.28,0.435,Medium,202400.0,645,0.57
EMP01464,Sales,VP,L3,Male,Kolkata,Master's,25,7.1,43700.0,3.9,3.3,4.5,16,0,2,1,Resignation,2022,75,20,4.7,3.6,0.09,0.483,Medium,36300.0,1402,0.55
EMP01465,Operations,Senior Manager,L2,Female,Noida,Bachelor's,43,3.7,58200.0,2.9,4.1,2.2,30,6,3,0,Contract End,2019,100,8,2.7,4.1,0.09,0.401,Medium,42900.0,256,0.7
EMP01466,Product,Senior Analyst,L5,Male,Noida,MBA,38,4.3,98800.0,2.9,3.9,2.7,13,4,1,0,Retirement,2023,25,5,4.0,3.7,0.34,0.362,Medium,135200.0,1159,0.75
EMP01467,HR,Senior Manager,L6,Male,Chennai,MBA,27,1.9,40200.0,4.5,3.2,1.6,13,0,2,0,Retirement,2021,25,5,3.6,4.4,0.2,0.476,Medium,60800.0,1158,0.62
EMP01468,Finance,VP,L5,Female,Kolkata,Master's,24,0.7,144700.0,4.0,3.4,3.5,16,7,1,1,Transfer,2020,50,12,2.5,2.6,0.11,0.425,Medium,279200.0,882,0.47
EMP01469,Finance,Manager,L3,Female,Chennai,MBA,27,1.7,63700.0,4.1,3.9,3.0,16,3,0,0,Contract End,2015,0,0,2.8,4.8,0.26,0.377,Medium,31900.0,765,0.56
EMP01470,Engineering,Senior Analyst,L1,Female,Delhi,Master's,31,1.5,26000.0,3.3,3.5,3.7,19,1,3,0,Retirement,2018,75,22,2.9,3.6,0.12,0.506,Medium,37200.0,670,0.23
EMP01471,HR,VP,L3,Female,Pune,Bachelor's,43,1.5,130000.0,4.2,4.4,2.6,1,7,0,0,Termination,2016,75,1,3.5,4.2,0.12,0.31,Low,167800.0,825,0.44
EMP01472,Operations,Manager,L6,Non-Binary,Mumbai,PhD,40,1.4,39600.0,2.9,3.9,3.9,29,4,0,0,Retirement,2018,50,15,2.7,4.3,0.01,0.423,Medium,49100.0,949,0.68
EMP01473,Engineering,Analyst,L3,Male,Bangalore,Master's,53,1.8,152300.0,4.2,4.2,3.3,1,5,1,0,Retirement,2016,75,24,4.3,2.8,0.25,0.498,Medium,233800.0,471,0.65
EMP01474,Customer Success,Individual Contributor,L2,Male,Noida,Bachelor's,36,4.0,30300.0,4.7,2.2,2.4,20,7,1,0,Transfer,2018,75,4,4.0,4.6,0.03,0.501,Medium,29500.0,1069,0.58
EMP01475,Customer Success,Manager,L4,Female,Chennai,Bachelor's,32,3.4,72400.0,5.0,3.2,3.7,22,0,3,0,Contract End,2023,50,12,4.9,2.6,0.15,0.433,Medium,50200.0,487,0.39
EMP01476,Product,Individual Contributor,L4,Female,Delhi,Bachelor's,42,4.7,68700.0,4.7,3.3,3.7,19,4,2,1,Termination,2022,100,24,4.7,2.5,0.26,0.525,Medium,82300.0,1140,0.65
EMP01477,Customer Success,VP,L3,Male,Delhi,MBA,27,3.0,44800.0,4.6,3.2,4.3,24,0,0,0,Retirement,2015,50,15,4.7,3.6,0.31,0.488,Medium,86100.0,57,0.43
EMP01478,Customer Success,Individual Contributor,L4,Female,Delhi,MBA,42,3.9,75000.0,3.6,4.2,3.2,31,0,2,0,Retirement,2017,50,5,3.3,4.4,0.2,0.373,Medium,89900.0,431,0.65
EMP01479,Engineering,Analyst,L1,Male,Bangalore,Bachelor's,41,0.1,32100.0,4.1,2.0,3.5,7,5,1,0,Transfer,2022,0,10,4.1,4.0,0.19,0.56,Medium,30100.0,399,0.38
EMP01480,HR,Director,L4,Female,Bangalore,PhD,57,1.3,76200.0,4.7,3.0,4.4,28,4,2,1,Transfer,2017,100,4,4.9,3.7,0.0,0.423,Medium,75000.0,69,0.72
EMP01481,Customer Success,Senior Analyst,L5,Female,Kolkata,PhD,31,7.0,63400.0,4.2,3.9,4.6,0,5,0,1,Contract End,2015,100,7,4.4,3.7,0.32,0.323,Low,85200.0,1292,0.42
EMP01482,Operations,Director,L1,Female,Chennai,MBA,50,1.2,30400.0,3.1,4.7,4.2,15,0,1,0,Resignation,2022,100,7,3.6,4.9,0.09,0.274,Low,46500.0,133,0.21
EMP01483,Engineering,Individual Contributor,L2,Female,Pune,Diploma,28,5.8,47600.0,3.3,3.7,4.4,20,4,3,0,Transfer,2019,25,4,3.8,3.2,0.08,0.325,Low,91100.0,1431,0.56
EMP01484,Sales,Director,L3,Male,Bangalore,Master's,31,3.0,58600.0,2.4,4.2,4.3,21,8,3,0,Termination,2020,75,8,4.3,4.3,0.28,0.313,Low,68400.0,446,0.43
EMP01485,Marketing,Manager,L5,Non-Binary,Pune,Bachelor's,45,1.7,105200.0,2.4,4.3,4.9,18,4,1,0,Transfer,2022,75,11,4.1,3.4,0.19,0.315,Low,55900.0,1287,0.61
EMP01486,Sales,Analyst,L2,Female,Noida,MBA,49,5.9,53600.0,4.6,4.1,4.4,30,1,1,1,Transfer,2020,75,22,3.3,2.7,0.16,0.422,Medium,62100.0,670,0.4
EMP01487,Sales,VP,L2,Female,Delhi,Master's,28,0.9,58500.0,4.9,4.5,3.9,17,0,1,0,Retirement,2018,75,0,3.4,4.5,0.18,0.26,Low,78400.0,91,0.6
EMP01488,Engineering,Individual Contributor,L5,Male,Delhi,Master's,43,5.1,61900.0,3.9,4.2,3.6,4,5,0,0,Transfer,2017,50,22,4.1,3.7,0.13,0.48,Medium,42500.0,695,0.8
EMP01489,Engineering,Senior Manager,L1,Female,Pune,Master's,55,8.8,52700.0,3.6,4.5,3.3,20,7,2,0,Termination,2023,50,11,4.1,4.2,0.15,0.373,Medium,94300.0,1375,0.82
EMP01490,Product,Director,L5,Female,Delhi,Diploma,50,2.2,53600.0,2.6,4.1,4.4,18,8,2,1,Transfer,2021,100,11,3.8,4.2,0.15,0.339,Medium,68300.0,331,0.44
EMP01491,Sales,Senior Analyst,L1,Male,Bangalore,MBA,27,1.2,93000.0,3.5,4.7,2.9,27,6,2,1,Resignation,2022,100,23,3.7,3.0,0.07,0.493,Medium,74600.0,1093,0.71
EMP01492,Marketing,Analyst,L1,Male,Chennai,Bachelor's,39,5.3,43600.0,3.8,4.5,3.5,11,8,1,1,Retirement,2022,100,16,3.6,4.2,0.32,0.389,Medium,30400.0,577,0.74
EMP01493,Customer Success,Director,L5,Female,Kolkata,Diploma,25,3.2,76000.0,4.2,4.3,4.5,21,4,2,0,Termination,2022,50,7,4.0,4.1,0.08,0.271,Low,135100.0,1104,0.75
EMP01494,Engineering,Senior Manager,L1,Male,Pune,MBA,35,2.1,55200.0,3.7,3.7,4.1,9,6,0,0,Contract End,2022,50,22,2.5,3.4,0.27,0.471,Medium,102900.0,648,0.69
EMP01495,Sales,Individual Contributor,L2,Male,Noida,Master's,48,0.5,60100.0,4.5,3.1,4.1,14,6,1,0,Resignation,2023,50,15,3.7,4.3,0.09,0.489,Medium,90800.0,1214,0.84
EMP01496,Operations,Individual Contributor,L3,Female,Kolkata,Bachelor's,23,5.2,262900.0,3.6,3.6,3.1,0,3,1,0,Transfer,2015,25,10,4.0,3.0,0.11,0.384,Medium,189100.0,620,0.47
EMP01497,Operations,Senior Analyst,L3,Male,Chennai,PhD,52,5.2,150100.0,2.6,3.7,3.2,8,6,2,0,Transfer,2020,0,11,4.8,3.7,0.17,0.434,Medium,81100.0,1023,0.72
EMP01498,Engineering,Senior Analyst,L3,Female,Kolkata,Bachelor's,54,2.0,94700.0,4.8,4.8,3.5,23,2,1,0,Resignation,2019,100,17,4.2,4.4,0.06,0.373,Medium,109700.0,1099,0.84
EMP01499,Finance,Senior Manager,L3,Male,Hyderabad,MBA,33,2.8,77100.0,4.6,4.0,3.8,2,8,1,0,Transfer,2015,100,4,2.7,3.4,0.05,0.35,Medium,63900.0,22,0.52
EMP01500,Engineering,Individual Contributor,L2,Female,Bangalore,Bachelor's,37,7.4,31800.0,3.6,4.7,4.8,16,8,1,0,Contract End,2016,50,15,3.9,3.4,0.23,0.304,Low,40200.0,1007,0.7
EMP01501,Customer Success,Analyst,L4,Non-Binary,Noida,Bachelor's,56,0.5,111900.0,4.5,3.4,3.8,4,1,1,1,Transfer,2018,50,23,3.9,4.0,0.38,0.533,Medium,162200.0,933,0.65
EMP01502,Product,Director,L3,Non-Binary,Bangalore,PhD,32,0.3,129000.0,2.8,2.3,3.1,5,6,3,0,Retirement,2023,50,18,3.5,3.7,0.04,0.62,Medium,82900.0,270,0.44
EMP01503,Marketing,Senior Manager,L2,Male,Pune,Master's,34,0.5,70300.0,4.5,4.3,3.7,24,0,3,0,Termination,2022,100,23,4.0,3.9,0.02,0.471,Medium,113600.0,1106,0.52
EMP01504,Sales,Senior Analyst,L6,Male,Mumbai,Diploma,57,0.3,57300.0,3.6,1.7,4.5,0,2,2,1,Termination,2023,50,4,4.6,3.8,0.01,0.431,Medium,50000.0,1450,0.47
EMP01505,Sales,VP,L2,Male,Kolkata,MBA,44,0.1,74700.0,4.9,3.4,2.2,7,7,0,0,Transfer,2019,50,14,4.1,3.4,0.36,0.545,Medium,145800.0,396,0.68
EMP01506,Engineering,Individual Contributor,L3,Female,Delhi,MBA,25,0.4,170800.0,3.0,4.5,4.4,18,2,1,1,Contract End,2021,50,13,3.0,1.5,0.34,0.353,Medium,259500.0,1235,0.73
EMP01507,Sales,Manager,L6,Female,Hyderabad,Bachelor's,36,3.1,97200.0,4.2,2.6,1.6,16,1,1,0,Termination,2021,75,24,3.1,3.2,0.19,0.658,Medium,115600.0,1267,0.56
EMP01508,Product,Senior Manager,L3,Female,Pune,Bachelor's,26,0.8,95700.0,3.3,3.4,4.1,17,3,0,0,Transfer,2015,100,14,4.5,3.6,0.08,0.465,Medium,117300.0,1478,0.72
EMP01509,Marketing,Senior Manager,L3,Non-Binary,Kolkata,Bachelor's,27,2.4,42200.0,3.0,3.9,3.9,19,8,2,1,Contract End,2019,75,1,2.9,4.2,0.35,0.347,Medium,76700.0,1148,0.26
EMP01510,Sales,Analyst,L3,Female,Noida,MBA,35,2.4,114900.0,3.8,2.5,2.9,15,4,3,0,Transfer,2016,75,10,2.9,3.4,0.04,0.562,Medium,163600.0,786,0.59
EMP01511,Marketing,Manager,L4,Female,Noida,MBA,52,5.0,60000.0,2.5,4.6,3.2,30,1,1,0,Retirement,2021,0,5,2.3,2.2,0.24,0.28,Low,72000.0,766,0.65
EMP01512,Marketing,Individual Contributor,L2,Male,Chennai,MBA,26,1.2,87900.0,3.4,4.0,3.7,5,0,2,0,Transfer,2019,50,14,2.8,3.2,0.09,0.444,Medium,163800.0,525,0.54
EMP01513,Finance,Senior Manager,L2,Female,Kolkata,Bachelor's,36,4.0,66800.0,4.8,3.2,4.1,13,5,2,0,Transfer,2020,50,22,3.9,4.0,0.35,0.551,Medium,86500.0,603,0.8
EMP01514,Customer Success,Senior Manager,L3,Male,Mumbai,Master's,24,1.0,50200.0,4.2,4.5,3.6,11,1,2,0,Termination,2019,100,15,2.6,3.8,0.24,0.442,Medium,39100.0,662,0.62
EMP01515,Marketing,Director,L2,Female,Noida,Master's,51,6.1,101400.0,3.3,3.9,4.3,7,0,3,0,Transfer,2018,50,5,4.1,3.5,0.02,0.29,Low,152500.0,813,0.29
EMP01516,Marketing,Director,L2,Male,Noida,MBA,27,9.0,79500.0,4.1,4.3,2.8,9,3,1,0,Contract End,2020,50,10,4.1,3.4,0.39,0.39,Medium,88800.0,1194,0.7
EMP01517,Marketing,Senior Analyst,L1,Female,Bangalore,MBA,29,3.1,80400.0,3.1,2.7,3.3,2,6,0,0,Contract End,2016,25,23,3.4,4.1,0.3,0.64,Medium,104700.0,730,0.74
EMP01518,Marketing,Manager,L2,Female,Noida,Bachelor's,29,1.0,79200.0,3.1,4.1,3.2,0,8,3,0,Retirement,2019,50,13,3.1,4.1,0.31,0.438,Medium,56800.0,583,0.88
EMP01519,Sales,Analyst,L3,Female,Bangalore,Bachelor's,56,0.6,68200.0,2.5,2.9,4.2,6,1,3,0,Retirement,2017,25,10,4.8,3.7,0.01,0.455,Medium,82800.0,14,0.73
EMP01520,Product,Individual Contributor,L4,Male,Noida,Master's,22,5.5,83700.0,3.9,3.7,3.1,6,3,3,0,Transfer,2021,50,23,4.0,2.5,0.39,0.563,Medium,157100.0,1104,0.27
EMP01521,Marketing,Manager,L1,Male,Chennai,Master's,50,13.4,107200.0,4.6,4.5,3.7,21,5,3,0,Contract End,2016,50,15,3.6,2.4,0.34,0.305,Low,137600.0,69,0.76
EMP01522,Product,Director,L4,Male,Bangalore,PhD,43,6.9,77200.0,4.7,3.7,2.8,13,8,0,0,Termination,2022,75,7,2.7,3.1,0.23,0.36,Medium,113800.0,200,0.77
EMP01523,Finance,Individual Contributor,L5,Male,Chennai,Master's,36,4.9,74300.0,4.7,4.9,4.5,15,0,1,0,Transfer,2022,100,9,4.0,4.6,0.33,0.291,Low,101400.0,1465,0.63
EMP01524,Operations,Senior Manager,L2,Male,Pune,Master's,39,0.3,27600.0,4.2,3.5,2.5,21,2,2,0,Contract End,2016,50,14,3.8,3.5,0.39,0.519,Medium,47500.0,1335,0.75
EMP01525,Operations,Manager,L1,Female,Delhi,PhD,24,2.4,34000.0,4.6,3.7,4.0,23,4,2,0,Retirement,2020,0,3,4.4,3.3,0.28,0.375,Medium,41400.0,1287,0.41
EMP01526,Operations,Senior Analyst,L1,Male,Bangalore,Master's,56,1.3,100300.0,4.7,3.8,3.7,30,1,2,0,Contract End,2020,75,5,3.5,2.2,0.33,0.323,Low,110700.0,654,0.51
EMP01527,Engineering,Analyst,L1,Male,Delhi,Master's,41,5.7,47200.0,4.8,4.6,3.1,9,6,1,0,Retirement,2020,100,16,3.5,4.2,0.13,0.436,Medium,71800.0,297,0.55
EMP01528,Engineering,VP,L3,Female,Noida,Master's,57,0.9,70600.0,4.5,4.4,4.0,3,4,3,0,Resignation,2021,0,21,4.8,2.6,0.35,0.423,Medium,60300.0,419,0.43
EMP01529,Engineering,Senior Manager,L3,Male,Noida,MBA,55,3.7,93900.0,2.8,3.0,3.6,3,3,3,0,Contract End,2017,50,24,4.0,3.6,0.37,0.6,Medium,118000.0,1296,0.71
EMP01530,Marketing,Director,L2,Male,Chennai,Bachelor's,52,20.0,79700.0,3.3,4.5,3.3,25,7,1,1,Retirement,2022,25,18,4.0,3.8,0.08,0.332,Medium,135800.0,970,0.24
EMP01531,Engineering,Manager,L2,Female,Bangalore,Master's,47,2.6,51400.0,4.1,4.4,3.6,7,5,2,0,Termination,2019,75,16,4.8,3.3,0.09,0.375,Medium,48900.0,795,0.39
EMP01532,Engineering,Analyst,L3,Female,Bangalore,Master's,39,3.6,192400.0,4.8,4.3,3.5,0,4,2,0,Contract End,2017,50,15,4.4,3.3,0.02,0.368,Medium,349600.0,969,0.77
EMP01533,Customer Success,Manager,L1,Male,Pune,Bachelor's,41,0.4,92800.0,3.7,4.9,2.8,16,8,2,0,Transfer,2020,25,17,3.7,1.5,0.13,0.412,Medium,131500.0,0,0.62
EMP01534,Sales,Senior Analyst,L4,Male,Hyderabad,Master's,29,3.8,25900.0,2.4,3.9,3.6,6,3,0,0,Contract End,2021,75,19,4.2,3.2,0.05,0.5,Medium,38000.0,667,0.44
EMP01535,Engineering,VP,L4,Male,Mumbai,Bachelor's,27,0.4,93600.0,3.2,3.3,3.2,9,8,2,0,Resignation,2021,50,23,4.0,3.8,0.32,0.62,Medium,149700.0,1027,0.79
EMP01536,Sales,VP,L4,Male,Hyderabad,Bachelor's,24,2.9,88200.0,4.1,4.1,4.4,13,2,2,0,Resignation,2021,100,23,3.7,3.0,0.37,0.435,Medium,57100.0,1336,0.5
EMP01537,Finance,Director,L3,Male,Bangalore,MBA,47,3.2,69700.0,4.4,2.9,3.0,9,5,1,0,Transfer,2021,100,2,3.9,2.5,0.29,0.461,Medium,34900.0,575,0.86
EMP01538,Sales,Manager,L4,Female,Chennai,MBA,32,3.2,54000.0,4.2,3.3,3.3,24,6,1,1,Contract End,2021,50,17,3.9,2.4,0.37,0.547,Medium,38200.0,540,0.35
EMP01539,Engineering,VP,L5,Male,Delhi,Master's,24,3.1,39000.0,4.6,4.6,4.5,19,1,0,1,Retirement,2021,100,10,4.2,4.6,0.07,0.291,Low,41200.0,15,0.4
EMP01540,Sales,Senior Analyst,L1,Male,Hyderabad,Master's,34,4.5,57700.0,4.8,3.1,3.4,3,5,0,1,Transfer,2018,0,16,4.8,4.6,0.34,0.533,Medium,93500.0,1061,0.71
EMP01541,Engineering,Analyst,L1,Male,Pune,Bachelor's,26,1.0,118900.0,4.4,3.4,2.3,29,2,3,1,Termination,2015,0,18,4.5,3.7,0.38,0.539,Medium,122500.0,827,0.23
EMP01542,HR,Director,L3,Female,Mumbai,Bachelor's,52,1.9,50400.0,4.6,2.6,2.8,10,2,0,0,Termination,2015,0,19,4.1,3.9,0.37,0.645,Medium,87300.0,762,0.83
EMP01543,Customer Success,Analyst,L2,Female,Delhi,Bachelor's,32,0.1,149400.0,3.6,4.0,3.8,6,6,0,0,Resignation,2017,50,14,3.4,4.3,0.2,0.482,Medium,295800.0,230,0.89
EMP01544,Engineering,Individual Contributor,L4,Male,Noida,Master's,47,1.7,120500.0,4.3,3.1,4.4,14,6,1,0,Contract End,2021,25,3,2.1,3.7,0.32,0.383,Medium,134300.0,302,0.36
EMP01545,Marketing,VP,L3,Female,Kolkata,Master's,28,3.2,132300.0,3.9,3.6,3.5,19,1,0,0,Contract End,2023,0,0,4.2,4.4,0.35,0.34,Medium,236000.0,1023,0.64
EMP01546,Operations,Individual Contributor,L5,Female,Pune,Bachelor's,25,0.1,92300.0,3.9,4.2,4.4,10,6,2,0,Transfer,2019,75,21,4.0,4.1,0.32,0.445,Medium,160200.0,565,0.9
EMP01547,Finance,VP,L2,Female,Noida,MBA,25,4.8,67100.0,3.3,3.9,3.7,0,1,0,0,Transfer,2015,0,8,2.7,3.1,0.17,0.312,Low,125900.0,847,0.41
EMP01548,Engineering,Senior Analyst,L2,Female,Chennai,Master's,38,1.9,122200.0,4.9,3.3,2.9,27,7,3,0,Termination,2022,0,5,3.6,2.4,0.35,0.423,Medium,222100.0,1155,0.43
EMP01549,Engineering,VP,L5,Male,Delhi,Bachelor's,39,10.3,47900.0,3.6,3.9,3.2,2,1,2,0,Contract End,2023,100,11,4.1,4.7,0.07,0.388,Medium,62800.0,503,0.78
EMP01550,Sales,Director,L6,Female,Mumbai,MBA,53,0.8,88300.0,4.4,3.6,4.0,1,0,2,0,Retirement,2016,50,15,4.4,1.7,0.23,0.484,Medium,161500.0,1427,0.5
EMP01551,Engineering,Individual Contributor,L3,Male,Bangalore,Bachelor's,24,2.2,52200.0,4.6,3.4,4.1,22,1,1,0,Contract End,2022,100,12,3.7,4.2,0.17,0.378,Medium,51100.0,1346,0.77
EMP01552,Operations,Manager,L5,Female,Mumbai,Master's,50,2.2,59700.0,4.6,2.5,3.9,8,7,3,0,Retirement,2023,75,24,3.4,4.4,0.22,0.593,Medium,90700.0,285,0.66
EMP01553,Sales,Director,L2,Male,Delhi,MBA,48,4.6,98900.0,4.9,3.6,2.6,8,3,3,0,Termination,2019,100,12,4.7,4.3,0.0,0.443,Medium,55000.0,1074,0.66
EMP01554,Product,Analyst,L2,Male,Pune,Master's,25,6.1,113700.0,4.6,4.4,2.9,1,0,1,0,Termination,2016,50,6,4.3,4.3,0.25,0.329,Low,61500.0,1123,0.45
EMP01555,Operations,VP,L6,Female,Noida,Bachelor's,24,1.0,155700.0,4.0,4.6,4.2,16,1,0,0,Transfer,2015,75,17,2.2,3.0,0.11,0.373,Medium,204600.0,474,0.65
EMP01556,Engineering,Analyst,L2,Male,Kolkata,MBA,32,0.1,179400.0,3.9,2.5,4.0,31,0,0,0,Contract End,2022,50,21,4.3,3.5,0.18,0.59,Medium,320700.0,581,0.39
EMP01557,Sales,Senior Analyst,L4,Female,Hyderabad,Master's,52,0.2,69300.0,4.0,3.3,3.7,28,8,2,0,Termination,2017,0,20,3.7,4.1,0.07,0.507,Medium,111400.0,1189,0.78
EMP01558,Sales,Manager,L3,Male,Bangalore,MBA,30,0.6,131700.0,3.8,4.7,3.5,24,2,3,0,Termination,2020,50,23,4.0,2.7,0.24,0.475,Medium,108000.0,36,0.36
EMP01559,Engineering,VP,L1,Male,Mumbai,MBA,46,0.5,107800.0,4.0,3.5,4.0,25,4,2,0,Resignation,2021,50,1,2.3,4.2,0.18,0.316,Low,104800.0,815,0.67
EMP01560,Operations,Individual Contributor,L5,Female,Mumbai,Master's,22,0.6,31500.0,3.4,4.3,4.2,15,4,0,0,Contract End,2016,75,5,4.0,2.9,0.35,0.305,Low,29400.0,426,0.65
EMP01561,Finance,Analyst,L5,Female,Noida,PhD,53,0.1,91500.0,3.2,3.2,2.2,19,8,2,0,Retirement,2023,50,22,4.2,4.0,0.11,0.618,Medium,112600.0,308,0.64
EMP01562,Engineering,VP,L1,Female,Mumbai,Bachelor's,27,7.6,122800.0,3.5,3.2,4.7,11,1,2,0,Contract End,2015,0,1,4.3,4.3,0.25,0.319,Low,162100.0,472,0.71
EMP01563,Sales,Director,L2,Male,Mumbai,Diploma,33,1.1,97600.0,4.6,3.9,4.0,18,5,1,0,Resignation,2016,75,16,2.9,2.8,0.27,0.478,Medium,50000.0,507,0.53
EMP01564,Product,Individual Contributor,L3,Female,Pune,MBA,44,0.1,113000.0,4.3,4.9,4.2,4,3,1,0,Resignation,2019,100,18,2.2,4.2,0.38,0.414,Medium,148100.0,766,0.66
EMP01565,Customer Success,Director,L3,Non-Binary,Chennai,PhD,43,7.6,69500.0,4.3,3.8,3.5,12,4,2,1,Contract End,2018,50,22,3.4,3.4,0.3,0.519,Medium,115000.0,1093,0.59
EMP01566,Finance,VP,L3,Male,Delhi,Bachelor's,29,0.7,123800.0,3.4,4.7,2.4,1,5,3,0,Transfer,2021,50,18,3.0,1.8,0.13,0.486,Medium,199600.0,1214,0.36
EMP01567,Customer Success,Director,L4,Male,Chennai,Bachelor's,23,3.3,148000.0,4.1,4.6,4.5,9,0,1,0,Termination,2020,50,7,4.1,3.8,0.34,0.26,Low,151500.0,532,0.64
EMP01568,Operations,Senior Manager,L4,Male,Kolkata,Bachelor's,35,2.0,140000.0,2.7,4.6,3.1,31,7,3,0,Resignation,2019,50,4,4.2,4.0,0.01,0.387,Medium,259300.0,457,0.52
EMP01569,Operations,Manager,L4,Female,Kolkata,Bachelor's,49,3.5,58200.0,2.9,3.2,2.6,29,7,2,0,Contract End,2020,100,24,4.0,4.7,0.37,0.559,Medium,64100.0,1104,0.7
EMP01570,Product,Senior Analyst,L1,Female,Noida,Master's,28,4.1,34900.0,4.0,4.2,3.1,5,8,0,0,Transfer,2015,0,8,3.9,4.0,0.27,0.387,Medium,25600.0,81,0.56
EMP01571,Operations,Individual Contributor,L4,Female,Bangalore,MBA,55,3.7,111100.0,4.6,4.5,4.0,2,8,3,0,Resignation,2021,75,0,3.8,3.0,0.01,0.258,Low,153500.0,628,0.57
EMP01572,Product,Senior Analyst,L6,Male,Kolkata,PhD,38,4.8,93800.0,2.9,3.1,3.4,5,5,1,1,Resignation,2016,50,14,4.4,4.0,0.0,0.44,Medium,56700.0,510,0.74
EMP01573,Operations,Director,L1,Female,Mumbai,MBA,22,1.0,93100.0,2.9,4.0,3.3,30,0,0,0,Transfer,2019,0,20,3.5,3.6,0.36,0.538,Medium,152400.0,578,0.57
EMP01574,HR,Senior Analyst,L2,Male,Bangalore,MBA,49,4.1,72400.0,4.0,3.1,3.5,12,1,2,0,Termination,2020,75,24,4.7,3.6,0.35,0.569,Medium,111500.0,1064,0.34
EMP01575,Sales,VP,L2,Male,Kolkata,Master's,52,1.7,70300.0,3.2,3.2,2.5,0,5,3,0,Contract End,2017,100,22,2.9,3.7,0.26,0.595,Medium,38100.0,113,0.37
EMP01576,Engineering,Director,L5,Female,Hyderabad,Bachelor's,56,5.1,66700.0,4.0,4.1,3.6,25,3,2,0,Contract End,2017,75,11,4.7,2.3,0.22,0.413,Medium,71400.0,29,0.37
EMP01577,Marketing,VP,L2,Male,Pune,Bachelor's,52,0.1,67800.0,2.5,4.3,3.8,7,3,2,0,Resignation,2023,50,11,2.4,3.0,0.35,0.433,Medium,54600.0,470,0.42
EMP01578,Finance,VP,L4,Male,Mumbai,Diploma,23,3.9,65300.0,4.2,3.8,4.9,3,1,3,0,Termination,2022,50,16,3.3,2.5,0.07,0.373,Medium,77000.0,1294,0.62
EMP01579,Finance,Senior Manager,L3,Male,Hyderabad,Bachelor's,53,1.4,27500.0,2.9,3.9,2.6,8,4,2,0,Transfer,2016,75,2,3.9,3.5,0.13,0.376,Medium,42900.0,321,0.81
EMP01580,Engineering,Director,L2,Male,Noida,Master's,41,1.1,91000.0,4.5,4.8,3.9,3,5,0,0,Retirement,2023,50,10,3.9,4.0,0.34,0.355,Medium,123400.0,110,0.85
EMP01581,Product,Manager,L2,Female,Pune,Bachelor's,27,1.9,73400.0,2.8,3.5,3.4,28,8,3,0,Contract End,2022,100,8,4.5,3.0,0.24,0.466,Medium,84600.0,55,0.7
EMP01582,Marketing,Individual Contributor,L3,Male,Kolkata,Bachelor's,48,3.9,41900.0,2.8,3.6,2.4,18,6,1,0,Termination,2016,0,5,4.1,3.9,0.17,0.455,Medium,58100.0,972,0.69
EMP01583,Operations,Analyst,L4,Male,Kolkata,Master's,26,3.9,72900.0,4.2,3.8,2.8,30,5,2,0,Resignation,2021,0,12,4.4,4.2,0.33,0.42,Medium,87200.0,146,0.76
EMP01584,Product,Manager,L1,Male,Hyderabad,Master's,35,1.6,99300.0,3.8,4.3,4.2,23,4,3,1,Termination,2022,100,0,3.8,3.3,0.03,0.286,Low,85800.0,1290,0.72
EMP01585,Operations,Senior Manager,L1,Female,Kolkata,Diploma,25,2.1,88100.0,3.7,4.5,3.7,12,1,0,0,Retirement,2017,50,20,4.0,3.6,0.04,0.47,Medium,154500.0,877,0.27
EMP01586,Customer Success,Manager,L4,Male,Delhi,Bachelor's,26,0.6,150000.0,3.6,4.6,4.1,10,5,1,0,Transfer,2021,50,14,3.8,3.3,0.4,0.412,Medium,208500.0,259,0.58
EMP01587,Engineering,Manager,L1,Female,Mumbai,Bachelor's,28,2.4,188600.0,4.9,4.5,4.1,8,4,2,0,Resignation,2022,75,24,3.9,2.6,0.09,0.439,Medium,281500.0,349,0.82
EMP01588,HR,Director,L2,Female,Kolkata,MBA,49,0.3,34600.0,4.5,4.4,3.2,22,2,2,0,Termination,2023,75,17,3.9,3.7,0.39,0.427,Medium,55200.0,751,0.78
EMP01589,Sales,Director,L5,Female,Bangalore,Master's,30,3.6,37100.0,3.0,4.3,3.6,8,1,3,1,Termination,2020,0,16,4.2,4.3,0.0,0.397,Medium,62800.0,1472,0.34
EMP01590,Engineering,Senior Manager,L1,Female,Delhi,Bachelor's,55,0.2,92100.0,3.0,2.0,2.5,31,8,2,0,Transfer,2020,50,21,4.5,3.5,0.3,0.644,Medium,139900.0,1247,0.36
EMP01591,Product,VP,L4,Male,Mumbai,Master's,32,0.2,76500.0,4.2,4.5,2.7,1,4,0,0,Contract End,2016,0,11,2.6,3.9,0.11,0.425,Medium,127200.0,1131,0.6
EMP01592,Sales,Analyst,L3,Male,Chennai,Master's,38,0.4,92100.0,4.2,4.5,3.7,6,2,2,0,Contract End,2016,100,2,3.0,4.4,0.33,0.272,Low,134400.0,666,0.27
EMP01593,Engineering,Individual Contributor,L6,Male,Delhi,Diploma,48,4.7,48700.0,4.5,4.4,3.7,4,8,2,0,Resignation,2015,0,14,3.5,3.8,0.24,0.385,Medium,58100.0,1173,0.4
EMP01594,Finance,Individual Contributor,L2,Male,Delhi,Bachelor's,53,12.4,45100.0,3.7,3.9,3.4,6,7,0,0,Transfer,2021,75,21,3.4,3.2,0.03,0.474,Medium,34800.0,100,0.76
EMP01595,Sales,Senior Analyst,L4,Male,Pune,Bachelor's,22,6.6,43300.0,2.8,3.1,4.2,10,0,1,1,Transfer,2019,50,9,2.6,2.8,0.25,0.346,Medium,58000.0,750,0.61
EMP01596,Sales,Individual Contributor,L6,Female,Mumbai,Diploma,48,0.3,89500.0,3.4,4.7,4.3,24,7,3,1,Resignation,2016,25,6,3.6,3.6,0.07,0.278,Low,117400.0,1295,0.54
EMP01597,Operations,Individual Contributor,L1,Female,Pune,Master's,33,0.2,81100.0,3.2,4.1,3.0,19,8,2,0,Retirement,2020,25,1,3.0,3.1,0.3,0.386,Medium,74200.0,1445,0.78
EMP01598,Customer Success,Manager,L2,Non-Binary,Pune,Bachelor's,29,5.7,127400.0,3.9,4.2,3.8,12,1,3,0,Retirement,2018,100,1,3.4,3.1,0.13,0.294,Low,93000.0,1028,0.42
EMP01599,Sales,VP,L2,Male,Noida,Master's,47,0.5,48300.0,3.9,4.1,4.2,9,0,0,1,Resignation,2016,25,17,2.2,4.5,0.27,0.392,Medium,78700.0,732,0.81
EMP01600,Product,Analyst,L4,Non-Binary,Bangalore,Bachelor's,50,2.6,94500.0,3.8,4.0,2.6,22,3,0,0,Termination,2019,25,21,3.8,3.6,0.1,0.507,Medium,87600.0,1485,0.42
EMP01601,Marketing,Senior Manager,L1,Female,Mumbai,Master's,33,1.2,70700.0,4.1,3.8,2.8,26,8,3,0,Termination,2022,100,20,2.8,3.4,0.35,0.502,Medium,82300.0,302,0.41
EMP01602,Sales,Individual Contributor,L5,Male,Noida,Bachelor's,56,3.4,134300.0,3.1,3.8,2.6,20,3,1,1,Transfer,2022,50,3,4.7,3.8,0.1,0.434,Medium,212500.0,1438,0.57
EMP01603,Operations,Manager,L4,Female,Kolkata,Master's,45,1.3,81700.0,4.5,4.7,2.4,27,8,3,0,Transfer,2020,50,3,3.7,3.3,0.15,0.352,Medium,110400.0,897,0.79
EMP01604,Product,Senior Analyst,L1,Female,Noida,PhD,40,3.8,36100.0,2.5,2.3,3.8,31,8,2,0,Termination,2023,50,22,1.9,3.7,0.36,0.621,Medium,44500.0,1082,0.8
EMP01605,Engineering,Individual Contributor,L3,Female,Chennai,Master's,22,0.5,114600.0,4.6,4.3,3.5,17,7,1,0,Contract End,2016,25,23,3.8,4.1,0.33,0.53,Medium,169600.0,900,0.61
EMP01606,Engineering,VP,L4,Male,Noida,Bachelor's,24,1.4,144300.0,4.3,3.4,4.8,23,6,2,0,Resignation,2016,50,2,4.1,4.1,0.08,0.3,Low,193600.0,585,0.67
EMP01607,Engineering,Analyst,L5,Female,Pune,Master's,54,8.1,68800.0,2.2,2.7,2.6,9,8,3,0,Retirement,2015,75,8,3.4,3.2,0.25,0.46,Medium,43000.0,789,0.76
EMP01608,Engineering,Senior Manager,L1,Female,Chennai,Bachelor's,36,0.1,109000.0,4.0,4.5,4.2,20,1,0,0,Resignation,2020,100,21,2.5,3.2,0.2,0.445,Medium,141200.0,38,0.75
EMP01609,Customer Success,Senior Manager,L1,Female,Kolkata,MBA,27,0.4,74300.0,4.9,3.5,4.0,5,1,0,0,Contract End,2021,100,16,3.1,1.5,0.29,0.49,Medium,63600.0,997,0.48
EMP01610,Finance,Senior Manager,L2,Female,Noida,Bachelor's,22,1.6,66000.0,3.4,3.6,3.1,17,7,0,1,Transfer,2021,100,0,4.2,3.9,0.07,0.386,Medium,86100.0,1143,0.66
EMP01611,Marketing,Senior Analyst,L3,Male,Hyderabad,Master's,50,12.2,69400.0,3.6,3.7,4.3,31,1,0,0,Retirement,2017,25,17,2.2,2.2,0.17,0.344,Medium,108300.0,240,0.65
EMP01612,Customer Success,Analyst,L3,Female,Noida,Diploma,50,0.8,24800.0,3.7,4.8,2.7,1,8,0,0,Contract End,2017,100,5,4.6,3.5,0.18,0.327,Low,49500.0,1163,0.7
EMP01613,Marketing,Analyst,L4,Male,Kolkata,Bachelor's,31,0.5,214800.0,4.1,3.8,2.0,15,5,1,0,Retirement,2016,25,23,3.2,4.0,0.28,0.627,Medium,359000.0,546,0.91
EMP01614,HR,Manager,L2,Male,Mumbai,PhD,42,0.3,88100.0,3.0,4.2,2.6,1,0,0,0,Termination,2018,75,16,4.4,3.3,0.24,0.532,Medium,170500.0,1402,0.43
EMP01615,Engineering,Manager,L3,Male,Kolkata,Bachelor's,54,1.1,50700.0,4.2,3.8,4.0,5,6,0,0,Resignation,2015,75,17,3.8,3.0,0.03,0.442,Medium,66100.0,297,0.67
EMP01616,Product,Individual Contributor,L1,Female,Noida,PhD,57,5.4,53000.0,3.2,4.1,3.5,28,2,3,1,Retirement,2023,75,2,3.6,4.3,0.31,0.312,Low,46900.0,635,0.61
EMP01617,Marketing,Individual Contributor,L3,Female,Hyderabad,Master's,42,3.1,61600.0,4.3,3.6,2.3,17,6,3,0,Resignation,2015,50,9,3.1,4.5,0.07,0.43,Medium,110200.0,289,0.59
EMP01618,Operations,Individual Contributor,L5,Male,Bangalore,PhD,56,1.5,66100.0,4.5,3.2,3.2,30,0,1,0,Transfer,2015,50,22,1.9,2.1,0.17,0.602,Medium,48700.0,1229,0.61
EMP01619,Product,Analyst,L3,Male,Kolkata,Master's,42,3.3,77000.0,3.6,3.7,4.0,26,4,2,1,Termination,2015,100,22,3.7,2.3,0.17,0.475,Medium,142300.0,1145,0.83
EMP01620,Sales,Senior Manager,L5,Female,Pune,Bachelor's,55,11.3,106700.0,4.7,3.5,3.0,10,8,3,0,Contract End,2023,0,19,3.4,4.2,0.34,0.42,Medium,61200.0,300,0.51
EMP01621,Product,Senior Manager,L5,Male,Hyderabad,Master's,36,0.1,93700.0,4.2,3.9,2.2,24,7,2,1,Resignation,2018,100,2,3.3,2.3,0.17,0.41,Medium,66400.0,35,0.22
EMP01622,Product,VP,L1,Female,Pune,MBA,50,2.5,90700.0,4.6,3.3,1.7,29,5,3,0,Termination,2016,100,10,4.8,3.6,0.21,0.534,Medium,124400.0,504,0.81
EMP01623,Marketing,VP,L2,Male,Mumbai,Bachelor's,23,2.4,138200.0,4.1,3.6,4.0,4,5,0,1,Contract End,2023,75,9,4.3,2.5,0.37,0.407,Medium,149400.0,839,0.57
EMP01624,Customer Success,VP,L3,Male,Chennai,Bachelor's,39,3.8,106100.0,4.5,3.4,3.1,2,5,3,0,Termination,2017,50,20,1.8,4.7,0.17,0.492,Medium,95700.0,306,0.65
EMP01625,Customer Success,Manager,L2,Female,Kolkata,Master's,24,0.6,90500.0,4.3,4.7,3.2,19,1,2,1,Transfer,2020,50,20,3.1,3.5,0.01,0.505,Medium,64100.0,1212,0.88
EMP01626,Marketing,Director,L4,Female,Pune,Master's,24,5.1,67200.0,4.4,3.7,3.7,15,7,3,0,Termination,2016,25,3,4.0,4.5,0.12,0.369,Medium,76700.0,880,0.54
EMP01627,Engineering,Director,L4,Male,Mumbai,Diploma,52,0.8,85000.0,4.4,3.6,4.0,22,8,3,0,Contract End,2017,75,2,4.1,4.3,0.17,0.305,Low,56300.0,1081,0.46
EMP01628,Product,Senior Analyst,L3,Female,Kolkata,MBA,50,4.6,100000.0,3.4,4.6,3.5,0,5,3,0,Resignation,2021,0,5,2.6,3.7,0.09,0.325,Low,138900.0,387,0.74
EMP01629,Finance,Senior Analyst,L1,Female,Noida,Bachelor's,45,2.9,47800.0,3.1,3.8,4.5,30,2,2,0,Contract End,2023,50,6,4.2,3.0,0.22,0.282,Low,61800.0,822,0.65
EMP01630,Customer Success,Analyst,L1,Female,Mumbai,PhD,39,2.9,91900.0,3.0,3.5,3.4,30,8,2,1,Transfer,2015,100,11,4.9,3.0,0.2,0.452,Medium,118400.0,1308,0.64
EMP01631,Engineering,Individual Contributor,L6,Female,Pune,MBA,57,4.4,63600.0,4.2,3.5,3.1,6,1,3,0,Transfer,2015,100,12,3.1,3.9,0.22,0.499,Medium,35000.0,322,0.44
EMP01632,Operations,Analyst,L2,Male,Kolkata,Master's,47,3.9,54500.0,4.1,2.7,2.8,13,3,3,0,Contract End,2020,50,3,4.4,4.2,0.02,0.415,Medium,86700.0,6,0.75
EMP01633,Operations,Manager,L2,Male,Noida,Master's,55,5.0,84400.0,3.3,4.8,3.6,2,8,1,1,Retirement,2021,75,20,4.8,3.2,0.03,0.395,Medium,130700.0,189,0.41
EMP01634,Engineering,Director,L5,Female,Mumbai,PhD,25,3.5,42500.0,3.4,4.6,3.7,21,3,0,0,Resignation,2021,75,22,4.4,3.9,0.26,0.46,Medium,22700.0,493,0.68
EMP01635,Customer Success,Senior Analyst,L5,Male,Pune,Bachelor's,55,12.9,127600.0,3.5,4.6,3.0,7,2,0,0,Termination,2019,75,18,3.5,4.9,0.11,0.333,Medium,160000.0,1425,0.74
EMP01636,Marketing,Analyst,L2,Female,Noida,Master's,36,7.0,133600.0,1.9,4.3,4.1,27,3,1,1,Retirement,2019,25,22,3.4,3.7,0.0,0.404,Medium,129700.0,1389,0.6
EMP01637,Operations,VP,L2,Female,Kolkata,MBA,33,11.6,76100.0,3.4,3.0,4.3,21,1,2,0,Retirement,2019,25,15,4.5,3.8,0.25,0.353,Medium,104100.0,1266,0.87
EMP01638,Finance,Analyst,L3,Female,Bangalore,MBA,47,3.5,84200.0,4.7,2.7,3.6,25,6,0,1,Resignation,2023,0,24,3.3,2.3,0.33,0.551,Medium,116700.0,72,0.85
EMP01639,Finance,Manager,L5,Female,Delhi,Master's,43,7.6,97700.0,4.5,2.6,4.5,6,3,2,1,Termination,2020,50,14,4.5,3.2,0.33,0.427,Medium,191000.0,1436,0.86
EMP01640,Operations,Senior Manager,L3,Male,Noida,Bachelor's,45,0.1,46000.0,3.4,4.8,3.9,20,5,2,0,Termination,2021,100,9,4.8,3.8,0.01,0.352,Medium,48800.0,198,0.8
EMP01641,Operations,Director,L3,Male,Delhi,Diploma,47,7.0,91100.0,4.0,2.1,3.4,18,5,0,0,Transfer,2018,50,21,3.4,4.1,0.3,0.562,Medium,122700.0,809,0.57
EMP01642,Sales,Senior Manager,L4,Female,Kolkata,PhD,28,2.6,57900.0,3.4,2.1,3.8,11,2,0,0,Termination,2023,50,0,3.3,3.1,0.12,0.378,Medium,76800.0,575,0.74
EMP01643,Sales,Analyst,L4,Male,Delhi,Bachelor's,26,1.6,59600.0,4.4,3.4,3.6,9,7,3,0,Resignation,2023,50,21,3.2,3.6,0.14,0.515,Medium,39400.0,1,0.87
EMP01644,Customer Success,Analyst,L2,Male,Pune,Bachelor's,52,1.2,66800.0,3.6,3.8,3.8,16,1,1,0,Transfer,2020,0,13,3.4,2.3,0.2,0.451,Medium,105400.0,1269,0.71
EMP01645,Product,Senior Manager,L2,Male,Mumbai,MBA,55,11.4,73600.0,2.7,2.9,2.6,15,5,1,0,Retirement,2017,50,16,2.8,3.9,0.24,0.504,Medium,87700.0,373,0.42
EMP01646,Sales,Analyst,L3,Male,Delhi,Bachelor's,29,3.9,54800.0,4.1,3.2,3.8,28,7,0,0,Contract End,2023,100,9,3.0,4.0,0.18,0.44,Medium,66100.0,896,0.59
EMP01647,Engineering,Senior Analyst,L2,Male,Hyderabad,MBA,41,1.1,63900.0,4.4,3.9,4.8,2,4,1,1,Retirement,2015,50,15,2.5,4.3,0.3,0.381,Medium,89800.0,261,0.8
EMP01648,Product,Individual Contributor,L2,Female,Noida,MBA,44,0.3,43900.0,3.0,3.1,1.4,23,5,1,0,Termination,2017,75,14,3.7,3.3,0.38,0.642,Medium,36300.0,153,0.8
EMP01649,Marketing,Manager,L1,Male,Bangalore,Diploma,54,0.3,46600.0,3.8,3.5,3.9,8,7,2,0,Resignation,2017,75,13,3.9,2.3,0.37,0.445,Medium,73400.0,726,0.65
EMP01650,Engineering,Manager,L6,Female,Delhi,Diploma,33,2.4,83300.0,2.8,2.7,2.8,4,7,3,1,Contract End,2023,50,11,3.3,2.5,0.17,0.512,Medium,140400.0,238,0.6
EMP01651,Sales,Manager,L1,Male,Bangalore,Diploma,42,1.2,55300.0,3.5,4.7,4.1,17,2,3,0,Transfer,2021,25,12,2.6,3.4,0.25,0.33,Low,41900.0,884,0.47
EMP01652,Marketing,Analyst,L5,Male,Hyderabad,Master's,31,3.0,119100.0,4.8,4.5,4.8,3,1,3,0,Contract End,2020,100,17,2.3,3.5,0.33,0.399,Medium,70200.0,43,0.5
EMP01653,Sales,Analyst,L6,Female,Pune,Bachelor's,52,1.8,61200.0,4.2,4.7,4.0,15,8,0,1,Contract End,2021,50,7,4.3,2.1,0.19,0.329,Low,31100.0,924,0.47
EMP01654,HR,Senior Analyst,L4,Female,Chennai,MBA,41,6.3,79700.0,3.8,2.6,4.3,19,6,0,0,Termination,2023,50,21,4.1,4.2,0.37,0.505,Medium,70300.0,795,0.74
EMP01655,Sales,Manager,L3,Male,Bangalore,Bachelor's,40,3.3,109200.0,2.3,3.9,4.3,29,0,1,0,Transfer,2022,50,14,4.1,2.5,0.36,0.427,Medium,145400.0,226,0.72
EMP01656,Product,Individual Contributor,L2,Male,Chennai,Bachelor's,35,0.3,73800.0,4.8,3.8,3.1,6,3,1,0,Resignation,2016,75,6,3.1,4.7,0.35,0.442,Medium,75600.0,78,0.7
EMP01657,HR,Director,L6,Male,Bangalore,MBA,31,4.2,84200.0,3.9,3.4,4.5,21,2,2,0,Retirement,2022,100,2,3.5,2.1,0.28,0.342,Medium,102200.0,586,0.64
EMP01658,Marketing,Senior Manager,L4,Non-Binary,Chennai,Bachelor's,46,8.0,63500.0,3.4,3.5,3.5,11,7,1,0,Resignation,2021,50,23,4.2,3.7,0.08,0.466,Medium,91700.0,727,0.73
EMP01659,Sales,Senior Manager,L4,Male,Bangalore,Master's,49,11.5,89200.0,4.0,4.5,4.7,8,7,0,0,Transfer,2019,100,12,3.9,3.7,0.05,0.219,Low,85700.0,952,0.47
EMP01660,Engineering,Manager,L3,Non-Binary,Kolkata,Bachelor's,48,4.1,126900.0,4.0,3.9,4.5,17,8,2,0,Transfer,2019,100,24,4.4,3.5,0.14,0.433,Medium,229300.0,474,0.59
EMP01661,Customer Success,Senior Manager,L1,Male,Noida,Bachelor's,29,2.7,154900.0,3.7,4.3,2.9,28,2,2,0,Contract End,2019,100,13,1.8,2.7,0.35,0.393,Medium,301800.0,970,0.79
EMP01662,Engineering,Manager,L3,Female,Delhi,Bachelor's,55,20.0,48400.0,4.7,3.0,2.3,27,7,1,0,Termination,2019,75,23,3.8,3.1,0.05,0.469,Medium,28600.0,1495,0.86
EMP01663,Sales,Individual Contributor,L2,Female,Chennai,Master's,27,3.2,175300.0,3.9,2.3,3.5,12,4,2,0,Termination,2023,75,7,4.7,3.5,0.11,0.456,Medium,277400.0,1359,0.25
EMP01664,Marketing,Manager,L2,Male,Pune,MBA,33,15.1,58600.0,3.3,2.9,4.1,17,6,0,0,Termination,2021,0,24,4.2,3.7,0.1,0.411,Medium,98100.0,22,0.87
EMP01665,Customer Success,VP,L4,Female,Pune,MBA,31,2.4,88800.0,4.7,2.9,4.1,6,2,1,0,Termination,2022,75,17,3.3,4.1,0.06,0.496,Medium,114300.0,1100,0.76
EMP01666,Product,Director,L4,Male,Noida,Master's,37,1.0,68000.0,3.8,3.6,3.6,23,8,2,0,Transfer,2019,0,17,3.8,2.6,0.29,0.446,Medium,124700.0,451,0.83
EMP01667,Engineering,Manager,L3,Female,Chennai,Diploma,27,1.1,104200.0,3.8,4.2,3.2,23,8,3,0,Transfer,2018,50,8,4.7,3.9,0.33,0.423,Medium,85000.0,1018,0.49
EMP01668,HR,Senior Manager,L1,Male,Hyderabad,Master's,25,4.8,69000.0,3.2,4.3,3.0,20,7,3,0,Resignation,2015,75,2,3.5,4.3,0.03,0.372,Medium,83500.0,5,0.78
EMP01669,Customer Success,Senior Manager,L2,Female,Hyderabad,PhD,36,9.3,70100.0,3.7,4.0,3.5,26,0,2,0,Resignation,2015,75,12,4.3,3.8,0.34,0.401,Medium,107000.0,523,0.46
EMP01670,Sales,Senior Manager,L6,Female,Noida,Bachelor's,51,1.7,68200.0,4.7,4.3,2.4,2,4,0,0,Retirement,2017,75,23,3.8,1.9,0.28,0.571,Medium,116800.0,369,0.54
EMP01671,Customer Success,Individual Contributor,L2,Male,Hyderabad,Bachelor's,28,0.3,106300.0,4.0,2.8,3.9,11,8,1,0,Transfer,2022,25,7,2.6,2.9,0.07,0.476,Medium,77400.0,400,0.84
EMP01672,Product,Analyst,L3,Male,Chennai,MBA,55,3.2,42100.0,4.7,3.8,2.5,10,7,2,0,Resignation,2019,50,1,4.5,1.9,0.26,0.357,Medium,42900.0,1027,0.33
EMP01673,Operations,Director,L2,Female,Delhi,Bachelor's,47,2.3,152500.0,3.1,3.5,4.2,7,1,0,0,Resignation,2020,75,13,3.0,4.5,0.02,0.379,Medium,208100.0,1409,0.69
EMP01674,Engineering,Individual Contributor,L5,Male,Chennai,MBA,46,1.9,85300.0,4.8,2.2,2.4,3,4,0,0,Retirement,2021,0,15,3.5,4.3,0.08,0.571,Medium,147000.0,144,0.78
EMP01675,Finance,Manager,L3,Male,Pune,MBA,29,6.9,57400.0,4.2,4.7,3.4,31,1,2,0,Termination,2019,0,16,4.1,3.5,0.33,0.404,Medium,42300.0,1046,0.47
EMP01676,Operations,VP,L1,Male,Hyderabad,Master's,28,2.8,100700.0,2.4,3.9,4.5,23,8,3,0,Resignation,2020,0,6,4.8,3.9,0.29,0.302,Low,74100.0,629,0.39
EMP01677,Product,Individual Contributor,L6,Female,Chennai,Master's,48,7.8,80800.0,2.1,4.0,2.1,9,2,3,0,Resignation,2017,75,21,2.9,3.9,0.18,0.539,Medium,100000.0,442,0.67
EMP01678,Operations,Director,L2,Male,Kolkata,Bachelor's,28,2.1,43500.0,3.9,4.3,3.5,19,5,0,1,Retirement,2018,100,8,2.3,3.9,0.4,0.41,Medium,42800.0,1229,0.53
EMP01679,Marketing,Senior Analyst,L4,Male,Hyderabad,MBA,36,4.4,56400.0,4.6,3.6,2.7,13,1,1,1,Transfer,2016,100,18,3.3,3.9,0.18,0.517,Medium,67700.0,121,0.48
EMP01680,Product,Director,L4,Female,Pune,Bachelor's,25,4.3,94500.0,3.0,2.7,3.8,22,5,1,0,Contract End,2021,100,1,4.1,2.2,0.13,0.348,Medium,124300.0,202,0.69
EMP01681,Engineering,Manager,L1,Male,Noida,Bachelor's,48,4.2,89900.0,3.4,3.4,4.6,7,5,1,0,Transfer,2020,100,18,4.3,4.0,0.39,0.402,Medium,150300.0,376,0.65
EMP01682,Finance,VP,L5,Female,Bangalore,Master's,36,1.5,84000.0,4.4,4.6,3.3,22,6,1,0,Resignation,2020,75,6,4.1,4.0,0.12,0.362,Medium,121200.0,1416,0.97
EMP01683,Sales,Analyst,L3,Female,Hyderabad,MBA,54,1.9,56000.0,2.4,3.4,1.5,17,3,3,0,Retirement,2015,75,5,4.4,3.3,0.07,0.481,Medium,54700.0,1050,0.71
EMP01684,Marketing,Senior Analyst,L2,Male,Noida,Bachelor's,27,1.2,61700.0,4.0,4.0,3.2,15,0,2,0,Retirement,2023,75,22,4.6,4.1,0.06,0.482,Medium,46200.0,1339,0.53
EMP01685,Engineering,VP,L1,Female,Chennai,Bachelor's,57,0.9,51200.0,4.3,2.8,3.2,7,0,0,0,Termination,2023,100,3,3.6,3.7,0.27,0.458,Medium,42000.0,111,0.79
EMP01686,Engineering,Manager,L2,Female,Bangalore,Master's,50,6.0,131400.0,4.6,4.1,4.6,1,5,0,0,Transfer,2016,50,22,4.1,3.1,0.23,0.389,Medium,109000.0,103,0.5
EMP01687,Engineering,Analyst,L1,Female,Chennai,MBA,25,2.5,51600.0,3.8,2.0,4.5,24,1,0,0,Transfer,2020,50,9,4.5,2.4,0.21,0.43,Medium,89600.0,968,0.78
EMP01688,Finance,VP,L6,Male,Hyderabad,Master's,25,6.0,114700.0,3.9,2.3,3.2,23,2,2,0,Termination,2017,50,20,3.5,4.1,0.18,0.527,Medium,96400.0,234,0.59
EMP01689,Engineering,Director,L3,Male,Chennai,PhD,43,0.5,111700.0,3.5,4.0,3.3,0,4,1,1,Transfer,2018,100,9,3.4,2.2,0.31,0.393,Medium,210900.0,1327,0.85
EMP01690,Product,Individual Contributor,L4,Male,Mumbai,Bachelor's,22,11.4,194800.0,3.4,3.8,4.8,0,4,1,0,Transfer,2020,50,24,4.5,4.0,0.03,0.368,Medium,177000.0,323,0.52
EMP01691,Marketing,Director,L2,Male,Kolkata,Bachelor's,48,8.1,80100.0,4.4,4.2,2.7,19,8,1,0,Contract End,2019,50,5,4.5,3.7,0.3,0.338,Medium,79500.0,1227,0.65
EMP01692,Product,Individual Contributor,L4,Male,Bangalore,MBA,40,0.5,112700.0,4.3,4.7,3.4,17,2,3,0,Resignation,2018,100,0,3.4,3.6,0.26,0.308,Low,125000.0,1349,0.67
EMP01693,Sales,Manager,L3,Female,Kolkata,PhD,53,5.4,116900.0,3.6,4.6,2.3,26,0,3,0,Contract End,2020,0,13,2.9,4.1,0.27,0.391,Medium,98900.0,1044,0.93
EMP01694,Sales,VP,L2,Female,Bangalore,Bachelor's,23,0.8,112300.0,3.2,4.7,3.9,30,4,0,0,Transfer,2015,25,9,4.3,3.1,0.35,0.345,Medium,65300.0,868,0.79
EMP01695,Operations,Senior Manager,L2,Male,Mumbai,Master's,45,8.1,143600.0,2.0,4.2,3.6,21,7,0,0,Retirement,2020,0,21,2.6,3.4,0.23,0.406,Medium,162700.0,224,0.2
EMP01696,Sales,Manager,L1,Female,Bangalore,Master's,32,1.2,80900.0,4.2,3.7,3.2,27,2,2,0,Retirement,2016,50,17,3.7,4.3,0.21,0.533,Medium,74700.0,593,0.78
EMP01697,Product,Individual Contributor,L3,Male,Chennai,Bachelor's,24,2.1,156800.0,4.6,3.0,4.5,20,1,3,1,Transfer,2021,0,20,4.6,3.8,0.06,0.458,Medium,193300.0,1098,0.39
EMP01698,Customer Success,Analyst,L1,Male,Noida,MBA,33,5.0,93800.0,3.9,3.4,2.0,18,7,3,0,Resignation,2019,50,14,4.3,4.8,0.19,0.541,Medium,99900.0,1095,0.56
EMP01699,Engineering,Individual Contributor,L2,Male,Hyderabad,Bachelor's,26,7.6,55100.0,3.9,4.5,2.1,1,2,0,0,Transfer,2023,0,1,4.9,4.6,0.19,0.376,Medium,39800.0,391,0.47
EMP01700,Finance,Analyst,L1,Female,Noida,MBA,54,7.1,61800.0,3.5,2.5,3.7,18,0,0,1,Retirement,2021,0,7,4.0,3.5,0.19,0.413,Medium,32700.0,890,0.72
EMP01701,Finance,VP,L2,Female,Noida,Bachelor's,49,3.5,128800.0,2.1,4.5,2.9,30,8,2,0,Retirement,2022,50,15,3.4,4.3,0.13,0.422,Medium,214100.0,659,0.39
EMP01702,Sales,Senior Manager,L4,Female,Bangalore,Diploma,42,1.3,95700.0,2.2,2.2,4.1,8,0,0,0,Resignation,2015,0,1,3.5,2.3,0.17,0.424,Medium,88700.0,786,0.88
EMP01703,HR,Manager,L3,Male,Mumbai,Bachelor's,27,2.9,159500.0,4.2,4.0,1.8,23,8,2,1,Retirement,2020,50,19,4.4,3.1,0.15,0.541,Medium,223500.0,1314,0.77
EMP01704,HR,Individual Contributor,L3,Male,Chennai,MBA,40,2.6,78100.0,3.6,4.0,2.8,29,6,3,0,Retirement,2015,50,12,4.4,3.5,0.36,0.429,Medium,57600.0,782,0.47
EMP01705,Sales,Manager,L3,Male,Chennai,Master's,55,1.7,76900.0,3.2,4.1,2.7,11,5,3,0,Termination,2020,75,4,4.3,3.8,0.1,0.375,Medium,121600.0,216,0.38
EMP01706,Product,Director,L6,Male,Hyderabad,MBA,36,3.3,57500.0,4.8,2.8,2.2,26,6,3,0,Resignation,2015,75,1,4.6,4.0,0.18,0.432,Medium,95900.0,1163,0.47
EMP01707,Engineering,Individual Contributor,L3,Male,Mumbai,Bachelor's,56,1.3,35300.0,3.9,3.6,4.1,2,7,3,0,Contract End,2016,50,12,3.8,2.4,0.0,0.459,Medium,54700.0,1408,0.62
EMP01708,Operations,Manager,L5,Male,Chennai,Bachelor's,25,0.3,90600.0,4.2,4.5,4.3,6,6,1,1,Resignation,2017,100,4,3.6,3.3,0.15,0.264,Low,74600.0,322,0.44
EMP01709,Customer Success,Manager,L4,Male,Noida,MBA,31,0.5,57400.0,3.6,1.7,2.5,5,6,2,0,Transfer,2016,100,18,2.6,3.9,0.36,0.654,Medium,69500.0,1044,0.76
EMP01710,Product,Analyst,L4,Female,Pune,Bachelor's,42,12.5,73900.0,4.2,3.5,3.4,9,6,3,0,Transfer,2022,0,11,4.6,3.9,0.36,0.364,Medium,120500.0,1057,0.46
EMP01711,Product,Senior Manager,L1,Male,Pune,Bachelor's,42,8.5,53700.0,2.0,2.1,4.4,20,0,3,1,Retirement,2017,75,21,3.6,4.5,0.02,0.547,Medium,41600.0,495,0.82
EMP01712,Finance,Analyst,L2,Male,Bangalore,Bachelor's,55,3.3,64900.0,4.0,3.0,3.5,14,3,1,0,Contract End,2015,0,4,2.7,4.1,0.24,0.407,Medium,59100.0,101,0.59
EMP01713,Operations,Senior Manager,L1,Male,Kolkata,Master's,38,5.2,77600.0,3.0,2.8,1.5,23,4,2,0,Contract End,2022,100,7,2.8,4.6,0.26,0.514,Medium,95600.0,1492,0.36
EMP01714,Operations,Senior Analyst,L4,Male,Pune,MBA,57,2.6,107900.0,4.2,4.6,4.5,17,2,1,0,Resignation,2019,75,6,3.3,3.7,0.32,0.311,Low,163700.0,846,0.73
EMP01715,Operations,Manager,L2,Male,Noida,Bachelor's,24,3.0,113100.0,3.9,3.0,1.8,23,6,3,0,Contract End,2017,50,22,3.1,4.5,0.25,0.666,High,102100.0,335,0.57
EMP01716,Finance,VP,L3,Male,Kolkata,Bachelor's,37,8.6,51000.0,3.8,3.5,2.5,16,3,0,0,Transfer,2017,100,21,2.9,4.2,0.18,0.492,Medium,39300.0,399,0.84
EMP01717,Finance,Senior Analyst,L2,Male,Bangalore,MBA,44,0.8,65900.0,4.9,2.9,3.5,6,7,1,0,Retirement,2016,100,2,3.4,4.9,0.2,0.367,Medium,108100.0,344,0.57
EMP01718,Engineering,Analyst,L2,Female,Kolkata,Bachelor's,45,2.5,50600.0,4.8,3.9,3.8,15,3,1,1,Termination,2022,75,4,4.2,4.9,0.28,0.352,Medium,38600.0,180,0.6
EMP01719,Sales,VP,L3,Male,Kolkata,MBA,48,0.4,89100.0,2.8,2.9,3.8,17,6,1,0,Resignation,2019,50,20,4.5,4.5,0.21,0.595,Medium,47200.0,797,0.91
EMP01720,HR,Senior Analyst,L2,Male,Delhi,Bachelor's,24,0.9,114000.0,2.3,1.8,4.9,13,7,1,0,Resignation,2016,50,22,3.1,2.9,0.25,0.586,Medium,77000.0,906,0.67
EMP01721,Product,Analyst,L2,Male,Noida,Master's,45,5.2,65800.0,4.1,4.6,2.4,4,2,1,1,Termination,2020,100,10,4.3,2.4,0.13,0.415,Medium,72300.0,386,0.69
EMP01722,Product,Individual Contributor,L1,Male,Kolkata,Diploma,44,12.0,74200.0,3.2,3.4,2.5,11,8,0,0,Transfer,2017,50,7,4.1,4.0,0.09,0.435,Medium,121300.0,445,0.63
EMP01723,Sales,Individual Contributor,L3,Female,Pune,Bachelor's,24,1.6,91500.0,2.4,4.0,3.9,10,4,3,1,Resignation,2023,50,6,3.6,4.0,0.03,0.33,Low,132800.0,1378,0.7
EMP01724,Marketing,Individual Contributor,L2,Female,Bangalore,Bachelor's,40,3.3,72300.0,4.2,4.1,3.4,5,5,3,0,Termination,2022,75,15,3.7,2.7,0.06,0.405,Medium,109100.0,56,0.84
EMP01725,Engineering,Senior Manager,L3,Male,Mumbai,Bachelor's,43,1.2,60300.0,3.6,3.9,3.4,22,0,0,0,Contract End,2015,75,10,3.4,4.2,0.15,0.381,Medium,119800.0,1352,0.81
EMP01726,HR,Manager,L2,Male,Noida,Master's,49,6.1,70600.0,3.8,4.6,3.3,28,7,1,1,Contract End,2023,50,19,4.0,4.2,0.12,0.441,Medium,56500.0,581,0.75
EMP01727,HR,Individual Contributor,L3,Female,Chennai,MBA,28,0.4,56300.0,4.3,2.7,2.5,13,8,2,1,Termination,2022,50,13,4.4,4.0,0.16,0.553,Medium,89700.0,48,0.68
EMP01728,Product,Senior Analyst,L3,Male,Delhi,MBA,54,0.8,90700.0,3.5,4.5,3.5,28,6,2,1,Contract End,2021,25,6,4.8,4.1,0.28,0.385,Medium,118600.0,310,0.86
EMP01729,Product,Individual Contributor,L6,Non-Binary,Pune,Master's,46,1.1,45200.0,4.2,1.7,3.0,6,3,2,0,Resignation,2022,0,6,4.2,3.6,0.02,0.567,Medium,62500.0,1459,0.47
EMP01730,Engineering,Analyst,L1,Female,Bangalore,Bachelor's,32,8.0,106600.0,4.6,3.5,4.2,18,3,1,0,Termination,2018,100,1,4.3,4.8,0.04,0.236,Low,62800.0,293,0.59
EMP01731,Sales,Senior Analyst,L2,Male,Mumbai,Bachelor's,27,3.5,62400.0,4.9,4.0,3.3,11,8,3,0,Resignation,2020,50,0,3.9,3.8,0.03,0.312,Low,56600.0,424,0.64
EMP01732,Customer Success,VP,L5,Female,Hyderabad,Diploma,53,1.2,200100.0,3.5,4.5,3.6,20,2,1,0,Retirement,2016,0,13,3.6,3.6,0.28,0.371,Medium,345500.0,726,0.45
EMP01733,Sales,Senior Manager,L3,Female,Hyderabad,PhD,26,6.6,95900.0,3.8,3.9,3.1,19,3,2,0,Resignation,2020,75,14,4.7,3.7,0.31,0.381,Medium,141200.0,1383,0.71
EMP01734,Customer Success,Manager,L4,Female,Hyderabad,Diploma,44,0.4,41600.0,2.9,3.0,3.4,7,8,2,0,Contract End,2021,75,23,4.6,2.9,0.35,0.592,Medium,22100.0,1088,0.39
EMP01735,Engineering,Senior Analyst,L1,Female,Bangalore,MBA,24,5.4,105400.0,4.8,3.7,4.8,24,3,2,0,Contract End,2016,25,15,3.2,2.6,0.05,0.397,Medium,68500.0,1371,0.61
EMP01736,Product,Senior Analyst,L6,Male,Mumbai,MBA,27,2.1,67600.0,3.8,4.4,3.5,15,0,1,0,Termination,2015,100,18,4.1,3.0,0.36,0.452,Medium,37800.0,10,0.32
EMP01737,Sales,Manager,L4,Male,Noida,Bachelor's,51,0.5,102400.0,3.0,4.1,4.2,16,2,3,0,Termination,2017,0,6,5.0,2.7,0.02,0.33,Low,92300.0,790,0.92
EMP01738,Engineering,Analyst,L2,Male,Mumbai,PhD,35,1.6,63600.0,4.8,4.7,3.6,1,4,2,0,Resignation,2018,100,2,4.1,3.1,0.03,0.333,Medium,119700.0,1467,0.61
EMP01739,Engineering,VP,L2,Female,Chennai,Master's,49,2.1,69400.0,4.4,4.0,4.4,9,3,1,1,Termination,2021,50,6,3.3,4.4,0.16,0.304,Low,40900.0,1449,0.39
EMP01740,Finance,Senior Manager,L3,Male,Hyderabad,Bachelor's,51,10.1,122700.0,2.9,4.3,3.4,23,0,2,0,Retirement,2017,100,6,3.4,4.3,0.01,0.263,Low,229400.0,1033,0.64
EMP01741,Sales,Senior Analyst,L1,Male,Pune,Master's,37,0.3,119800.0,3.7,3.7,2.9,21,8,0,0,Retirement,2020,100,17,4.2,2.7,0.23,0.485,Medium,93200.0,418,0.86
EMP01742,Finance,Analyst,L2,Female,Pune,MBA,52,1.4,118600.0,3.9,3.5,2.0,13,1,3,1,Transfer,2015,50,10,4.0,3.5,0.26,0.539,Medium,86900.0,1165,0.33
EMP01743,Product,Senior Manager,L5,Female,Mumbai,Master's,25,0.3,87700.0,4.4,3.3,4.3,0,1,2,1,Transfer,2018,100,17,4.1,2.5,0.05,0.447,Medium,88500.0,1082,0.5
EMP01744,Product,Senior Analyst,L4,Male,Delhi,Bachelor's,25,0.4,148000.0,4.0,2.9,3.4,28,7,3,0,Termination,2023,75,8,4.0,3.7,0.01,0.518,Medium,249700.0,881,0.74
EMP01745,Operations,Analyst,L1,Female,Kolkata,PhD,44,0.7,57400.0,3.3,2.6,4.5,6,0,2,0,Contract End,2017,50,24,4.7,4.5,0.26,0.536,Medium,75000.0,173,0.66
EMP01746,Marketing,Senior Manager,L2,Female,Noida,MBA,24,2.4,81800.0,4.1,4.6,3.7,6,5,1,0,Termination,2022,0,3,3.3,4.4,0.19,0.31,Low,42900.0,1437,0.48
EMP01747,Engineering,Director,L1,Male,Chennai,Master's,45,0.8,69900.0,3.6,4.8,2.3,7,4,3,0,Retirement,2018,25,15,4.2,3.1,0.32,0.457,Medium,50700.0,730,0.79
EMP01748,Sales,Individual Contributor,L5,Female,Hyderabad,Diploma,56,2.5,52900.0,4.0,4.6,2.8,7,2,0,0,Contract End,2015,100,12,2.1,3.5,0.37,0.437,Medium,41800.0,1065,0.65
EMP01749,Engineering,Senior Manager,L3,Female,Bangalore,Diploma,53,2.7,119900.0,4.7,4.0,4.5,29,5,1,1,Transfer,2019,100,19,3.4,2.2,0.04,0.441,Medium,92800.0,609,0.68
EMP01750,Engineering,Director,L1,Female,Noida,Diploma,31,1.0,132800.0,4.6,2.9,4.1,18,5,2,0,Termination,2017,75,18,4.7,2.9,0.36,0.541,Medium,111300.0,323,0.7
EMP01751,Marketing,Individual Contributor,L2,Male,Pune,Bachelor's,48,0.2,66800.0,3.5,3.8,2.2,0,0,2,0,Transfer,2016,100,6,2.5,4.2,0.34,0.468,Medium,69500.0,1190,0.73
EMP01752,Engineering,Individual Contributor,L5,Male,Delhi,Diploma,36,0.9,51200.0,3.5,3.1,3.4,5,8,1,0,Termination,2023,50,4,3.2,3.2,0.34,0.463,Medium,49900.0,1358,0.58
EMP01753,Engineering,Manager,L5,Male,Noida,Bachelor's,32,2.0,134200.0,3.5,4.4,2.3,24,8,2,0,Transfer,2018,50,8,4.8,2.3,0.25,0.426,Medium,112400.0,496,0.91
EMP01754,Engineering,Senior Analyst,L6,Female,Bangalore,MBA,47,2.0,112900.0,4.3,4.7,4.5,21,4,0,0,Retirement,2021,100,13,2.9,2.9,0.25,0.316,Low,106400.0,1183,0.7
EMP01755,Engineering,Senior Manager,L2,Male,Delhi,Diploma,42,5.4,60600.0,3.7,3.0,4.0,6,0,0,0,Resignation,2017,50,15,4.5,4.3,0.35,0.415,Medium,85000.0,1120,0.85
EMP01756,Sales,Manager,L1,Male,Noida,PhD,48,6.5,227400.0,4.6,3.6,3.2,30,6,1,0,Contract End,2015,50,19,3.9,2.6,0.33,0.512,Medium,118400.0,14,0.67
EMP01757,Engineering,Manager,L2,Non-Binary,Bangalore,Bachelor's,23,2.4,105700.0,3.3,4.2,4.0,5,7,0,0,Contract End,2015,50,8,4.6,3.3,0.34,0.338,Medium,201500.0,1472,0.5
EMP01758,Product,Senior Manager,L3,Male,Delhi,Master's,29,0.8,73900.0,3.1,4.3,4.1,9,3,1,0,Contract End,2016,25,22,4.3,3.3,0.08,0.5,Medium,103800.0,843,0.66
EMP01759,Sales,Director,L1,Male,Bangalore,Bachelor's,25,3.0,26600.0,4.1,3.9,2.2,27,4,2,0,Contract End,2018,50,4,4.2,4.5,0.13,0.395,Medium,32900.0,978,0.74
EMP01760,Engineering,Director,L5,Male,Hyderabad,Bachelor's,34,2.8,50800.0,4.6,3.8,2.6,30,3,0,0,Contract End,2016,100,23,3.2,4.3,0.24,0.53,Medium,74100.0,791,0.35
EMP01761,Engineering,Senior Manager,L2,Female,Pune,PhD,45,0.2,22800.0,3.8,2.9,4.8,11,8,0,1,Termination,2022,100,19,2.9,2.9,0.15,0.459,Medium,25400.0,341,0.5
EMP01762,Engineering,Senior Manager,L3,Male,Noida,Master's,57,5.5,34200.0,3.3,3.6,3.4,17,7,0,0,Termination,2023,100,14,3.4,3.0,0.26,0.457,Medium,38500.0,1060,0.81
EMP01763,Customer Success,Director,L2,Male,Chennai,Master's,53,1.0,68500.0,3.9,4.3,4.5,27,0,1,0,Retirement,2015,100,2,2.6,4.8,0.28,0.304,Low,106900.0,740,0.68
EMP01764,Sales,Manager,L2,Female,Delhi,PhD,30,1.0,79600.0,3.7,2.6,4.0,21,6,3,0,Termination,2018,0,7,3.3,4.3,0.24,0.428,Medium,99700.0,304,0.73
EMP01765,Sales,Individual Contributor,L1,Female,Noida,Master's,22,7.3,64000.0,3.5,3.6,4.3,13,4,3,0,Retirement,2017,50,3,2.6,4.9,0.01,0.282,Low,70000.0,189,0.43
EMP01766,HR,Director,L1,Male,Delhi,Diploma,33,1.5,96600.0,3.9,3.3,2.6,14,8,2,0,Resignation,2017,100,0,4.2,1.7,0.26,0.435,Medium,189600.0,775,0.59
EMP01767,Operations,Director,L3,Male,Chennai,Bachelor's,44,0.2,104600.0,4.6,4.5,4.3,22,6,2,0,Termination,2022,50,13,4.1,4.5,0.23,0.33,Low,170100.0,1180,0.46
EMP01768,Finance,Director,L1,Male,Pune,Master's,40,0.3,49300.0,2.7,3.2,3.3,4,4,1,0,Resignation,2016,75,18,3.0,2.3,0.07,0.52,Medium,88200.0,1325,0.72
EMP01769,Operations,VP,L6,Male,Mumbai,Master's,37,3.4,84500.0,4.3,3.6,4.1,11,8,3,1,Retirement,2023,0,16,4.4,4.3,0.33,0.459,Medium,79000.0,1071,0.52
EMP01770,Marketing,VP,L2,Male,Noida,Bachelor's,22,1.7,142600.0,4.7,3.2,3.3,31,6,0,0,Termination,2016,50,24,3.4,4.3,0.37,0.579,Medium,276600.0,925,0.7
EMP01771,Engineering,Individual Contributor,L1,Male,Kolkata,MBA,36,2.6,38400.0,3.7,4.5,2.5,23,4,2,0,Retirement,2021,75,4,4.1,3.6,0.13,0.39,Medium,26400.0,446,0.77
EMP01772,Marketing,Analyst,L1,Female,Mumbai,Master's,55,0.2,74600.0,3.9,3.5,3.4,1,7,2,0,Transfer,2016,50,16,3.9,3.6,0.26,0.502,Medium,74500.0,380,0.31
EMP01773,Sales,Director,L1,Male,Bangalore,Master's,26,1.3,36400.0,2.7,3.7,3.3,13,6,2,0,Contract End,2021,75,11,2.7,3.9,0.15,0.4,Medium,35200.0,274,0.7
EMP01774,Operations,Analyst,L2,Female,Mumbai,PhD,43,0.9,137400.0,4.3,3.8,4.0,11,8,1,1,Termination,2016,100,3,3.3,4.1,0.18,0.33,Low,135500.0,535,0.75
EMP01775,Product,VP,L3,Female,Delhi,Bachelor's,35,2.8,100200.0,4.3,4.2,4.3,26,2,3,0,Transfer,2018,50,18,4.6,2.8,0.07,0.385,Medium,130800.0,581,0.63
EMP01776,Finance,Analyst,L4,Female,Bangalore,MBA,55,3.9,57300.0,4.0,3.9,2.7,12,3,2,0,Resignation,2020,50,5,3.9,4.4,0.39,0.417,Medium,60500.0,1380,0.64
EMP01777,Engineering,Manager,L3,Female,Hyderabad,MBA,54,11.0,105100.0,4.9,3.9,3.7,12,5,1,1,Retirement,2020,100,22,4.7,4.4,0.11,0.454,Medium,174400.0,114,0.67
EMP01778,Sales,Senior Manager,L3,Female,Mumbai,Master's,49,2.2,82400.0,4.0,3.7,3.9,18,3,1,0,Resignation,2023,0,20,2.7,5.0,0.31,0.511,Medium,90600.0,475,0.52
EMP01779,Sales,Senior Manager,L5,Male,Delhi,Diploma,39,1.9,109000.0,4.1,4.1,2.2,21,2,3,0,Resignation,2016,100,3,3.8,3.1,0.1,0.414,Medium,215200.0,219,0.51
EMP01780,Engineering,Individual Contributor,L2,Female,Kolkata,Bachelor's,32,4.0,118000.0,3.7,4.7,3.9,5,3,1,0,Contract End,2015,50,22,3.3,2.8,0.32,0.379,Medium,160100.0,1188,0.73
EMP01781,Operations,Analyst,L2,Female,Delhi,MBA,26,4.1,45900.0,4.6,3.6,3.8,10,0,2,0,Transfer,2017,75,23,4.9,4.2,0.34,0.523,Medium,89400.0,1477,0.72
EMP01782,Operations,Director,L3,Male,Chennai,PhD,23,0.1,69000.0,4.3,2.9,3.7,5,3,1,0,Termination,2017,100,10,4.2,4.1,0.28,0.431,Medium,130700.0,1034,0.47
EMP01783,Product,Director,L4,Female,Delhi,Bachelor's,48,4.8,96100.0,4.6,2.3,2.1,23,7,2,0,Retirement,2019,0,23,4.1,4.0,0.3,0.631,Medium,67300.0,963,0.9
EMP01784,HR,Individual Contributor,L2,Male,Chennai,Bachelor's,27,5.2,152000.0,4.0,3.5,2.7,10,7,3,0,Resignation,2022,25,21,3.9,3.4,0.06,0.555,Medium,299400.0,690,0.67
EMP01785,Customer Success,Analyst,L2,Female,Hyderabad,Master's,48,0.2,62000.0,3.2,4.1,4.1,9,7,3,0,Resignation,2022,75,8,2.7,4.2,0.34,0.324,Low,119500.0,1260,0.87
EMP01786,Marketing,Senior Analyst,L1,Male,Hyderabad,Master's,29,11.2,113300.0,3.3,4.3,4.4,0,0,2,0,Termination,2022,0,12,4.2,4.2,0.05,0.27,Low,124200.0,1176,0.77
EMP01787,Sales,Individual Contributor,L3,Non-Binary,Hyderabad,MBA,53,5.6,73200.0,3.1,4.0,4.6,12,3,1,0,Retirement,2019,50,8,4.5,3.4,0.09,0.329,Low,97400.0,1461,0.71
EMP01788,Finance,Director,L3,Male,Kolkata,MBA,43,0.4,81700.0,4.1,2.0,2.7,10,7,3,0,Transfer,2023,75,21,3.5,2.8,0.08,0.685,High,46800.0,533,0.81
EMP01789,Sales,Manager,L3,Female,Noida,Master's,51,9.7,52400.0,3.8,3.6,3.0,27,0,1,1,Transfer,2023,50,12,3.4,4.2,0.3,0.456,Medium,55200.0,105,0.81
EMP01790,Marketing,Manager,L3,Female,Noida,Bachelor's,45,1.3,42600.0,3.7,4.1,3.9,16,7,0,0,Retirement,2023,100,5,2.9,4.7,0.36,0.327,Low,77500.0,448,0.59
EMP01791,Finance,Individual Contributor,L3,Male,Kolkata,Bachelor's,53,0.1,51200.0,3.4,4.2,3.9,30,5,2,0,Termination,2015,0,11,3.2,3.5,0.07,0.399,Medium,56600.0,299,0.63
EMP01792,Product,Analyst,L3,Male,Bangalore,Bachelor's,39,3.8,87500.0,4.4,3.8,3.5,17,3,1,0,Termination,2017,0,22,4.3,4.5,0.37,0.531,Medium,87100.0,835,0.7
EMP01793,Finance,Senior Manager,L3,Female,Noida,MBA,35,2.5,156400.0,4.3,2.4,3.2,17,7,0,1,Contract End,2016,75,23,4.2,3.1,0.05,0.657,Medium,172700.0,1082,0.6
EMP01794,Sales,Senior Analyst,L3,Female,Mumbai,MBA,41,0.3,178100.0,4.6,2.3,2.1,2,3,3,1,Termination,2021,0,18,4.1,1.9,0.33,0.7,High,128600.0,1066,0.6
EMP01795,Marketing,Analyst,L6,Female,Bangalore,Master's,43,2.6,65300.0,3.9,3.0,2.4,14,0,3,0,Transfer,2022,50,15,3.1,2.2,0.12,0.523,Medium,108700.0,753,0.71
EMP01796,Product,Analyst,L3,Male,Kolkata,MBA,56,4.2,100800.0,4.6,3.9,2.7,23,4,0,0,Retirement,2015,50,0,3.7,4.0,0.08,0.333,Medium,176700.0,369,0.88
EMP01797,HR,VP,L5,Female,Noida,Master's,30,2.7,57100.0,4.4,4.4,4.4,12,5,0,0,Resignation,2018,75,21,3.8,4.7,0.18,0.387,Medium,79000.0,1452,0.64
EMP01798,Engineering,Individual Contributor,L5,Female,Chennai,MBA,45,5.8,136300.0,3.7,2.8,2.9,31,0,1,0,Transfer,2018,100,8,3.9,3.4,0.15,0.495,Medium,264200.0,142,0.76
EMP01799,Sales,Manager,L3,Male,Pune,Diploma,35,3.9,108100.0,3.7,3.2,3.4,18,0,0,0,Resignation,2018,50,24,4.3,4.4,0.12,0.6,Medium,141200.0,723,0.9
EMP01800,Marketing,Analyst,L3,Male,Mumbai,MBA,29,1.3,70800.0,4.9,3.9,3.2,21,5,3,1,Resignation,2021,100,17,4.0,3.9,0.16,0.452,Medium,53700.0,399,0.62
EMP01801,Engineering,Analyst,L2,Female,Mumbai,Master's,30,7.5,43500.0,3.3,3.3,4.0,28,6,1,0,Contract End,2021,75,16,2.8,4.2,0.32,0.446,Medium,21800.0,515,0.8
EMP01802,Operations,Manager,L3,Male,Bangalore,PhD,48,1.8,59600.0,4.4,2.9,4.8,16,2,0,0,Contract End,2023,50,5,3.1,3.5,0.03,0.331,Medium,37600.0,1494,0.68
EMP01803,Marketing,Manager,L4,Female,Hyderabad,Bachelor's,22,3.1,52100.0,4.2,4.7,1.7,17,6,2,0,Contract End,2017,0,11,3.8,4.4,0.05,0.437,Medium,69600.0,489,0.66
EMP01804,Engineering,Analyst,L1,Male,Delhi,MBA,38,4.4,91500.0,4.2,3.7,4.5,31,3,3,0,Termination,2019,0,1,3.5,3.5,0.05,0.274,Low,86800.0,1411,0.34
EMP01805,Operations,Senior Manager,L3,Male,Hyderabad,MBA,50,11.9,125500.0,4.6,2.2,3.9,4,2,1,0,Resignation,2018,25,22,3.9,4.2,0.27,0.566,Medium,151900.0,1469,0.54
EMP01806,HR,Manager,L5,Male,Pune,MBA,34,0.9,57100.0,3.2,3.9,3.6,27,5,2,0,Contract End,2023,0,15,3.8,4.1,0.22,0.479,Medium,104900.0,124,0.67
EMP01807,Customer Success,Individual Contributor,L6,Female,Mumbai,Bachelor's,57,3.6,42200.0,4.7,3.7,4.5,22,4,2,0,Retirement,2015,75,24,2.7,3.9,0.01,0.468,Medium,40900.0,1479,0.72
EMP01808,Finance,Director,L4,Male,Noida,Bachelor's,24,3.1,86900.0,4.3,4.7,4.0,18,1,1,0,Resignation,2023,0,19,3.2,3.6,0.08,0.428,Medium,132800.0,546,0.79
EMP01809,Sales,Director,L5,Female,Chennai,Master's,35,0.1,35400.0,4.1,3.4,3.9,16,5,1,0,Contract End,2023,25,5,1.9,3.0,0.34,0.432,Medium,45500.0,1385,0.59
EMP01810,Operations,VP,L2,Female,Bangalore,Bachelor's,50,8.0,127400.0,3.1,3.8,3.6,16,4,0,0,Resignation,2016,100,11,4.6,3.1,0.18,0.392,Medium,125200.0,222,0.65
EMP01811,Sales,Senior Analyst,L4,Male,Kolkata,MBA,29,2.4,90400.0,4.1,4.2,4.3,3,6,2,1,Resignation,2016,0,8,2.4,3.0,0.39,0.313,Low,111100.0,15,0.62
EMP01812,Sales,Manager,L1,Female,Kolkata,Bachelor's,35,16.2,75600.0,3.3,4.0,2.9,15,7,0,0,Termination,2016,75,3,4.2,2.8,0.07,0.303,Low,50000.0,107,0.72
EMP01813,Sales,VP,L1,Male,Pune,MBA,36,10.6,57200.0,3.1,4.2,4.1,8,8,2,0,Contract End,2022,100,13,3.2,4.4,0.39,0.348,Medium,55500.0,50,0.62
EMP01814,Product,Individual Contributor,L6,Female,Hyderabad,PhD,41,1.5,31400.0,4.4,2.4,2.7,13,6,0,0,Termination,2017,100,18,3.9,4.7,0.24,0.606,Medium,54300.0,1238,0.55
EMP01815,Customer Success,Director,L2,Male,Pune,MBA,38,1.8,48900.0,4.7,3.3,4.0,13,8,0,0,Contract End,2017,50,18,4.6,3.4,0.39,0.502,Medium,36400.0,1270,0.74
EMP01816,Sales,Senior Analyst,L1,Non-Binary,Delhi,Master's,50,2.2,93800.0,4.6,4.2,4.6,27,7,2,0,Resignation,2017,50,14,3.3,3.5,0.3,0.409,Medium,161200.0,537,0.41
EMP01817,Sales,Director,L1,Male,Hyderabad,MBA,42,3.0,83800.0,4.9,4.8,4.4,9,1,1,1,Transfer,2020,100,21,3.2,4.3,0.32,0.349,Medium,157500.0,547,0.82
EMP01818,Sales,Senior Manager,L5,Female,Kolkata,Master's,31,1.4,110200.0,4.3,2.2,4.3,20,1,1,1,Retirement,2017,0,20,4.7,4.5,0.34,0.557,Medium,63900.0,1270,0.36
EMP01819,Product,Manager,L5,Female,Mumbai,Diploma,48,0.6,72100.0,4.1,3.5,4.5,12,3,1,0,Contract End,2020,50,20,2.6,3.5,0.3,0.47,Medium,77000.0,1256,0.39
EMP01820,Product,Senior Manager,L2,Male,Hyderabad,MBA,49,3.1,50200.0,3.4,3.0,4.2,27,2,3,1,Resignation,2015,50,16,4.8,2.6,0.15,0.503,Medium,88900.0,1313,0.47
EMP01821,Customer Success,Director,L3,Female,Hyderabad,Bachelor's,39,1.8,178900.0,4.4,2.9,1.9,23,7,0,0,Resignation,2021,100,17,3.8,4.3,0.18,0.588,Medium,279500.0,71,0.6
EMP01822,HR,Analyst,L5,Male,Noida,Bachelor's,43,19.1,40400.0,3.9,2.3,4.4,16,2,0,0,Contract End,2022,50,7,4.0,3.2,0.36,0.295,Low,64200.0,292,0.57
EMP01823,Sales,Director,L2,Male,Bangalore,Bachelor's,41,8.0,111900.0,4.2,4.4,2.7,22,8,2,0,Contract End,2021,50,1,4.0,3.7,0.27,0.278,Low,70500.0,185,0.65
EMP01824,Marketing,VP,L1,Male,Bangalore,Bachelor's,32,2.0,174200.0,4.3,4.5,2.8,28,4,3,0,Termination,2015,75,2,4.2,4.5,0.04,0.377,Medium,138000.0,615,0.73
EMP01825,Operations,Individual Contributor,L3,Male,Delhi,Bachelor's,25,6.1,103600.0,3.0,3.2,4.2,15,4,2,1,Contract End,2017,100,21,2.8,4.0,0.07,0.501,Medium,83200.0,234,0.66
EMP01826,Sales,Manager,L1,Male,Chennai,PhD,29,3.5,109600.0,4.2,4.8,1.5,28,1,1,0,Retirement,2016,75,11,4.4,4.0,0.06,0.403,Medium,96500.0,1351,0.83
EMP01827,Product,Analyst,L1,Female,Chennai,Master's,24,13.0,147500.0,4.3,2.8,2.8,3,5,1,0,Resignation,2018,100,10,3.7,4.0,0.02,0.419,Medium,93800.0,788,0.72
EMP01828,Sales,Analyst,L4,Male,Delhi,Master's,37,0.1,96300.0,3.9,2.7,1.9,21,8,0,0,Contract End,2016,100,15,4.0,3.6,0.3,0.57,Medium,106500.0,45,0.81
EMP01829,Sales,Director,L4,Male,Mumbai,PhD,32,3.9,35200.0,3.9,4.1,4.3,4,4,2,0,Retirement,2017,100,1,2.7,2.8,0.4,0.229,Low,59100.0,1114,0.57
EMP01830,Operations,Director,L1,Female,Delhi,Bachelor's,37,2.0,66700.0,2.5,3.3,3.3,26,8,2,1,Termination,2015,100,8,3.5,2.7,0.1,0.429,Medium,51500.0,401,0.7
EMP01831,Operations,Director,L5,Female,Hyderabad,Master's,36,10.1,44100.0,3.7,2.9,3.3,30,1,1,0,Resignation,2022,50,9,3.8,4.0,0.17,0.421,Medium,73400.0,1247,0.48
EMP01832,Operations,Individual Contributor,L3,Female,Pune,Master's,38,2.8,37500.0,3.7,4.3,4.1,20,5,3,1,Contract End,2021,50,6,3.9,4.4,0.17,0.311,Low,24000.0,298,0.58
EMP01833,Finance,Senior Manager,L4,Male,Hyderabad,Bachelor's,29,1.0,73500.0,4.6,4.5,4.0,25,2,2,0,Resignation,2018,100,19,3.7,3.3,0.37,0.46,Medium,49400.0,1250,0.82
EMP01834,Marketing,Senior Manager,L2,Male,Delhi,MBA,40,0.1,78800.0,4.3,4.1,2.1,19,7,1,0,Contract End,2018,25,23,3.5,4.0,0.23,0.561,Medium,96800.0,1072,0.73
EMP01835,Engineering,Senior Analyst,L4,Male,Mumbai,Master's,44,5.5,81300.0,3.7,4.4,3.6,20,5,3,0,Retirement,2017,100,1,3.5,3.0,0.06,0.308,Low,94400.0,1390,0.55
EMP01836,Customer Success,Senior Manager,L2,Male,Bangalore,Master's,36,0.3,108700.0,4.5,4.3,4.2,10,3,3,1,Transfer,2017,75,8,4.0,4.0,0.02,0.346,Medium,192600.0,653,0.73
EMP01837,Operations,Manager,L2,Male,Bangalore,Bachelor's,28,4.1,99200.0,4.4,4.5,3.9,27,5,1,1,Resignation,2022,50,24,2.3,3.0,0.29,0.501,Medium,145200.0,154,0.79
EMP01838,Marketing,VP,L4,Female,Mumbai,Bachelor's,53,1.8,66300.0,4.3,4.6,3.8,30,7,0,0,Transfer,2019,0,5,3.0,4.8,0.09,0.296,Low,85500.0,34,0.71
EMP01839,HR,VP,L4,Female,Noida,Bachelor's,36,0.2,115100.0,3.3,4.4,1.9,30,3,2,0,Resignation,2021,50,17,4.4,4.1,0.16,0.578,Medium,99600.0,418,0.45
EMP01840,Operations,Senior Analyst,L5,Female,Hyderabad,MBA,38,5.0,68100.0,2.6,4.0,2.4,27,5,0,0,Retirement,2021,75,0,4.8,2.9,0.19,0.389,Medium,103000.0,1104,0.42
EMP01841,Product,Senior Analyst,L4,Male,Chennai,PhD,25,0.1,118000.0,2.3,4.1,3.5,5,8,2,0,Transfer,2021,100,9,3.5,4.1,0.1,0.381,Medium,81500.0,305,0.62
EMP01842,Marketing,VP,L3,Female,Pune,MBA,24,1.8,75000.0,4.2,3.7,3.2,14,4,3,0,Contract End,2023,50,15,3.5,4.1,0.21,0.457,Medium,102800.0,257,0.51
EMP01843,Customer Success,Director,L4,Male,Noida,Bachelor's,55,6.0,72000.0,3.0,2.7,3.7,1,2,0,0,Contract End,2023,100,18,3.9,3.6,0.23,0.466,Medium,90500.0,1142,0.62
EMP01844,Product,Manager,L2,Male,Hyderabad,Bachelor's,33,0.6,40800.0,3.9,3.8,2.6,24,4,2,0,Transfer,2022,50,10,3.7,4.2,0.24,0.458,Medium,74100.0,634,0.87
EMP01845,Engineering,Senior Analyst,L2,Male,Hyderabad,Bachelor's,33,5.6,55300.0,4.0,4.0,1.9,10,7,3,1,Transfer,2023,100,22,4.8,3.9,0.15,0.538,Medium,73300.0,1404,0.68
EMP01846,Customer Success,Manager,L3,Female,Bangalore,MBA,57,0.1,79800.0,4.4,4.6,4.5,25,5,0,0,Termination,2016,50,20,3.2,4.6,0.21,0.414,Medium,148300.0,688,0.21
EMP01847,Operations,VP,L5,Male,Delhi,MBA,22,5.5,58900.0,3.2,3.1,3.1,29,1,0,0,Retirement,2021,50,5,3.6,4.3,0.3,0.452,Medium,55500.0,688,0.7
EMP01848,Engineering,Manager,L4,Male,Kolkata,Bachelor's,54,9.6,173400.0,3.7,2.9,2.8,25,5,3,0,Retirement,2018,50,9,3.8,4.2,0.16,0.42,Medium,123800.0,1216,0.75
EMP01849,Marketing,Individual Contributor,L3,Male,Hyderabad,Master's,48,2.8,72400.0,4.9,3.1,4.1,0,8,3,0,Termination,2016,75,10,4.6,4.8,0.03,0.467,Medium,101800.0,1282,0.37
EMP01850,Finance,Individual Contributor,L3,Male,Kolkata,Bachelor's,37,0.2,191000.0,3.3,3.6,4.7,7,8,0,0,Contract End,2019,50,2,3.2,3.2,0.07,0.324,Low,213300.0,3,0.26
EMP01851,HR,Director,L2,Female,Hyderabad,Master's,48,1.0,38700.0,4.2,3.3,4.3,23,2,0,1,Contract End,2019,75,17,4.1,4.8,0.16,0.493,Medium,22300.0,769,0.54
EMP01852,Marketing,Senior Manager,L2,Female,Hyderabad,Bachelor's,46,3.5,36700.0,2.4,4.2,1.9,9,0,0,0,Termination,2019,25,5,4.5,3.8,0.11,0.393,Medium,56000.0,323,0.91
EMP01853,Marketing,Individual Contributor,L1,Male,Mumbai,Bachelor's,44,6.8,51000.0,4.0,3.4,3.2,18,5,1,0,Termination,2015,0,17,3.5,2.2,0.36,0.516,Medium,29800.0,420,0.72
EMP01854,Marketing,Senior Manager,L6,Male,Delhi,Bachelor's,52,11.2,39500.0,3.8,4.1,4.6,3,0,0,1,Retirement,2019,50,6,3.7,4.6,0.27,0.257,Low,61300.0,490,0.49
EMP01855,Marketing,VP,L3,Male,Chennai,Master's,28,0.2,93200.0,3.7,3.0,2.1,22,0,3,0,Termination,2021,75,23,2.8,3.0,0.33,0.61,Medium,80800.0,380,0.7
EMP01856,Engineering,Director,L2,Male,Hyderabad,PhD,57,3.9,40100.0,3.6,2.8,3.2,27,3,0,0,Contract End,2021,75,20,4.4,3.8,0.1,0.602,Medium,75400.0,305,0.61
EMP01857,Engineering,Analyst,L3,Female,Kolkata,Bachelor's,24,3.8,106700.0,1.7,3.4,2.7,1,8,2,0,Termination,2016,0,14,4.6,4.3,0.07,0.459,Medium,54100.0,319,0.67
EMP01858,Product,VP,L4,Male,Mumbai,Bachelor's,45,1.0,46600.0,3.8,3.3,2.9,10,8,3,0,Transfer,2017,75,6,4.0,3.0,0.21,0.402,Medium,38300.0,1362,0.9
EMP01859,Customer Success,Manager,L2,Female,Mumbai,MBA,25,4.6,62600.0,4.9,4.6,3.1,14,0,2,0,Termination,2017,50,9,4.5,3.4,0.21,0.378,Medium,101200.0,1299,0.8
EMP01860,Sales,Individual Contributor,L3,Female,Noida,MBA,29,20.0,79800.0,4.3,4.7,2.3,9,0,2,1,Retirement,2022,25,3,3.1,4.4,0.05,0.232,Low,46200.0,951,0.74
EMP01861,Marketing,Senior Manager,L2,Male,Noida,PhD,33,0.6,131600.0,3.1,3.0,4.3,13,8,2,0,Contract End,2023,100,6,4.3,3.5,0.11,0.447,Medium,234900.0,1160,0.39
EMP01862,Customer Success,Director,L4,Male,Noida,Bachelor's,30,3.7,42700.0,3.4,1.6,3.4,20,6,2,0,Retirement,2017,100,16,4.0,4.2,0.27,0.635,Medium,32800.0,457,0.65
EMP01863,Engineering,Director,L5,Male,Chennai,MBA,56,6.9,48600.0,2.6,3.5,3.4,3,4,3,0,Termination,2023,50,20,4.2,3.9,0.2,0.509,Medium,96500.0,222,0.75
EMP01864,Engineering,Senior Manager,L1,Female,Hyderabad,Bachelor's,44,2.8,177600.0,3.3,3.5,2.7,11,2,1,0,Termination,2023,25,18,3.0,4.2,0.1,0.538,Medium,206200.0,1220,0.81
EMP01865,Product,Senior Analyst,L5,Female,Mumbai,Master's,53,5.3,66500.0,3.8,3.6,4.3,5,7,1,0,Retirement,2017,75,9,3.7,4.2,0.39,0.304,Low,62100.0,557,0.8
EMP01866,Customer Success,Senior Analyst,L1,Female,Chennai,Master's,56,1.5,107300.0,4.5,3.0,3.3,29,3,0,0,Transfer,2023,75,12,2.3,3.2,0.38,0.542,Medium,113800.0,891,0.38
EMP01867,HR,Individual Contributor,L1,Male,Chennai,Master's,24,2.5,90000.0,4.9,4.0,3.4,4,4,1,0,Contract End,2020,50,17,4.0,3.2,0.15,0.46,Medium,172200.0,917,0.74
EMP01868,Engineering,Analyst,L1,Male,Hyderabad,PhD,39,4.2,120200.0,2.9,3.9,4.3,0,0,0,0,Retirement,2019,75,4,3.5,2.7,0.01,0.319,Low,127700.0,636,0.53
EMP01869,Engineering,Individual Contributor,L4,Male,Chennai,Master's,39,17.0,155900.0,4.8,2.5,4.0,2,7,2,0,Transfer,2023,0,5,1.9,4.8,0.09,0.283,Low,118500.0,489,0.51
EMP01870,Engineering,Analyst,L3,Non-Binary,Bangalore,Bachelor's,53,1.7,40500.0,3.5,2.7,2.5,23,6,0,1,Contract End,2023,50,7,3.6,3.1,0.18,0.535,Medium,64900.0,993,0.47
EMP01871,Customer Success,Senior Analyst,L3,Male,Kolkata,Bachelor's,44,3.1,103800.0,2.8,1.8,3.3,24,2,0,0,Retirement,2016,0,17,3.5,3.1,0.11,0.572,Medium,110400.0,305,0.36
EMP01872,Sales,Manager,L2,Male,Mumbai,MBA,35,0.3,69500.0,3.8,4.0,3.8,8,6,1,0,Contract End,2016,0,15,4.3,3.4,0.12,0.485,Medium,41400.0,442,0.41
EMP01873,Operations,Individual Contributor,L1,Female,Delhi,PhD,50,3.3,67400.0,3.7,3.8,3.7,10,5,2,0,Contract End,2016,100,15,3.9,4.6,0.28,0.393,Medium,121000.0,1378,0.67
EMP01874,Operations,Senior Manager,L1,Female,Mumbai,Bachelor's,38,1.9,70600.0,3.7,4.0,4.6,15,8,3,0,Termination,2019,100,23,3.1,3.0,0.01,0.476,Medium,108800.0,903,0.55
EMP01875,Customer Success,VP,L3,Female,Delhi,MBA,28,0.1,46000.0,4.0,3.5,2.9,25,3,0,0,Termination,2017,50,16,3.8,3.1,0.34,0.523,Medium,68000.0,338,0.52
EMP01876,Marketing,Analyst,L3,Male,Pune,Master's,26,2.6,93900.0,4.2,3.1,3.9,22,2,3,0,Retirement,2018,50,21,4.4,4.1,0.05,0.54,Medium,187400.0,931,0.81
EMP01877,Product,Senior Analyst,L2,Male,Kolkata,PhD,51,1.7,153800.0,4.1,3.4,3.6,5,2,3,0,Termination,2018,100,4,2.9,3.4,0.39,0.391,Medium,307500.0,612,0.58
EMP01878,Sales,Manager,L5,Male,Chennai,MBA,27,4.1,77900.0,4.7,3.3,4.3,25,5,0,0,Resignation,2017,75,4,3.3,3.8,0.16,0.3,Low,140000.0,593,0.39
EMP01879,Operations,Individual Contributor,L2,Male,Chennai,MBA,35,2.8,57300.0,4.4,4.0,2.2,0,0,1,1,Termination,2023,100,13,4.0,3.6,0.24,0.497,Medium,67300.0,1298,0.46
EMP01880,Customer Success,Analyst,L3,Male,Noida,Bachelor's,55,1.1,166000.0,3.3,3.1,4.7,15,4,2,0,Retirement,2022,0,11,2.7,4.1,0.15,0.408,Medium,236300.0,1162,0.53
EMP01881,Sales,Individual Contributor,L1,Female,Pune,Bachelor's,52,17.0,27000.0,4.4,4.3,1.8,11,4,2,0,Transfer,2020,50,16,3.2,2.0,0.4,0.398,Medium,39800.0,1066,0.88
EMP01882,Sales,Director,L4,Female,Bangalore,MBA,44,5.9,146300.0,4.7,4.4,2.8,10,0,2,0,Transfer,2023,100,21,4.1,3.8,0.09,0.495,Medium,113900.0,40,0.5
EMP01883,Operations,Senior Analyst,L5,Female,Pune,Master's,45,1.8,52100.0,4.4,3.9,2.0,31,4,3,0,Resignation,2018,50,7,3.8,3.8,0.11,0.471,Medium,29300.0,145,0.75
EMP01884,Sales,Analyst,L5,Female,Bangalore,PhD,28,0.3,124400.0,2.9,2.9,3.3,1,7,1,1,Resignation,2019,50,21,3.0,3.1,0.3,0.617,Medium,82600.0,1479,0.43
EMP01885,Product,Senior Manager,L3,Female,Chennai,MBA,35,3.1,113400.0,4.1,4.7,2.1,1,5,3,0,Transfer,2018,50,0,3.0,3.6,0.03,0.309,Low,78600.0,673,0.24
EMP01886,Product,VP,L4,Female,Mumbai,Diploma,50,1.8,84700.0,4.0,1.7,4.6,4,3,2,0,Transfer,2021,25,2,4.6,3.0,0.38,0.432,Medium,121200.0,973,0.62
EMP01887,Sales,Director,L1,Male,Mumbai,Master's,39,2.5,97300.0,3.0,3.9,3.2,19,4,2,0,Contract End,2023,75,13,4.4,4.8,0.25,0.476,Medium,54900.0,1127,0.71
EMP01888,Product,VP,L5,Female,Hyderabad,Bachelor's,50,6.9,69500.0,3.7,4.2,2.6,0,5,3,0,Retirement,2016,0,12,3.6,3.8,0.12,0.424,Medium,97800.0,19,0.7
EMP01889,Operations,Individual Contributor,L2,Female,Bangalore,MBA,36,2.2,65300.0,2.9,3.3,2.8,31,1,0,0,Retirement,2018,0,2,3.3,3.7,0.13,0.455,Medium,115600.0,1454,0.93
EMP01890,Finance,Senior Analyst,L3,Male,Chennai,Diploma,36,2.6,83900.0,4.3,4.4,3.1,27,1,3,0,Termination,2017,25,15,4.0,3.3,0.06,0.441,Medium,158000.0,8,0.62
EMP01891,Customer Success,Individual Contributor,L3,Male,Hyderabad,MBA,50,2.3,88100.0,4.9,3.5,3.7,31,6,1,0,Termination,2015,100,13,3.8,4.8,0.28,0.456,Medium,174300.0,721,0.91
EMP01892,HR,Manager,L5,Female,Kolkata,PhD,24,1.9,115700.0,4.4,4.1,2.4,31,6,2,0,Termination,2023,50,21,2.4,4.1,0.24,0.572,Medium,171900.0,295,0.45
EMP01893,Sales,Individual Contributor,L1,Non-Binary,Delhi,Bachelor's,23,1.5,107100.0,4.3,3.5,3.5,28,8,2,0,Transfer,2023,100,16,4.3,4.5,0.37,0.511,Medium,54100.0,1061,0.44
EMP01894,Engineering,Director,L3,Female,Chennai,Master's,26,0.5,269800.0,3.7,4.0,3.8,31,3,1,0,Contract End,2016,75,6,4.3,4.2,0.39,0.316,Low,455100.0,1447,0.34
EMP01895,Product,Individual Contributor,L3,Female,Kolkata,MBA,24,4.2,94400.0,4.7,3.4,2.1,7,2,0,0,Termination,2015,100,16,4.4,4.4,0.33,0.571,Medium,177400.0,280,0.49
EMP01896,Operations,VP,L2,Male,Kolkata,Bachelor's,45,2.9,64600.0,3.6,2.6,4.8,31,0,2,1,Resignation,2019,25,15,3.5,4.1,0.32,0.456,Medium,55400.0,1051,0.75
EMP01897,Finance,Analyst,L3,Male,Bangalore,MBA,26,0.8,144500.0,4.4,4.0,3.2,27,3,1,0,Resignation,2017,25,4,2.1,4.8,0.08,0.417,Medium,194900.0,1230,0.43
EMP01898,Engineering,VP,L3,Male,Mumbai,Master's,55,10.1,77800.0,2.6,4.4,2.7,9,5,1,0,Transfer,2019,0,22,4.7,3.5,0.11,0.434,Medium,47500.0,119,0.48
EMP01899,Sales,Individual Contributor,L4,Male,Pune,Diploma,40,0.1,41900.0,3.8,3.6,3.9,24,1,2,0,Transfer,2015,100,2,2.4,4.3,0.32,0.36,Medium,39800.0,352,0.24
EMP01900,Operations,Director,L1,Male,Noida,Master's,23,1.7,33300.0,4.3,3.9,2.9,2,5,3,1,Retirement,2016,50,12,2.9,1.7,0.07,0.47,Medium,52100.0,443,0.19
EMP01901,Operations,Individual Contributor,L5,Male,Kolkata,MBA,57,7.3,76000.0,3.0,4.0,3.2,8,8,1,0,Retirement,2022,0,5,4.3,2.6,0.28,0.328,Low,90500.0,730,0.47
EMP01902,Operations,Individual Contributor,L4,Female,Bangalore,MBA,37,2.6,75200.0,2.6,4.3,3.1,18,7,1,0,Contract End,2016,75,9,4.8,4.3,0.28,0.351,Medium,138100.0,924,0.61
EMP01903,Customer Success,Senior Manager,L1,Female,Delhi,PhD,47,3.0,110800.0,4.4,3.8,4.3,3,5,0,1,Contract End,2017,25,14,3.9,3.0,0.03,0.4,Medium,203000.0,628,0.95
EMP01904,Sales,Director,L4,Female,Mumbai,PhD,43,4.6,96200.0,3.1,3.5,3.2,14,7,0,0,Retirement,2020,0,11,4.2,4.5,0.16,0.468,Medium,83400.0,424,0.75
EMP01905,Finance,Senior Manager,L3,Male,Noida,Bachelor's,36,1.2,61400.0,3.5,4.7,4.0,30,1,1,0,Resignation,2018,100,11,4.0,3.0,0.38,0.387,Medium,73200.0,1490,0.75
EMP01906,Engineering,Director,L2,Male,Hyderabad,Bachelor's,26,4.3,125700.0,2.7,3.2,3.5,2,0,3,0,Transfer,2023,100,2,4.0,4.1,0.32,0.328,Low,91000.0,889,0.78
EMP01907,Finance,Senior Analyst,L4,Female,Hyderabad,Diploma,34,0.7,68700.0,4.0,4.7,4.6,10,4,2,0,Retirement,2015,50,14,3.7,4.0,0.05,0.354,Medium,92400.0,101,0.7
EMP01908,Sales,VP,L5,Female,Mumbai,MBA,40,18.7,29400.0,4.6,3.0,4.0,20,4,0,0,Contract End,2017,100,24,4.2,3.8,0.0,0.442,Medium,51000.0,696,0.71
EMP01909,Engineering,VP,L6,Male,Pune,Master's,30,0.3,94500.0,3.7,3.8,2.9,9,6,0,0,Transfer,2017,0,6,3.2,1.7,0.28,0.442,Medium,111400.0,855,0.42
EMP01910,Product,VP,L5,Male,Bangalore,Master's,51,4.0,57300.0,3.2,4.5,3.4,26,8,2,0,Contract End,2021,100,10,3.0,4.2,0.01,0.4,Medium,99700.0,387,0.73
EMP01911,HR,VP,L3,Female,Hyderabad,Bachelor's,45,7.1,35600.0,3.7,4.6,4.1,17,5,2,0,Resignation,2018,100,3,4.1,4.0,0.29,0.286,Low,69600.0,877,0.64
EMP01912,Product,VP,L2,Male,Kolkata,Bachelor's,53,1.1,40000.0,4.8,4.7,3.5,21,7,0,0,Transfer,2023,100,14,4.0,3.1,0.33,0.388,Medium,20600.0,725,0.8
EMP01913,Sales,Senior Analyst,L2,Female,Mumbai,MBA,41,5.7,93300.0,4.4,2.4,3.2,7,7,2,1,Retirement,2021,100,0,2.5,4.1,0.06,0.444,Medium,125400.0,1012,0.29
EMP01914,Sales,Individual Contributor,L4,Male,Hyderabad,PhD,38,3.2,94500.0,3.9,3.3,3.3,16,1,0,1,Contract End,2020,100,17,3.8,3.8,0.03,0.508,Medium,180600.0,878,0.62
EMP01915,Operations,Manager,L2,Male,Hyderabad,Bachelor's,22,2.4,79000.0,2.7,3.8,3.7,31,4,3,0,Retirement,2020,0,2,3.5,4.9,0.17,0.366,Medium,103400.0,863,0.9
EMP01916,Engineering,Manager,L2,Male,Chennai,PhD,45,8.5,119800.0,4.0,4.1,3.4,22,2,2,0,Retirement,2021,50,8,2.5,2.1,0.14,0.316,Low,187500.0,1229,0.45
EMP01917,Engineering,Director,L5,Female,Bangalore,MBA,50,2.8,96700.0,4.4,2.9,3.6,6,3,0,0,Resignation,2017,25,5,4.1,3.3,0.29,0.457,Medium,165500.0,406,0.49
EMP01918,Engineering,VP,L1,Male,Kolkata,Master's,27,0.5,75800.0,3.7,3.9,3.4,20,0,2,0,Transfer,2021,50,20,4.8,3.1,0.07,0.495,Medium,118500.0,845,0.44
EMP01919,HR,Senior Manager,L2,Male,Hyderabad,Master's,30,1.6,110700.0,4.5,3.2,2.9,21,7,0,0,Contract End,2019,100,6,3.2,4.6,0.25,0.465,Medium,89800.0,794,0.65
EMP01920,Engineering,Director,L3,Female,Noida,Master's,49,20.0,66800.0,4.2,4.3,3.7,4,6,0,0,Termination,2023,25,20,2.0,4.1,0.2,0.332,Medium,105500.0,1165,0.62
EMP01921,Marketing,Director,L2,Female,Delhi,MBA,43,0.4,73800.0,3.3,4.3,2.9,11,5,3,0,Contract End,2015,50,2,4.4,4.3,0.34,0.357,Medium,118000.0,816,0.37
EMP01922,Sales,Senior Manager,L2,Female,Kolkata,Bachelor's,37,5.0,144300.0,3.8,4.3,4.5,22,7,1,0,Resignation,2018,50,7,2.7,4.4,0.35,0.256,Low,276900.0,859,0.79
EMP01923,Sales,Individual Contributor,L2,Female,Delhi,MBA,25,2.6,97300.0,4.0,3.4,3.7,22,5,1,0,Transfer,2020,100,11,3.6,2.4,0.02,0.422,Medium,71700.0,379,0.52
EMP01924,Sales,Individual Contributor,L4,Female,Bangalore,MBA,35,4.5,73100.0,3.3,3.9,2.5,14,0,3,1,Termination,2022,0,5,3.6,4.3,0.19,0.399,Medium,59300.0,638,0.68
EMP01925,Marketing,Director,L1,Female,Delhi,MBA,28,5.0,76100.0,3.0,2.6,4.0,19,4,1,0,Retirement,2021,50,24,4.6,4.0,0.38,0.542,Medium,145100.0,1097,0.94
EMP01926,Engineering,Senior Analyst,L1,Female,Noida,Bachelor's,26,3.7,78300.0,4.5,3.5,2.8,0,4,2,0,Termination,2017,75,7,4.6,4.8,0.24,0.423,Medium,80100.0,168,0.82
EMP01927,Product,Manager,L3,Male,Noida,Bachelor's,24,0.1,136700.0,4.4,4.9,3.4,2,8,1,0,Transfer,2017,50,10,3.8,4.4,0.28,0.374,Medium,121400.0,1000,0.63
EMP01928,Sales,Director,L4,Female,Noida,MBA,48,0.5,109100.0,3.9,4.1,4.7,18,2,1,0,Retirement,2019,75,21,3.3,2.3,0.16,0.416,Medium,71100.0,375,0.56
EMP01929,Engineering,Manager,L1,Female,Mumbai,MBA,51,5.3,65500.0,3.5,4.6,2.9,30,4,1,0,Contract End,2020,50,10,3.4,4.4,0.26,0.371,Medium,74500.0,1382,0.71
EMP01930,Marketing,Individual Contributor,L2,Male,Mumbai,Bachelor's,23,5.6,28900.0,2.6,2.9,2.1,5,4,1,0,Retirement,2016,75,2,4.0,4.6,0.2,0.408,Medium,57300.0,607,0.79
EMP01931,Product,VP,L2,Male,Mumbai,PhD,25,5.8,86300.0,4.4,4.7,3.2,28,6,2,0,Transfer,2018,0,7,2.8,2.9,0.19,0.365,Medium,168000.0,708,0.83
EMP01932,Engineering,Senior Analyst,L3,Male,Bangalore,MBA,22,2.6,75900.0,4.0,3.7,4.0,26,1,0,0,Transfer,2021,50,13,4.1,3.3,0.02,0.44,Medium,50600.0,385,0.66
EMP01933,Engineering,Manager,L2,Male,Mumbai,MBA,48,0.2,116300.0,4.3,4.1,3.7,1,2,1,0,Termination,2018,50,6,3.2,3.5,0.22,0.415,Medium,210200.0,710,0.79
EMP01934,Product,Analyst,L2,Male,Delhi,Bachelor's,56,1.3,47700.0,3.6,2.9,3.0,15,7,3,0,Transfer,2019,25,5,4.0,3.3,0.31,0.463,Medium,26100.0,417,0.41
EMP01935,Finance,Senior Analyst,L1,Female,Delhi,Bachelor's,42,1.6,45800.0,4.3,3.8,3.6,23,2,2,0,Termination,2020,50,19,3.7,2.9,0.36,0.476,Medium,61900.0,1305,0.53
EMP01936,Operations,Analyst,L1,Female,Noida,Master's,35,14.9,131200.0,4.6,2.0,3.7,1,4,2,1,Resignation,2018,100,19,3.7,3.0,0.09,0.49,Medium,241300.0,113,0.3
EMP01937,Sales,Director,L3,Female,Bangalore,MBA,40,0.3,57500.0,3.1,3.5,3.7,27,5,0,0,Retirement,2022,0,12,3.4,1.9,0.07,0.498,Medium,101600.0,460,0.35
EMP01938,Engineering,Manager,L3,Female,Kolkata,Bachelor's,31,3.0,234700.0,3.6,2.8,2.0,9,7,3,0,Resignation,2018,100,14,4.4,3.6,0.18,0.577,Medium,268700.0,469,0.84
EMP01939,Marketing,Senior Manager,L4,Male,Noida,Master's,49,3.8,47000.0,4.3,4.7,2.8,18,1,2,0,Transfer,2019,50,17,3.0,3.1,0.38,0.442,Medium,59100.0,964,0.52
EMP01940,Customer Success,Senior Manager,L1,Male,Bangalore,Bachelor's,29,1.5,55200.0,3.3,3.2,2.3,17,2,1,0,Transfer,2020,0,6,4.2,3.9,0.15,0.504,Medium,98900.0,146,0.77
EMP01941,Engineering,Manager,L1,Male,Kolkata,Master's,57,0.6,51000.0,4.3,4.1,3.0,1,1,1,0,Resignation,2021,75,16,3.4,2.0,0.18,0.485,Medium,47300.0,1153,0.46
EMP01942,Sales,Senior Manager,L3,Female,Noida,Master's,53,8.8,33700.0,3.4,4.0,4.3,29,2,2,0,Retirement,2016,100,23,3.5,4.9,0.32,0.374,Medium,60600.0,591,0.26
EMP01943,Engineering,VP,L1,Female,Hyderabad,Bachelor's,40,0.1,147300.0,4.4,4.3,2.9,29,5,2,1,Contract End,2017,100,23,4.3,4.6,0.08,0.553,Medium,162300.0,991,0.94
EMP01944,Marketing,Senior Manager,L4,Female,Delhi,MBA,56,3.7,67200.0,4.1,3.9,3.8,11,7,3,0,Transfer,2019,50,10,2.5,2.6,0.0,0.408,Medium,65000.0,811,0.82
EMP01945,Engineering,Analyst,L3,Male,Noida,MBA,50,4.5,50200.0,4.1,2.9,1.6,22,2,1,0,Transfer,2022,100,0,3.2,3.8,0.12,0.451,Medium,87300.0,1272,0.92
EMP01946,Customer Success,Analyst,L2,Male,Hyderabad,Diploma,43,1.2,62500.0,3.6,3.6,3.3,31,2,0,0,Termination,2018,25,16,3.8,4.7,0.27,0.53,Medium,92100.0,425,0.79
EMP01947,Sales,Senior Manager,L3,Male,Noida,MBA,33,1.4,148200.0,3.0,4.6,4.1,31,7,0,0,Transfer,2019,100,14,4.3,4.7,0.32,0.352,Medium,201300.0,701,0.66
EMP01948,Finance,Analyst,L3,Male,Pune,MBA,38,3.8,112400.0,4.6,3.2,2.0,12,0,2,0,Contract End,2019,0,24,4.7,2.4,0.16,0.592,Medium,184200.0,1206,0.49
EMP01949,Product,Senior Manager,L2,Female,Delhi,Bachelor's,34,2.9,121900.0,4.2,3.3,2.8,15,2,2,1,Resignation,2019,75,5,4.0,4.4,0.07,0.404,Medium,173900.0,1111,0.56
EMP01950,Product,VP,L5,Female,Chennai,MBA,29,4.1,77500.0,4.3,3.2,3.8,27,7,2,0,Retirement,2019,100,4,3.8,4.3,0.13,0.405,Medium,125000.0,533,0.73
EMP01951,Engineering,VP,L1,Male,Pune,Bachelor's,53,0.4,63900.0,4.3,4.1,3.9,5,2,3,0,Resignation,2020,50,13,4.5,4.1,0.38,0.459,Medium,96000.0,1181,0.84
EMP01952,Operations,Analyst,L2,Female,Mumbai,Bachelor's,32,7.5,40100.0,4.3,4.4,1.8,10,1,2,0,Termination,2017,0,18,3.4,3.5,0.37,0.516,Medium,46900.0,518,0.58
EMP01953,Product,Senior Manager,L2,Male,Noida,MBA,50,0.9,88000.0,3.7,3.3,3.3,21,4,1,0,Resignation,2023,50,7,4.1,4.2,0.35,0.404,Medium,162800.0,497,0.52
EMP01954,Product,Director,L5,Male,Hyderabad,PhD,50,0.7,79100.0,4.7,3.5,4.5,24,6,0,0,Retirement,2017,75,4,3.3,2.4,0.14,0.32,Low,141800.0,419,0.78
EMP01955,Sales,Individual Contributor,L4,Male,Bangalore,Bachelor's,56,10.0,57600.0,3.4,3.3,4.8,13,7,1,0,Termination,2023,100,13,2.3,2.9,0.24,0.335,Medium,49000.0,1277,0.54
EMP01956,Engineering,Director,L4,Female,Mumbai,MBA,36,0.5,83200.0,3.4,3.3,3.6,9,3,1,0,Contract End,2022,25,4,3.5,3.8,0.21,0.45,Medium,106200.0,1049,0.8
EMP01957,Product,Individual Contributor,L4,Female,Delhi,Bachelor's,32,1.7,120900.0,3.9,3.7,1.7,8,4,3,0,Retirement,2018,100,20,2.9,3.9,0.3,0.558,Medium,90400.0,192,0.77
EMP01958,Product,Analyst,L1,Female,Noida,MBA,35,5.3,103300.0,4.6,3.5,4.2,3,4,0,1,Resignation,2023,100,14,3.7,4.1,0.34,0.443,Medium,198200.0,595,0.48
EMP01959,Customer Success,Analyst,L5,Non-Binary,Mumbai,MBA,25,16.2,59900.0,3.5,3.7,2.3,22,7,2,0,Transfer,2021,50,12,3.2,3.7,0.31,0.382,Medium,48200.0,159,0.44
EMP01960,Operations,VP,L2,Male,Chennai,Bachelor's,50,7.5,39300.0,3.8,2.4,3.4,20,7,0,1,Contract End,2020,75,20,2.9,4.6,0.07,0.581,Medium,75000.0,870,0.49
EMP01961,Product,Manager,L2,Male,Bangalore,Bachelor's,44,4.8,77300.0,3.6,2.2,3.6,5,6,3,0,Retirement,2018,25,10,3.2,4.6,0.37,0.527,Medium,42400.0,86,0.36
EMP01962,Operations,Director,L2,Male,Pune,Bachelor's,28,1.9,69300.0,4.5,4.1,1.5,15,8,3,0,Resignation,2019,50,18,3.3,4.4,0.37,0.542,Medium,115900.0,1017,0.71
EMP01963,Engineering,Director,L2,Female,Kolkata,Master's,24,11.7,124100.0,4.3,4.3,2.9,29,1,1,0,Transfer,2023,75,9,3.1,3.6,0.09,0.379,Medium,160400.0,1155,0.67
EMP01964,Marketing,Director,L3,Male,Chennai,Master's,47,0.5,56900.0,3.6,4.1,3.5,18,2,3,0,Termination,2015,75,14,3.6,4.3,0.31,0.445,Medium,81200.0,867,0.42
EMP01965,Operations,Analyst,L2,Female,Bangalore,MBA,28,6.8,57000.0,3.1,3.5,3.1,19,5,2,0,Transfer,2022,50,21,4.4,4.1,0.32,0.545,Medium,83800.0,268,0.49
EMP01966,Engineering,VP,L4,Male,Mumbai,Bachelor's,26,9.1,67700.0,3.8,3.5,2.5,21,5,2,1,Transfer,2018,75,8,3.8,2.0,0.21,0.415,Medium,109000.0,920,0.55
EMP01967,Engineering,Individual Contributor,L1,Female,Hyderabad,Diploma,34,3.8,41400.0,4.2,3.4,3.0,18,4,3,1,Resignation,2017,100,8,4.3,3.4,0.33,0.472,Medium,77200.0,1403,0.59
EMP01968,Operations,Manager,L3,Female,Delhi,MBA,50,1.1,74200.0,3.9,3.9,4.0,6,0,3,0,Retirement,2016,0,0,2.9,3.9,0.38,0.326,Low,71100.0,128,0.71
EMP01969,Finance,Senior Analyst,L3,Female,Kolkata,MBA,56,0.1,70500.0,2.2,3.7,4.3,5,6,0,0,Termination,2018,50,24,3.7,3.5,0.19,0.556,Medium,60700.0,411,0.58
EMP01970,Customer Success,Senior Manager,L2,Female,Noida,Master's,24,1.8,32400.0,4.4,2.8,3.8,28,4,3,1,Transfer,2015,50,15,4.2,2.7,0.34,0.511,Medium,33900.0,657,0.67
EMP01971,Engineering,Senior Manager,L5,Female,Delhi,Bachelor's,34,3.1,41200.0,2.1,4.1,2.9,30,4,0,0,Contract End,2019,0,4,3.2,2.8,0.18,0.337,Medium,55400.0,616,0.61
EMP01972,Engineering,Senior Manager,L2,Female,Chennai,Master's,56,0.5,74300.0,4.7,4.8,4.1,7,6,2,0,Retirement,2018,0,6,4.4,4.5,0.15,0.302,Low,53000.0,731,0.78
EMP01973,Engineering,Analyst,L2,Female,Mumbai,Bachelor's,22,1.2,41900.0,3.8,3.3,2.6,20,8,0,0,Retirement,2022,100,14,1.9,4.6,0.12,0.489,Medium,63600.0,1489,0.63
EMP01974,Product,Senior Manager,L3,Male,Mumbai,PhD,40,2.6,96900.0,3.2,3.5,2.7,16,7,2,0,Contract End,2023,100,3,2.9,2.4,0.04,0.361,Medium,99500.0,1390,0.59
EMP01975,Engineering,Manager,L2,Male,Delhi,MBA,46,0.6,90700.0,4.6,4.0,3.7,26,4,0,0,Termination,2020,50,15,3.6,4.1,0.27,0.406,Medium,104900.0,182,0.74
EMP01976,Marketing,Senior Manager,L3,Male,Mumbai,MBA,24,3.1,105700.0,4.9,3.9,4.7,10,8,1,0,Contract End,2016,100,10,3.3,3.4,0.3,0.389,Medium,122300.0,317,0.45
EMP01977,Engineering,Individual Contributor,L1,Female,Hyderabad,Diploma,29,9.2,154600.0,2.8,4.5,2.3,4,3,3,1,Resignation,2023,0,10,4.0,3.3,0.35,0.421,Medium,274100.0,782,0.62
EMP01978,Sales,Director,L2,Non-Binary,Noida,PhD,34,2.1,94600.0,2.3,4.1,3.4,12,7,0,1,Resignation,2021,50,5,2.2,2.7,0.2,0.391,Medium,98500.0,742,0.41
EMP01979,Sales,Manager,L1,Male,Delhi,Bachelor's,32,2.9,80000.0,3.3,4.8,2.7,27,3,2,0,Contract End,2018,50,7,3.4,3.5,0.24,0.331,Medium,94700.0,623,0.46
EMP01980,Engineering,Senior Manager,L6,Male,Chennai,Master's,33,0.6,177800.0,4.1,4.6,2.9,19,5,3,0,Resignation,2020,100,4,3.2,4.5,0.29,0.361,Medium,319100.0,152,0.54
EMP01981,Finance,Analyst,L3,Male,Chennai,MBA,43,3.0,82900.0,3.8,2.3,4.4,7,7,2,0,Contract End,2019,50,13,4.8,3.9,0.16,0.514,Medium,101900.0,1293,0.76
EMP01982,Customer Success,Senior Manager,L1,Female,Kolkata,Bachelor's,28,0.6,96000.0,3.4,2.7,2.7,18,5,1,1,Contract End,2016,50,15,3.7,3.9,0.2,0.572,Medium,68800.0,819,0.86
EMP01983,Sales,Manager,L4,Male,Noida,Bachelor's,54,3.3,73200.0,4.3,3.5,4.4,20,5,0,0,Retirement,2018,0,20,3.9,3.7,0.4,0.445,Medium,85200.0,26,0.75
EMP01984,Sales,Senior Manager,L3,Male,Pune,Bachelor's,40,6.2,108400.0,4.0,4.8,3.3,3,8,3,0,Termination,2019,75,0,4.4,4.2,0.02,0.266,Low,144200.0,17,0.69
EMP01985,Sales,Analyst,L2,Male,Mumbai,Master's,54,1.4,39000.0,2.2,3.7,2.6,7,1,3,0,Resignation,2023,75,10,2.8,4.1,0.06,0.497,Medium,68300.0,1466,0.88
EMP01986,Customer Success,Senior Analyst,L1,Male,Mumbai,Master's,49,9.3,79900.0,3.8,3.1,2.3,7,8,0,0,Transfer,2021,100,13,3.8,3.9,0.33,0.448,Medium,45300.0,1170,0.46
EMP01987,Operations,Manager,L1,Male,Hyderabad,MBA,49,8.9,93100.0,4.3,4.1,2.7,22,8,1,0,Termination,2020,100,11,4.1,3.0,0.11,0.422,Medium,62300.0,871,0.75
EMP01988,Customer Success,Manager,L3,Non-Binary,Hyderabad,MBA,25,2.8,50400.0,3.8,4.1,1.8,5,8,1,0,Termination,2020,50,16,4.2,2.8,0.19,0.519,Medium,63800.0,345,0.59
EMP01989,Sales,Analyst,L2,Male,Chennai,Diploma,55,19.0,39600.0,4.5,4.1,2.8,15,1,1,0,Transfer,2018,100,20,4.2,4.4,0.2,0.346,Medium,52700.0,84,0.45
EMP01990,Product,Individual Contributor,L3,Male,Chennai,Master's,22,0.6,61100.0,4.0,3.1,4.4,11,3,3,0,Transfer,2017,50,10,2.4,4.9,0.25,0.436,Medium,48100.0,603,0.63
EMP01991,Engineering,Analyst,L5,Male,Kolkata,Bachelor's,31,6.5,114100.0,4.1,3.0,1.6,12,1,0,0,Termination,2023,50,8,4.3,3.3,0.08,0.466,Medium,190000.0,783,0.72
EMP01992,Engineering,Senior Manager,L3,Female,Pune,Master's,23,5.4,92000.0,4.4,2.1,4.4,29,7,2,0,Retirement,2017,50,16,2.9,4.0,0.23,0.457,Medium,122600.0,642,0.72
EMP01993,Customer Success,Manager,L1,Non-Binary,Bangalore,Diploma,38,10.1,44000.0,3.1,4.7,4.2,21,2,1,0,Resignation,2016,100,13,4.2,3.9,0.03,0.243,Low,56500.0,1416,0.92
EMP01994,Marketing,Analyst,L5,Male,Pune,MBA,53,1.3,59000.0,4.1,4.2,3.9,23,5,3,0,Retirement,2017,25,23,4.0,2.9,0.31,0.511,Medium,50900.0,1034,0.36
EMP01995,Sales,Manager,L1,Male,Mumbai,MBA,38,1.4,124800.0,4.9,3.5,1.6,16,4,0,0,Termination,2018,75,1,3.6,4.6,0.21,0.439,Medium,65400.0,1340,0.42
EMP01996,Engineering,Senior Manager,L2,Female,Pune,Bachelor's,32,3.7,65300.0,4.9,4.0,1.5,30,6,2,1,Termination,2023,50,0,4.1,4.1,0.12,0.376,Medium,89800.0,34,0.46
EMP01997,Customer Success,VP,L2,Female,Delhi,PhD,34,5.3,104900.0,4.5,4.0,3.5,20,7,2,0,Retirement,2021,50,14,3.3,2.9,0.22,0.368,Medium,207800.0,1359,0.5
EMP01998,Engineering,VP,L3,Female,Delhi,Master's,54,0.8,76100.0,4.2,2.2,4.0,9,5,0,0,Transfer,2023,75,6,3.3,3.2,0.27,0.431,Medium,128100.0,365,0.72
EMP01999,Finance,VP,L4,Male,Delhi,Bachelor's,22,4.2,61100.0,4.4,3.8,2.2,13,5,2,0,Contract End,2018,25,18,3.0,3.4,0.17,0.56,Medium,59000.0,802,0.58
EMP02000,Marketing,Individual Contributor,L1,Male,Kolkata,Bachelor's,28,5.1,37700.0,3.1,4.8,4.6,17,5,3,0,Resignation,2023,0,2,3.9,3.7,0.04,0.167,Low,19200.0,1453,0.4
EMP02001,HR,Manager,L3,Female,Mumbai,Bachelor's,57,3.4,64700.0,4.3,4.0,4.3,25,3,2,0,Termination,2015,25,2,3.4,3.9,0.24,0.282,Low,118800.0,447,0.74
EMP02002,HR,Analyst,L1,Male,Kolkata,MBA,50,2.7,71100.0,4.0,3.6,2.8,3,0,2,1,Transfer,2023,25,5,1.9,4.3,0.25,0.377,Medium,83300.0,125,0.87
EMP02003,Finance,VP,L4,Male,Mumbai,Diploma,36,1.0,56900.0,4.0,4.0,3.6,11,7,0,0,Termination,2015,100,7,4.1,4.5,0.29,0.35,Medium,91700.0,1390,0.56
EMP02004,Marketing,Analyst,L5,Female,Hyderabad,Bachelor's,31,2.0,92600.0,3.5,3.6,4.3,15,6,3,0,Resignation,2023,50,1,4.6,4.0,0.07,0.31,Low,80800.0,541,0.42
EMP02005,Sales,Senior Analyst,L2,Non-Binary,Kolkata,Bachelor's,35,1.7,40100.0,4.0,3.2,2.9,2,7,1,0,Transfer,2019,0,12,3.7,4.0,0.25,0.456,Medium,54400.0,903,0.61
EMP02006,Operations,Analyst,L4,Female,Delhi,Master's,35,1.8,80300.0,2.7,2.3,2.6,22,6,2,1,Retirement,2018,50,4,3.4,3.3,0.25,0.527,Medium,109600.0,147,0.56
EMP02007,Engineering,VP,L3,Female,Bangalore,Master's,38,0.7,50100.0,4.1,4.2,2.9,19,3,3,0,Termination,2020,100,5,3.1,3.5,0.28,0.415,Medium,88200.0,1221,0.61
EMP02008,Product,Senior Manager,L4,Female,Bangalore,Bachelor's,43,0.6,88300.0,4.8,3.4,2.4,16,0,2,0,Transfer,2018,75,16,4.1,3.9,0.39,0.581,Medium,45500.0,1039,0.65
EMP02009,Operations,Analyst,L5,Female,Chennai,MBA,31,0.7,51500.0,3.0,4.0,2.5,29,8,2,0,Resignation,2022,100,12,3.6,4.3,0.02,0.509,Medium,38800.0,1462,0.37
EMP02010,Operations,Manager,L3,Male,Chennai,Master's,24,5.7,41200.0,2.1,3.4,3.5,11,2,0,0,Resignation,2023,50,13,4.3,3.6,0.11,0.434,Medium,74300.0,1127,0.66
EMP02011,Finance,Senior Analyst,L1,Female,Pune,Bachelor's,33,1.4,51400.0,3.9,4.0,2.3,13,0,3,0,Resignation,2018,100,0,3.6,1.9,0.36,0.371,Medium,48800.0,853,0.64
EMP02012,Engineering,Senior Analyst,L1,Male,Chennai,MBA,56,0.8,198300.0,3.4,3.3,4.0,12,2,2,0,Resignation,2018,75,13,2.7,4.5,0.25,0.407,Medium,151600.0,723,0.65
EMP02013,Operations,Director,L3,Male,Mumbai,Bachelor's,36,1.1,35700.0,3.9,3.6,2.3,15,5,1,0,Resignation,2018,100,6,2.6,3.0,0.12,0.466,Medium,59200.0,154,0.56
EMP02014,Customer Success,Director,L3,Female,Hyderabad,Master's,25,3.9,61600.0,4.2,2.9,4.3,5,0,2,0,Contract End,2015,25,18,3.6,3.6,0.03,0.515,Medium,101700.0,1172,0.52
EMP02015,Sales,Senior Manager,L1,Male,Bangalore,Master's,27,4.1,106200.0,4.4,2.8,4.6,27,1,0,0,Transfer,2015,75,0,3.6,2.2,0.19,0.281,Low,192400.0,745,0.5
EMP02016,Sales,Individual Contributor,L1,Male,Kolkata,Master's,50,0.4,52000.0,3.6,3.5,2.2,9,2,2,1,Contract End,2020,100,24,3.7,4.2,0.06,0.649,Medium,26200.0,410,0.62
EMP02017,Sales,Manager,L3,Male,Bangalore,MBA,22,1.3,100700.0,3.5,2.8,3.8,8,6,2,0,Transfer,2018,0,16,3.3,4.9,0.34,0.472,Medium,96200.0,1185,0.67
EMP02018,Marketing,Analyst,L2,Female,Pune,PhD,34,3.3,59900.0,4.2,2.5,4.0,28,1,2,1,Contract End,2023,75,19,4.4,3.3,0.15,0.57,Medium,77000.0,1328,0.73
EMP02019,Engineering,Senior Analyst,L2,Male,Noida,Diploma,45,0.4,47200.0,3.3,4.7,3.6,19,3,1,1,Transfer,2021,75,13,3.7,3.4,0.04,0.367,Medium,43000.0,553,0.35
EMP02020,Engineering,Manager,L4,Female,Bangalore,MBA,46,0.6,52800.0,3.2,4.2,3.5,15,8,0,0,Retirement,2021,75,16,4.3,3.8,0.13,0.49,Medium,57600.0,991,0.31
EMP02021,Customer Success,Individual Contributor,L5,Male,Noida,Master's,56,0.3,55700.0,4.0,3.5,3.2,21,4,3,0,Contract End,2023,75,15,4.6,3.7,0.04,0.494,Medium,35300.0,1237,0.76
EMP02022,Sales,VP,L4,Female,Delhi,MBA,29,4.7,60800.0,2.9,4.1,2.9,0,5,3,0,Contract End,2017,50,22,4.7,2.3,0.08,0.477,Medium,72400.0,460,0.67
EMP02023,Sales,Individual Contributor,L4,Male,Hyderabad,Master's,24,4.6,49800.0,3.9,3.0,3.5,5,6,0,0,Retirement,2015,50,4,2.1,4.8,0.11,0.366,Medium,78800.0,1466,0.54
EMP02024,Product,Senior Analyst,L4,Female,Mumbai,Bachelor's,26,12.2,31900.0,2.7,2.9,2.3,28,8,2,1,Retirement,2021,50,20,2.4,4.5,0.32,0.562,Medium,18400.0,573,0.66
EMP02025,Engineering,VP,L3,Female,Bangalore,Master's,22,1.7,94700.0,4.7,2.4,3.8,15,6,0,0,Contract End,2020,100,7,3.8,3.7,0.31,0.465,Medium,164900.0,426,0.79
EMP02026,Engineering,Senior Analyst,L1,Male,Mumbai,Master's,36,5.4,42500.0,4.5,3.4,2.4,1,3,0,1,Retirement,2020,50,19,4.5,2.9,0.37,0.502,Medium,32400.0,1388,0.5
EMP02027,Engineering,VP,L3,Female,Chennai,Bachelor's,30,5.7,39600.0,3.4,3.9,4.2,30,5,1,1,Retirement,2021,100,0,4.0,4.5,0.38,0.224,Low,25900.0,1498,0.69
EMP02028,HR,Director,L3,Female,Bangalore,Bachelor's,30,3.7,103800.0,4.0,2.3,1.9,21,8,0,0,Retirement,2019,100,15,3.1,3.3,0.38,0.608,Medium,92100.0,1406,0.65
EMP02029,Operations,VP,L3,Female,Bangalore,Master's,38,9.5,64600.0,3.1,4.2,3.7,10,1,3,0,Resignation,2018,0,2,3.5,4.4,0.07,0.303,Low,113200.0,901,0.59
EMP02030,Customer Success,Senior Manager,L5,Male,Mumbai,MBA,36,0.8,48300.0,4.0,3.3,3.9,1,4,3,0,Contract End,2023,75,22,4.2,4.0,0.39,0.567,Medium,67000.0,1091,0.69
EMP02031,Customer Success,Director,L2,Male,Hyderabad,Bachelor's,24,1.4,109800.0,4.5,3.4,4.7,27,6,1,1,Resignation,2020,0,22,3.5,4.2,0.24,0.515,Medium,116000.0,1307,0.67
EMP02032,Engineering,Senior Manager,L1,Male,Noida,Master's,39,2.2,100600.0,4.1,3.5,3.8,1,5,0,0,Resignation,2021,50,24,1.9,3.1,0.21,0.485,Medium,75800.0,825,0.47
EMP02033,Engineering,Individual Contributor,L1,Male,Pune,Bachelor's,36,1.0,58200.0,4.5,4.9,3.0,5,7,0,0,Resignation,2023,100,13,3.3,4.4,0.27,0.402,Medium,106000.0,1475,0.59
EMP02034,Finance,Analyst,L1,Male,Pune,Bachelor's,27,0.1,70500.0,4.5,2.4,4.0,2,2,0,0,Termination,2018,100,24,4.2,4.0,0.26,0.652,Medium,82200.0,1263,0.59
EMP02035,Product,Senior Analyst,L6,Female,Hyderabad,Bachelor's,38,2.7,102700.0,3.5,3.5,4.0,12,4,2,0,Resignation,2017,75,1,4.4,3.2,0.16,0.317,Low,136400.0,1379,0.74
EMP02036,Customer Success,Director,L2,Female,Kolkata,Master's,40,0.1,67200.0,4.5,4.5,2.9,12,0,3,0,Contract End,2016,100,7,3.8,3.9,0.32,0.424,Medium,53600.0,304,0.42
EMP02037,Sales,Director,L3,Female,Bangalore,Bachelor's,32,6.6,131100.0,4.9,4.1,2.4,13,4,3,0,Resignation,2017,100,5,4.2,2.7,0.03,0.334,Medium,256200.0,6,0.56
EMP02038,Sales,Senior Manager,L4,Male,Noida,Master's,48,4.3,56700.0,4.2,3.4,4.4,27,0,2,0,Retirement,2016,100,19,3.8,3.2,0.03,0.422,Medium,108400.0,874,0.74
EMP02039,Sales,VP,L3,Male,Pune,PhD,50,2.4,73400.0,4.0,4.0,3.0,25,5,0,0,Transfer,2018,100,21,4.5,3.6,0.12,0.552,Medium,53500.0,534,0.85
EMP02040,Product,Analyst,L1,Female,Kolkata,MBA,49,2.8,44600.0,4.9,3.7,4.3,11,1,0,0,Retirement,2020,75,21,3.7,3.7,0.23,0.474,Medium,40300.0,1065,0.62
EMP02041,Marketing,VP,L3,Male,Chennai,MBA,45,3.1,72400.0,4.4,3.6,2.4,1,4,3,1,Transfer,2022,0,22,4.3,2.9,0.11,0.595,Medium,65100.0,602,0.8
EMP02042,Engineering,VP,L5,Female,Noida,Bachelor's,37,2.0,108300.0,4.5,3.3,3.4,25,0,0,0,Termination,2016,100,4,2.4,3.2,0.36,0.399,Medium,158400.0,822,0.69
EMP02043,Customer Success,Individual Contributor,L3,Male,Kolkata,Bachelor's,24,8.3,76100.0,4.3,3.3,3.2,28,5,1,1,Contract End,2018,25,5,3.7,4.3,0.34,0.404,Medium,44400.0,1071,0.71
EMP02044,Operations,Director,L2,Male,Hyderabad,Bachelor's,51,8.3,29200.0,3.3,3.7,3.7,12,0,0,0,Transfer,2020,100,9,3.4,4.5,0.31,0.382,Medium,16400.0,691,0.65
EMP02045,Operations,Senior Analyst,L2,Female,Pune,Diploma,44,8.7,33700.0,4.1,3.6,2.9,1,0,0,0,Resignation,2020,50,9,3.8,3.1,0.29,0.443,Medium,35100.0,48,0.74
EMP02046,Customer Success,Manager,L1,Male,Delhi,Master's,52,7.8,102000.0,3.6,3.7,2.3,24,3,0,1,Contract End,2018,100,21,2.7,4.7,0.09,0.544,Medium,84500.0,919,0.39
EMP02047,Finance,VP,L2,Female,Hyderabad,Bachelor's,41,1.2,58800.0,4.4,4.4,4.7,2,1,1,1,Retirement,2016,0,4,3.5,2.0,0.27,0.28,Low,114000.0,984,0.86
EMP02048,Customer Success,Individual Contributor,L4,Female,Hyderabad,Bachelor's,46,7.2,106400.0,4.3,3.5,3.0,20,2,2,0,Transfer,2023,25,22,3.3,4.3,0.36,0.509,Medium,205700.0,1090,0.64
EMP02049,HR,Individual Contributor,L3,Male,Hyderabad,Master's,52,3.0,82700.0,4.2,4.5,4.5,16,7,3,0,Resignation,2023,75,9,3.2,3.9,0.03,0.275,Low,81600.0,593,0.52
EMP02050,Sales,Senior Analyst,L1,Female,Hyderabad,MBA,57,1.7,83200.0,3.9,4.3,2.2,15,2,3,0,Retirement,2015,50,13,3.4,3.1,0.17,0.499,Medium,151900.0,1353,0.56
EMP02051,Engineering,Senior Manager,L1,Male,Noida,Bachelor's,37,1.1,125100.0,4.5,1.9,3.2,28,4,1,0,Contract End,2021,50,8,3.5,2.9,0.27,0.525,Medium,190500.0,939,0.52
EMP02052,Sales,VP,L1,Female,Delhi,PhD,48,2.5,83900.0,3.7,3.9,2.3,11,1,1,0,Contract End,2017,100,11,2.7,3.7,0.29,0.519,Medium,148000.0,978,0.56
EMP02053,Marketing,VP,L4,Female,Delhi,Master's,55,8.1,94200.0,4.7,4.4,3.7,29,7,3,0,Contract End,2018,100,5,4.7,3.8,0.14,0.299,Low,163400.0,605,0.58
EMP02054,HR,Analyst,L1,Male,Chennai,Diploma,57,1.3,58600.0,4.0,3.8,4.1,23,0,0,0,Contract End,2023,0,9,3.2,3.8,0.27,0.417,Medium,107500.0,766,0.61
EMP02055,Operations,Manager,L6,Female,Hyderabad,PhD,36,5.8,234800.0,4.6,4.4,3.2,28,0,1,0,Contract End,2019,100,15,4.1,4.1,0.27,0.406,Medium,319800.0,568,0.56
EMP02056,Finance,Analyst,L2,Male,Kolkata,Bachelor's,31,2.6,63000.0,2.0,3.1,3.4,13,2,3,1,Resignation,2022,100,0,3.7,2.5,0.21,0.399,Medium,86500.0,1285,0.79
EMP02057,Engineering,Manager,L4,Female,Chennai,Bachelor's,43,6.6,86100.0,3.4,4.3,2.3,11,4,2,0,Retirement,2019,75,8,4.7,3.2,0.05,0.379,Medium,119700.0,468,0.41
EMP02058,Engineering,Senior Manager,L4,Female,Pune,MBA,29,0.2,48600.0,4.1,2.7,1.9,4,4,3,0,Contract End,2023,100,4,4.6,2.1,0.26,0.511,Medium,75000.0,1350,0.45
EMP02059,Operations,Analyst,L2,Male,Noida,MBA,26,0.1,108100.0,3.2,4.8,2.2,26,7,0,1,Resignation,2018,50,19,4.0,3.0,0.03,0.495,Medium,160200.0,187,0.66
EMP02060,Operations,Analyst,L1,Female,Bangalore,Bachelor's,44,5.7,66700.0,4.7,3.9,4.8,11,2,2,0,Resignation,2022,50,9,3.7,4.4,0.0,0.357,Medium,90000.0,1346,0.66
EMP02061,Sales,Analyst,L2,Male,Chennai,Diploma,48,3.1,53100.0,3.1,4.1,3.6,19,0,3,1,Transfer,2020,75,7,2.6,3.6,0.15,0.404,Medium,101600.0,1113,0.93
EMP02062,Engineering,Analyst,L3,Female,Mumbai,Bachelor's,43,0.4,43600.0,4.2,3.1,3.6,24,1,2,0,Contract End,2019,100,18,4.1,4.1,0.18,0.481,Medium,34000.0,767,0.72
EMP02063,Engineering,Senior Manager,L3,Female,Mumbai,Master's,27,2.8,61600.0,3.9,2.7,4.0,28,7,3,0,Termination,2018,50,6,2.9,4.3,0.03,0.416,Medium,78300.0,567,0.74
EMP02064,Engineering,Senior Analyst,L1,Female,Noida,Bachelor's,57,1.4,41400.0,3.9,4.5,3.7,21,0,3,1,Resignation,2019,50,6,3.4,2.6,0.34,0.376,Medium,26000.0,225,0.76
EMP02065,Customer Success,Senior Analyst,L3,Female,Kolkata,Bachelor's,49,3.2,60600.0,3.7,4.5,4.5,22,7,1,1,Termination,2023,0,19,2.3,3.1,0.2,0.412,Medium,65700.0,808,0.28
EMP02066,Sales,VP,L6,Male,Hyderabad,Master's,23,3.0,121600.0,4.4,4.2,4.7,27,1,2,0,Resignation,2020,50,17,3.9,4.1,0.18,0.406,Medium,194900.0,976,0.65
EMP02067,Sales,Manager,L2,Male,Bangalore,MBA,48,7.2,37500.0,4.8,3.7,3.1,11,7,1,0,Resignation,2022,0,0,3.6,4.4,0.01,0.299,Low,32900.0,105,0.67
EMP02068,Operations,Senior Manager,L3,Female,Mumbai,Diploma,38,6.0,75600.0,3.8,3.5,2.1,8,0,2,0,Retirement,2019,50,10,4.1,3.9,0.07,0.467,Medium,91800.0,63,0.6
EMP02069,Product,Director,L3,Male,Bangalore,Master's,47,0.1,55900.0,3.8,2.9,2.8,10,7,1,0,Resignation,2020,75,15,3.3,4.1,0.19,0.515,Medium,79800.0,143,0.65
EMP02070,Marketing,Individual Contributor,L2,Male,Hyderabad,Bachelor's,34,7.0,55900.0,3.8,4.1,3.2,0,7,2,0,Transfer,2018,25,2,4.1,4.5,0.03,0.296,Low,54900.0,322,0.68
EMP02071,Marketing,VP,L3,Male,Noida,Bachelor's,50,5.3,43300.0,4.4,2.6,4.4,17,4,2,0,Termination,2015,25,5,3.6,4.1,0.29,0.348,Medium,65200.0,1440,0.61
EMP02072,Sales,Analyst,L4,Male,Delhi,Master's,23,1.5,87900.0,3.9,3.2,2.1,19,8,1,0,Contract End,2016,100,10,3.9,2.0,0.26,0.531,Medium,96800.0,155,0.4
EMP02073,Engineering,Individual Contributor,L3,Female,Mumbai,MBA,42,0.9,22900.0,4.2,4.5,2.6,28,1,1,0,Retirement,2016,75,20,1.7,3.0,0.22,0.506,Medium,22700.0,206,0.69
EMP02074,Sales,VP,L1,Female,Noida,Master's,30,1.6,90500.0,2.5,3.6,3.0,19,6,2,0,Retirement,2020,25,19,4.3,3.9,0.02,0.573,Medium,80200.0,137,0.71
EMP02075,Engineering,Individual Contributor,L2,Male,Noida,Bachelor's,55,0.6,77900.0,4.2,4.6,4.5,16,7,0,0,Termination,2022,50,18,2.0,3.0,0.08,0.402,Medium,147500.0,1354,0.79
EMP02076,Product,Manager,L5,Male,Kolkata,Master's,51,0.8,108800.0,3.4,3.0,2.0,27,1,2,0,Transfer,2020,25,13,3.2,1.6,0.14,0.607,Medium,188000.0,986,0.85
EMP02077,Sales,Senior Analyst,L2,Female,Bangalore,Bachelor's,37,0.1,131900.0,3.3,4.9,3.8,4,3,2,0,Termination,2017,50,9,3.6,3.0,0.34,0.308,Low,256200.0,1403,0.72
EMP02078,Engineering,Senior Manager,L3,Male,Hyderabad,PhD,39,0.7,132500.0,3.7,3.3,4.3,24,0,1,0,Resignation,2017,50,1,3.7,4.1,0.27,0.331,Medium,178200.0,285,0.57
EMP02079,Customer Success,Director,L3,Female,Pune,Bachelor's,53,6.9,147600.0,3.6,4.0,2.3,3,4,1,1,Contract End,2022,75,18,3.3,4.8,0.04,0.514,Medium,289800.0,673,0.31
EMP02080,Finance,VP,L5,Female,Delhi,MBA,36,3.4,107400.0,3.9,3.2,3.9,22,3,1,0,Transfer,2020,50,8,3.4,4.3,0.19,0.361,Medium,161800.0,581,0.72
EMP02081,Customer Success,Director,L5,Female,Kolkata,PhD,29,2.0,100400.0,4.3,4.4,4.0,24,1,2,1,Retirement,2015,75,4,3.5,3.7,0.02,0.276,Low,111700.0,1300,0.82
EMP02082,Customer Success,Director,L2,Female,Hyderabad,Bachelor's,49,3.4,82200.0,3.4,3.0,3.8,27,0,1,1,Contract End,2015,25,20,4.2,3.0,0.29,0.51,Medium,156800.0,88,0.71
EMP02083,Product,Senior Manager,L3,Male,Noida,PhD,22,3.2,37400.0,3.2,3.8,1.9,9,5,1,0,Transfer,2018,50,0,3.8,4.5,0.1,0.375,Medium,29400.0,264,0.44
EMP02084,Engineering,Individual Contributor,L2,Male,Delhi,MBA,53,3.6,89500.0,3.6,3.5,4.5,8,8,1,0,Termination,2019,50,17,2.2,3.0,0.1,0.451,Medium,107300.0,683,0.65
EMP02085,Customer Success,Manager,L2,Male,Noida,Diploma,31,0.9,75400.0,4.3,3.0,3.5,12,4,3,0,Transfer,2017,50,18,2.2,2.2,0.39,0.55,Medium,119900.0,1079,0.35
EMP02086,Sales,Manager,L3,Male,Kolkata,Master's,54,3.8,43400.0,3.4,3.3,3.8,0,0,1,0,Termination,2020,25,4,4.0,3.0,0.11,0.347,Medium,66500.0,278,0.79
EMP02087,Finance,Manager,L1,Male,Delhi,Bachelor's,36,0.1,69500.0,4.3,3.7,3.0,6,4,2,0,Transfer,2017,50,4,3.3,3.0,0.11,0.43,Medium,79600.0,143,0.47
EMP02088,Operations,Senior Analyst,L6,Female,Delhi,MBA,34,13.1,91400.0,3.8,4.2,3.0,14,8,0,0,Resignation,2020,50,8,4.2,3.7,0.27,0.354,Medium,182300.0,1301,0.79
EMP02089,Product,Director,L1,Male,Hyderabad,Bachelor's,45,1.7,46200.0,4.1,3.9,3.5,21,8,3,0,Transfer,2017,100,7,3.1,4.6,0.12,0.346,Medium,59800.0,1391,0.82
EMP02090,Marketing,Analyst,L4,Male,Chennai,Diploma,56,5.8,61000.0,4.4,4.1,3.0,2,1,2,0,Resignation,2019,100,0,3.7,3.0,0.34,0.339,Medium,102600.0,956,0.69
EMP02091,Product,Director,L2,Female,Bangalore,MBA,44,1.7,46000.0,4.5,4.0,2.1,2,3,1,0,Termination,2020,0,18,3.4,2.9,0.16,0.562,Medium,88300.0,1308,0.23
EMP02092,Engineering,Director,L4,Female,Noida,Master's,24,0.9,80300.0,3.7,4.1,3.4,2,0,0,0,Resignation,2022,100,24,3.9,4.3,0.29,0.49,Medium,55200.0,1051,0.7
EMP02093,Engineering,Analyst,L5,Female,Bangalore,Bachelor's,23,0.9,124900.0,3.9,3.0,2.4,25,7,0,0,Resignation,2019,75,12,2.3,4.2,0.16,0.499,Medium,89800.0,879,0.77
EMP02094,Product,Manager,L1,Female,Kolkata,Master's,32,5.7,78700.0,2.8,3.8,2.4,14,6,3,0,Transfer,2022,75,4,4.4,2.2,0.31,0.399,Medium,104900.0,1471,0.59
EMP02095,Product,VP,L6,Female,Pune,Bachelor's,29,3.9,102900.0,4.7,3.0,3.5,2,0,1,0,Contract End,2016,0,3,4.0,2.5,0.34,0.347,Medium,165600.0,1380,0.6
EMP02096,HR,Analyst,L4,Female,Chennai,Bachelor's,40,0.5,84300.0,3.7,4.2,4.1,8,6,3,0,Resignation,2022,0,0,2.2,3.9,0.23,0.324,Low,66700.0,1303,0.86
EMP02097,Sales,Director,L6,Male,Noida,Bachelor's,53,2.1,87400.0,3.5,4.3,3.7,23,8,0,0,Contract End,2023,75,21,3.6,3.8,0.19,0.459,Medium,101200.0,487,0.58
EMP02098,Operations,Manager,L3,Male,Bangalore,Bachelor's,57,1.7,129100.0,4.6,4.0,2.4,25,1,3,0,Transfer,2020,50,3,4.4,4.0,0.14,0.381,Medium,65500.0,134,0.7
EMP02099,Product,Senior Manager,L3,Female,Hyderabad,MBA,40,0.2,62400.0,3.5,3.0,2.1,22,2,2,0,Resignation,2017,0,2,3.1,3.5,0.24,0.466,Medium,89200.0,567,0.47
EMP02100,Engineering,VP,L5,Male,Delhi,Bachelor's,57,5.6,63400.0,4.0,3.7,2.7,23,1,0,0,Resignation,2021,100,23,2.7,3.5,0.3,0.592,Medium,70500.0,1042,0.79
EMP02101,Marketing,VP,L1,Female,Pune,Bachelor's,40,3.4,110500.0,4.1,3.3,3.1,24,1,1,0,Contract End,2016,50,1,2.3,4.4,0.28,0.33,Low,176900.0,650,0.63
EMP02102,Product,Manager,L3,Male,Hyderabad,Master's,39,3.3,56700.0,4.6,2.2,3.7,23,1,0,0,Transfer,2017,25,9,3.8,3.0,0.02,0.494,Medium,72200.0,867,0.45
EMP02103,HR,Senior Analyst,L1,Male,Bangalore,MBA,44,6.1,37000.0,4.8,4.6,4.3,26,1,0,0,Resignation,2021,50,0,1.9,3.2,0.17,0.216,Low,64000.0,544,0.21
EMP02104,Sales,Senior Manager,L2,Female,Bangalore,Bachelor's,39,3.4,95200.0,4.2,3.1,3.7,17,5,1,0,Resignation,2019,50,10,3.3,3.2,0.22,0.462,Medium,107600.0,442,0.52
EMP02105,Product,VP,L3,Female,Pune,Master's,32,3.4,51500.0,3.5,4.7,2.8,4,1,0,0,Resignation,2017,25,2,2.7,3.9,0.15,0.327,Low,68800.0,261,0.49
EMP02106,HR,Senior Analyst,L4,Female,Kolkata,Bachelor's,23,1.1,38200.0,4.7,4.6,2.4,7,8,2,0,Transfer,2023,75,9,2.2,4.2,0.06,0.47,Medium,64500.0,942,0.62
EMP02107,Engineering,Manager,L2,Female,Bangalore,PhD,37,0.7,95100.0,3.4,3.6,3.2,25,7,3,0,Resignation,2023,100,4,2.5,3.5,0.04,0.413,Medium,113900.0,834,0.75
EMP02108,HR,Senior Analyst,L3,Female,Noida,MBA,54,2.2,62400.0,2.0,4.4,1.9,11,6,1,0,Contract End,2016,50,0,3.7,3.6,0.22,0.377,Medium,74900.0,391,0.72
EMP02109,Sales,Individual Contributor,L3,Male,Bangalore,MBA,40,1.7,113700.0,4.3,3.9,3.5,31,1,1,0,Transfer,2018,50,12,3.6,4.0,0.04,0.414,Medium,204100.0,1254,0.42
EMP02110,Engineering,VP,L3,Male,Pune,Bachelor's,55,4.4,100700.0,3.7,3.7,4.0,18,2,2,1,Retirement,2016,75,23,2.9,3.1,0.19,0.475,Medium,84800.0,1383,0.5
EMP02111,Finance,Individual Contributor,L3,Male,Kolkata,Master's,28,0.5,76800.0,4.7,3.7,3.0,27,6,2,0,Contract End,2019,50,7,3.1,4.2,0.11,0.453,Medium,49000.0,466,0.65
EMP02112,Marketing,VP,L4,Male,Bangalore,MBA,39,0.7,118300.0,4.0,1.8,4.0,10,6,0,0,Termination,2023,50,14,3.9,2.7,0.18,0.591,Medium,208200.0,646,0.41
EMP02113,Engineering,Senior Analyst,L4,Female,Hyderabad,Bachelor's,48,0.5,33100.0,3.9,3.4,4.1,3,6,1,0,Termination,2022,100,9,2.5,4.5,0.11,0.416,Medium,43000.0,1467,0.5
EMP02114,Sales,Manager,L3,Female,Kolkata,MBA,36,0.4,89100.0,3.8,3.7,2.3,8,1,2,0,Contract End,2018,75,23,4.5,3.2,0.33,0.618,Medium,125900.0,1247,0.61
EMP02115,Sales,Individual Contributor,L2,Female,Chennai,MBA,34,6.6,55200.0,4.1,2.8,3.5,4,4,3,0,Transfer,2019,50,20,3.2,3.3,0.28,0.532,Medium,85400.0,672,0.65
EMP02116,HR,Individual Contributor,L4,Male,Noida,Master's,54,0.1,111900.0,4.2,3.3,3.9,27,6,2,1,Resignation,2021,50,0,2.7,4.8,0.16,0.319,Low,119800.0,1063,0.55
EMP02117,Engineering,Individual Contributor,L2,Male,Mumbai,MBA,26,4.1,125500.0,4.4,3.8,2.2,12,6,0,0,Retirement,2015,100,20,3.5,4.6,0.13,0.578,Medium,104400.0,1087,0.28
EMP02118,Marketing,Senior Analyst,L5,Female,Delhi,Bachelor's,54,15.0,162300.0,3.5,3.2,3.0,14,2,1,1,Retirement,2022,25,22,4.5,4.3,0.1,0.52,Medium,100500.0,1011,0.56
EMP02119,Customer Success,VP,L3,Female,Chennai,MBA,22,10.4,75600.0,3.4,4.2,2.4,12,6,3,0,Transfer,2020,100,24,2.3,3.8,0.38,0.488,Medium,63700.0,1417,0.59
EMP02120,Engineering,Director,L1,Female,Pune,Master's,53,1.1,82400.0,3.5,3.6,2.5,24,0,3,0,Termination,2021,75,19,4.0,3.0,0.16,0.58,Medium,102500.0,475,0.8
EMP02121,HR,Individual Contributor,L4,Male,Bangalore,Master's,28,4.2,74500.0,3.4,3.1,3.8,8,3,2,0,Retirement,2021,100,7,3.0,2.9,0.09,0.391,Medium,135400.0,1386,0.53
EMP02122,Sales,Senior Analyst,L3,Male,Kolkata,MBA,44,0.6,97000.0,4.0,4.5,3.0,15,7,3,0,Resignation,2016,50,21,1.4,3.5,0.08,0.463,Medium,125200.0,1111,0.69
EMP02123,Sales,Senior Manager,L2,Female,Pune,Master's,48,10.5,64300.0,4.1,3.9,2.6,15,4,2,0,Transfer,2023,100,10,3.6,3.1,0.27,0.373,Medium,40700.0,221,0.54
EMP02124,Product,Senior Analyst,L6,Non-Binary,Delhi,Bachelor's,42,0.9,81100.0,3.9,4.8,4.4,31,7,2,0,Transfer,2021,50,24,3.0,3.7,0.13,0.44,Medium,159900.0,637,0.6
EMP02125,Sales,Senior Analyst,L1,Female,Bangalore,Bachelor's,23,1.3,139900.0,4.1,2.8,1.8,29,1,1,0,Retirement,2023,50,21,4.8,4.3,0.36,0.657,Medium,273200.0,659,0.44
EMP02126,Sales,Senior Manager,L1,Female,Kolkata,Master's,23,0.1,101400.0,4.5,4.1,3.5,9,3,0,0,Transfer,2023,75,13,3.7,3.7,0.4,0.434,Medium,157200.0,1471,0.52
EMP02127,Customer Success,Senior Analyst,L4,Male,Delhi,Master's,57,2.0,54200.0,4.4,2.6,4.2,11,0,1,1,Retirement,2021,100,5,4.1,4.7,0.04,0.369,Medium,35400.0,1461,0.75
EMP02128,Operations,Individual Contributor,L2,Male,Bangalore,Diploma,46,0.4,84300.0,4.6,4.0,1.8,15,0,0,0,Retirement,2022,100,9,3.3,3.6,0.06,0.5,Medium,167500.0,1195,0.82
EMP02129,Customer Success,Director,L1,Male,Pune,Bachelor's,33,0.8,77700.0,3.9,3.4,3.7,0,3,0,0,Resignation,2015,100,11,2.8,3.3,0.22,0.404,Medium,150000.0,1250,0.47
EMP02130,Customer Success,Senior Manager,L1,Female,Chennai,MBA,32,0.6,65100.0,4.6,2.5,2.5,15,6,0,1,Retirement,2023,100,21,3.7,2.5,0.36,0.618,Medium,126800.0,620,0.72
EMP02131,Sales,Individual Contributor,L3,Female,Bangalore,MBA,43,1.6,58800.0,4.0,3.8,3.4,21,7,2,1,Termination,2016,0,23,4.4,3.8,0.4,0.535,Medium,102100.0,87,0.72
EMP02132,Operations,Analyst,L5,Male,Delhi,Master's,24,1.6,76900.0,4.1,3.3,1.6,6,3,3,1,Termination,2015,0,22,4.5,2.8,0.37,0.68,High,123800.0,661,0.39
EMP02133,Operations,Senior Analyst,L6,Male,Bangalore,MBA,55,5.7,70800.0,3.5,3.9,3.2,17,8,1,0,Resignation,2023,25,2,4.3,4.6,0.19,0.327,Low,77500.0,1251,0.77
EMP02134,Engineering,VP,L3,Male,Chennai,Bachelor's,34,3.0,60000.0,3.6,4.0,2.2,2,7,2,0,Termination,2023,75,17,4.5,3.9,0.09,0.5,Medium,106000.0,39,0.44
EMP02135,HR,Senior Manager,L3,Non-Binary,Pune,MBA,26,0.5,105700.0,4.0,3.0,3.5,18,6,2,0,Resignation,2015,50,15,4.2,3.8,0.17,0.555,Medium,65100.0,1067,0.48
EMP02136,Marketing,Analyst,L3,Female,Bangalore,MBA,43,1.7,130900.0,4.0,3.9,3.9,5,8,0,0,Retirement,2020,100,23,3.2,1.7,0.08,0.47,Medium,167600.0,919,0.79
EMP02137,Engineering,Director,L4,Male,Delhi,Master's,52,13.9,25800.0,4.6,4.0,2.4,29,2,2,0,Termination,2021,50,2,3.3,2.7,0.04,0.265,Low,18700.0,1238,0.95
EMP02138,Finance,Senior Manager,L3,Female,Chennai,PhD,55,3.6,35800.0,4.5,4.2,4.5,31,8,3,1,Contract End,2018,100,5,3.4,3.4,0.28,0.24,Low,61400.0,502,0.72
EMP02139,Finance,Senior Manager,L1,Male,Pune,Master's,40,6.0,63100.0,4.4,4.7,3.2,8,7,3,0,Transfer,2016,75,11,4.8,3.0,0.36,0.345,Medium,54100.0,1147,0.77
EMP02140,Finance,Manager,L6,Female,Chennai,Master's,50,2.9,69000.0,4.8,3.1,2.8,12,1,3,0,Retirement,2019,100,24,3.4,3.7,0.28,0.625,Medium,118600.0,1032,0.83
EMP02141,Engineering,Manager,L3,Female,Kolkata,Diploma,46,0.4,70700.0,4.0,3.1,3.1,22,7,2,0,Termination,2021,100,18,4.8,3.0,0.14,0.601,Medium,43400.0,1460,0.48
EMP02142,Customer Success,Senior Analyst,L1,Male,Kolkata,PhD,47,2.4,80300.0,3.3,3.5,1.3,29,7,1,0,Resignation,2018,50,1,4.7,2.4,0.14,0.44,Medium,131600.0,1341,0.46
EMP02143,Sales,Individual Contributor,L1,Female,Chennai,PhD,35,1.1,48200.0,3.5,3.5,2.5,0,1,2,0,Termination,2017,25,9,2.1,3.9,0.16,0.448,Medium,42500.0,49,0.69
EMP02144,Operations,VP,L1,Male,Bangalore,Master's,48,0.4,55100.0,3.8,3.7,3.7,20,5,2,0,Termination,2021,50,3,3.9,4.9,0.11,0.383,Medium,57400.0,752,0.66
EMP02145,Engineering,Director,L3,Female,Delhi,Bachelor's,43,3.2,64500.0,4.3,4.5,3.7,26,0,3,0,Termination,2016,50,1,4.6,2.8,0.11,0.307,Low,118400.0,975,0.3
EMP02146,Marketing,Senior Manager,L1,Male,Pune,Master's,42,2.2,32800.0,2.5,3.5,2.2,4,1,3,0,Termination,2016,25,10,3.6,3.4,0.22,0.469,Medium,21200.0,904,0.67
EMP02147,Engineering,Director,L5,Male,Pune,Bachelor's,42,0.2,332600.0,3.4,4.0,4.6,30,2,3,0,Transfer,2020,100,14,4.4,3.5,0.32,0.432,Medium,548800.0,235,0.54
EMP02148,Marketing,Senior Analyst,L2,Male,Mumbai,Bachelor's,22,2.5,82700.0,4.9,3.2,2.5,1,7,0,1,Termination,2023,0,11,2.2,2.7,0.05,0.52,Medium,45900.0,586,0.46
EMP02149,Finance,Senior Manager,L1,Male,Chennai,Bachelor's,56,8.4,63900.0,4.3,4.4,3.4,10,1,2,0,Termination,2017,75,15,4.6,3.4,0.24,0.385,Medium,74700.0,1140,0.8
EMP02150,Sales,VP,L4,Female,Kolkata,MBA,44,4.1,100400.0,3.1,4.0,2.9,16,0,0,0,Contract End,2023,75,12,4.1,3.2,0.39,0.398,Medium,194100.0,32,0.8
EMP02151,HR,Director,L1,Male,Noida,Bachelor's,22,7.6,99300.0,4.4,4.2,4.9,26,1,0,0,Termination,2016,25,23,2.5,4.0,0.25,0.341,Medium,54100.0,788,0.7
EMP02152,Sales,Manager,L4,Male,Hyderabad,MBA,34,4.2,44600.0,4.5,3.4,3.8,6,5,0,0,Transfer,2022,100,16,4.2,3.7,0.25,0.42,Medium,27600.0,1285,0.42
EMP02153,Engineering,Senior Manager,L1,Female,Bangalore,Bachelor's,46,0.4,140700.0,3.6,4.5,2.4,26,2,0,0,Transfer,2016,50,6,4.8,3.1,0.12,0.379,Medium,115000.0,378,0.81
EMP02154,Engineering,Individual Contributor,L2,Female,Delhi,PhD,42,1.8,77700.0,4.2,3.8,3.2,5,8,0,0,Contract End,2023,50,24,4.1,3.4,0.13,0.575,Medium,104300.0,586,0.68
EMP02155,Engineering,Senior Analyst,L5,Male,Delhi,MBA,43,3.2,116100.0,3.9,4.6,3.4,15,3,3,0,Termination,2017,50,23,2.9,3.7,0.0,0.454,Medium,214400.0,1141,0.85
EMP02156,Product,Director,L1,Male,Bangalore,MBA,48,0.7,52900.0,3.4,4.1,4.4,14,6,1,1,Termination,2023,25,13,3.6,3.4,0.37,0.4,Medium,92000.0,407,0.51
EMP02157,Customer Success,Director,L4,Male,Delhi,Bachelor's,45,3.9,76300.0,4.2,2.2,2.6,3,0,0,0,Termination,2017,50,16,3.5,2.1,0.28,0.641,Medium,88600.0,861,0.62
EMP02158,Product,Manager,L3,Female,Noida,Bachelor's,45,4.1,76000.0,4.5,4.1,3.8,16,3,3,0,Contract End,2021,0,16,4.3,4.4,0.02,0.411,Medium,89300.0,1141,0.86
EMP02159,Operations,Senior Manager,L5,Female,Hyderabad,Bachelor's,39,6.6,68600.0,3.7,3.3,3.7,27,5,0,0,Transfer,2021,100,6,3.7,2.4,0.19,0.338,Medium,122500.0,1402,0.66
EMP02160,Finance,Director,L4,Male,Mumbai,MBA,48,4.7,140300.0,4.3,4.1,4.3,2,8,2,0,Contract End,2016,0,7,3.6,3.2,0.05,0.287,Low,200600.0,368,0.8
EMP02161,HR,Senior Manager,L3,Male,Kolkata,MBA,35,5.0,107500.0,3.8,3.8,2.7,10,4,0,0,Transfer,2016,50,24,3.9,3.3,0.24,0.564,Medium,163100.0,1473,0.76
EMP02162,Finance,Manager,L5,Male,Kolkata,Bachelor's,57,0.5,115300.0,3.4,3.8,4.3,18,7,3,1,Retirement,2015,50,3,4.7,3.4,0.09,0.318,Low,138700.0,810,0.73
EMP02163,Engineering,Senior Manager,L1,Female,Mumbai,MBA,44,6.8,123200.0,2.1,3.1,4.1,5,4,1,0,Transfer,2017,100,6,2.5,4.0,0.26,0.352,Medium,241400.0,696,0.43
EMP02164,Operations,Analyst,L6,Female,Pune,MBA,40,3.4,48600.0,2.5,2.6,3.0,27,5,2,0,Resignation,2021,100,11,4.1,4.6,0.24,0.461,Medium,73400.0,1401,0.89
EMP02165,Sales,Analyst,L1,Male,Noida,PhD,22,1.9,74100.0,2.7,4.5,2.2,11,1,1,0,Termination,2023,50,16,3.5,4.4,0.23,0.509,Medium,141300.0,358,0.82
EMP02166,Customer Success,Analyst,L4,Male,Bangalore,PhD,37,6.1,53800.0,2.9,4.6,3.0,17,7,0,0,Termination,2023,50,18,2.1,4.6,0.11,0.4,Medium,55900.0,37,0.62
EMP02167,Engineering,Manager,L3,Male,Mumbai,Diploma,53,0.6,60000.0,4.3,3.6,3.9,25,1,0,0,Transfer,2015,75,18,2.6,3.9,0.33,0.445,Medium,86500.0,1368,0.67
EMP02168,Engineering,Individual Contributor,L2,Female,Delhi,Bachelor's,50,0.3,24900.0,4.5,3.5,4.2,22,5,2,0,Contract End,2022,75,0,3.0,4.6,0.25,0.343,Medium,16700.0,1294,0.59
EMP02169,Engineering,Analyst,L4,Female,Pune,PhD,23,1.6,119500.0,3.1,3.7,2.4,12,4,0,1,Transfer,2017,100,12,3.9,4.2,0.11,0.481,Medium,126700.0,1266,0.44
EMP02170,HR,Senior Manager,L4,Male,Noida,MBA,57,2.9,84900.0,4.3,4.0,4.5,26,6,1,0,Transfer,2019,75,7,4.3,2.9,0.29,0.318,Low,103000.0,97,0.86
EMP02171,Engineering,Senior Manager,L4,Female,Mumbai,Bachelor's,52,1.8,90600.0,4.6,4.7,3.0,11,5,1,0,Termination,2017,50,19,3.7,4.0,0.15,0.432,Medium,46600.0,1430,0.54
EMP02172,Sales,Senior Manager,L2,Non-Binary,Pune,Bachelor's,38,4.1,55900.0,2.6,2.2,2.6,23,8,2,0,Retirement,2019,100,14,4.1,4.6,0.21,0.549,Medium,49900.0,1452,0.66
EMP02173,Sales,Analyst,L1,Male,Bangalore,Bachelor's,42,0.9,58900.0,4.4,2.0,4.4,19,3,1,0,Termination,2021,75,16,3.8,4.5,0.16,0.508,Medium,50000.0,895,0.49
EMP02174,Sales,Director,L2,Female,Kolkata,Bachelor's,36,1.2,164700.0,4.2,4.3,3.4,0,4,0,1,Resignation,2016,50,19,3.3,3.8,0.09,0.488,Medium,255800.0,489,0.73
EMP02175,Product,Senior Manager,L3,Male,Mumbai,Diploma,37,15.5,96200.0,3.8,3.5,3.0,29,2,1,0,Termination,2023,75,14,3.0,4.8,0.07,0.38,Medium,79100.0,1419,0.83
EMP02176,Operations,Analyst,L2,Female,Delhi,MBA,53,1.2,49800.0,4.0,3.7,4.1,11,0,2,0,Retirement,2020,100,5,4.3,4.6,0.1,0.335,Medium,44300.0,1217,0.35
EMP02177,Sales,Senior Manager,L4,Male,Chennai,Diploma,52,4.4,95600.0,3.9,4.2,3.2,29,4,2,1,Contract End,2020,50,5,2.7,2.0,0.15,0.309,Low,156600.0,874,0.64
EMP02178,Engineering,Individual Contributor,L2,Male,Hyderabad,Bachelor's,48,4.9,40400.0,3.9,3.8,3.4,14,3,1,0,Retirement,2020,50,3,4.2,4.3,0.24,0.332,Medium,80400.0,684,0.58
EMP02179,Marketing,Individual Contributor,L3,Female,Chennai,Bachelor's,35,1.1,90500.0,4.3,3.3,4.1,17,2,0,1,Resignation,2017,75,16,3.4,4.1,0.32,0.489,Medium,84400.0,942,0.81
EMP02180,Engineering,Individual Contributor,L2,Male,Kolkata,Bachelor's,22,0.5,56200.0,3.3,2.1,2.8,26,8,0,0,Termination,2017,75,18,3.6,3.1,0.24,0.669,High,75700.0,757,0.58
EMP02181,Finance,Senior Analyst,L3,Male,Chennai,Master's,54,6.2,82900.0,4.4,4.1,3.2,0,8,3,0,Transfer,2021,25,7,3.1,4.6,0.13,0.381,Medium,106700.0,326,0.29
EMP02182,Engineering,Individual Contributor,L2,Male,Pune,Bachelor's,48,9.9,108300.0,4.1,4.0,3.2,25,6,1,1,Retirement,2021,50,24,1.6,2.2,0.19,0.462,Medium,97700.0,1029,0.67
EMP02183,Operations,VP,L2,Female,Chennai,Bachelor's,48,2.1,127300.0,3.6,4.3,4.0,27,4,0,0,Resignation,2018,50,6,3.7,4.1,0.03,0.372,Medium,90700.0,1178,0.66
EMP02184,Engineering,Director,L3,Male,Kolkata,Master's,42,16.6,133700.0,3.2,3.1,4.1,21,1,0,0,Termination,2023,0,13,3.3,3.9,0.12,0.306,Low,224500.0,1464,0.47
EMP02185,Product,Individual Contributor,L1,Male,Hyderabad,Master's,38,0.3,57800.0,4.5,4.2,2.0,4,1,3,0,Contract End,2018,100,7,3.3,4.2,0.22,0.429,Medium,29300.0,531,0.68
EMP02186,Engineering,Senior Manager,L2,Male,Hyderabad,MBA,29,6.4,102300.0,3.1,4.1,2.1,2,7,1,0,Transfer,2022,100,21,4.6,2.0,0.32,0.575,Medium,83300.0,474,0.73
EMP02187,Marketing,Manager,L5,Male,Chennai,Master's,35,0.7,108900.0,1.8,2.6,1.8,8,7,0,0,Transfer,2016,0,12,4.3,3.4,0.17,0.595,Medium,73500.0,815,0.74
EMP02188,Sales,Director,L4,Female,Chennai,Bachelor's,36,3.1,72900.0,4.5,2.3,3.6,26,8,1,1,Transfer,2023,75,22,3.8,3.4,0.02,0.626,Medium,38000.0,28,0.57
EMP02189,Sales,Manager,L1,Male,Hyderabad,Master's,24,2.9,54600.0,4.0,2.6,2.8,25,2,3,0,Termination,2015,100,19,2.8,3.1,0.37,0.557,Medium,72800.0,377,0.67
EMP02190,Sales,Manager,L1,Male,Kolkata,PhD,53,6.5,108900.0,4.2,3.3,2.0,18,7,0,1,Resignation,2017,0,14,2.2,3.7,0.21,0.548,Medium,172600.0,729,0.7
EMP02191,Marketing,VP,L3,Male,Hyderabad,MBA,48,5.4,51800.0,4.6,2.4,4.4,5,0,1,0,Retirement,2021,100,8,2.8,4.1,0.37,0.442,Medium,28100.0,1006,0.76
EMP02192,Product,Manager,L3,Female,Kolkata,Bachelor's,44,0.2,91400.0,3.7,4.0,3.9,22,5,2,1,Resignation,2015,0,15,4.7,3.9,0.08,0.485,Medium,114600.0,1105,0.53
EMP02193,Product,VP,L2,Male,Pune,MBA,26,1.9,80200.0,3.7,3.6,1.8,29,8,3,0,Resignation,2020,100,7,4.7,3.6,0.2,0.445,Medium,130800.0,1159,0.36
EMP02194,Product,Senior Analyst,L4,Female,Mumbai,Bachelor's,22,0.5,137800.0,4.6,4.0,3.8,30,5,2,0,Retirement,2022,0,8,4.3,2.3,0.05,0.426,Medium,253200.0,267,0.74
EMP02195,Engineering,Senior Manager,L4,Male,Kolkata,Bachelor's,53,3.5,48800.0,4.7,4.5,2.4,19,6,2,0,Transfer,2015,50,20,2.5,3.9,0.08,0.511,Medium,41300.0,420,0.36
EMP02196,Finance,Senior Analyst,L1,Female,Chennai,Bachelor's,51,6.6,50100.0,3.8,4.7,2.9,18,1,3,1,Contract End,2023,75,17,2.7,4.1,0.17,0.43,Medium,77100.0,75,0.44
EMP02197,Customer Success,Manager,L6,Non-Binary,Delhi,MBA,54,3.0,48500.0,4.4,4.0,1.9,13,0,0,0,Transfer,2016,0,4,4.8,3.4,0.16,0.455,Medium,27500.0,1251,0.71
EMP02198,Customer Success,Director,L3,Female,Mumbai,MBA,47,0.8,98000.0,3.1,3.8,4.5,11,5,1,0,Resignation,2019,75,16,3.7,3.4,0.22,0.404,Medium,109000.0,1351,0.37
EMP02199,Customer Success,Individual Contributor,L5,Male,Bangalore,Master's,46,0.1,83100.0,3.5,3.5,3.1,17,0,0,0,Termination,2017,75,12,3.3,4.6,0.27,0.529,Medium,87000.0,156,0.59
EMP02200,Engineering,Analyst,L5,Female,Mumbai,Bachelor's,25,7.0,72900.0,4.3,3.7,3.2,2,6,3,0,Transfer,2020,100,24,3.8,3.4,0.24,0.466,Medium,98300.0,1299,0.56
EMP02201,HR,Analyst,L1,Female,Hyderabad,Master's,26,2.6,65500.0,3.1,3.3,4.4,11,7,3,0,Contract End,2019,50,19,3.2,4.1,0.14,0.448,Medium,116500.0,187,0.42
EMP02202,Engineering,Director,L3,Female,Hyderabad,MBA,47,2.1,69100.0,3.6,3.4,4.1,5,7,0,0,Transfer,2016,50,24,3.5,4.0,0.22,0.502,Medium,125000.0,795,0.6
EMP02203,Operations,VP,L3,Female,Hyderabad,Diploma,27,1.9,49800.0,4.7,2.2,4.4,16,7,2,0,Termination,2015,75,17,4.5,4.4,0.33,0.562,Medium,63200.0,467,0.69
EMP02204,Operations,Analyst,L6,Male,Bangalore,PhD,50,3.3,25600.0,3.1,4.8,3.1,4,7,0,0,Resignation,2019,50,23,4.1,3.2,0.05,0.431,Medium,50400.0,772,0.72
EMP02205,Sales,Director,L3,Female,Bangalore,Master's,38,0.3,226800.0,4.1,3.7,2.8,26,7,3,0,Resignation,2019,25,3,3.1,4.2,0.29,0.458,Medium,275400.0,45,0.95
EMP02206,Customer Success,Senior Manager,L2,Male,Delhi,MBA,51,1.6,36700.0,3.4,3.7,2.9,6,0,0,0,Resignation,2016,75,2,4.5,2.6,0.23,0.348,Medium,30400.0,1134,0.68
EMP02207,Sales,Senior Manager,L4,Male,Mumbai,Bachelor's,41,1.5,99400.0,4.4,3.9,3.1,7,0,0,0,Retirement,2023,100,19,2.2,3.7,0.37,0.528,Medium,50100.0,166,0.9
EMP02208,Marketing,Individual Contributor,L6,Female,Bangalore,MBA,31,11.4,86400.0,3.2,4.3,3.1,25,3,2,0,Termination,2019,50,18,4.0,3.4,0.08,0.447,Medium,63000.0,1241,0.65
EMP02209,Product,Senior Analyst,L1,Male,Pune,Master's,43,2.9,38300.0,4.4,3.7,2.6,18,6,3,0,Contract End,2022,0,9,4.3,3.4,0.04,0.426,Medium,21700.0,1194,0.75
EMP02210,Operations,Senior Manager,L6,Female,Chennai,Diploma,43,4.7,47300.0,3.3,3.6,4.4,9,4,0,0,Retirement,2016,0,4,3.7,3.4,0.28,0.316,Low,54800.0,1379,0.72
EMP02211,Marketing,Director,L3,Male,Kolkata,Master's,22,8.3,62400.0,3.1,4.2,3.8,3,0,0,0,Termination,2021,75,10,4.2,2.3,0.1,0.376,Medium,54400.0,496,0.66
EMP02212,Sales,VP,L3,Male,Chennai,Diploma,36,0.2,97500.0,4.0,4.9,4.3,7,5,3,1,Resignation,2016,75,5,4.3,3.5,0.08,0.316,Low,158700.0,413,0.69
EMP02213,Sales,Senior Analyst,L1,Male,Hyderabad,Master's,56,2.5,31400.0,3.5,2.6,2.6,6,6,0,0,Contract End,2021,100,20,4.0,3.8,0.09,0.58,Medium,39900.0,167,0.53
EMP02214,HR,Senior Analyst,L3,Male,Chennai,Bachelor's,37,1.2,48500.0,4.1,2.9,3.9,4,4,3,0,Retirement,2019,75,12,4.5,3.7,0.01,0.503,Medium,61700.0,1417,0.35
EMP02215,Engineering,Analyst,L1,Female,Mumbai,Master's,23,2.7,62100.0,4.1,4.4,3.7,3,6,1,0,Termination,2020,0,5,4.2,3.2,0.35,0.339,Medium,123100.0,253,0.63
EMP02216,Finance,VP,L3,Male,Pune,MBA,36,2.5,37700.0,3.3,4.1,4.7,2,5,0,0,Resignation,2020,75,22,3.6,4.4,0.18,0.445,Medium,35300.0,418,0.84
EMP02217,Engineering,VP,L3,Female,Noida,Bachelor's,54,6.8,100900.0,3.2,2.7,3.4,8,1,0,0,Retirement,2017,100,8,3.8,3.7,0.07,0.422,Medium,171700.0,112,0.73
EMP02218,Engineering,VP,L4,Male,Chennai,MBA,52,4.0,99200.0,2.4,3.9,2.4,10,3,2,0,Termination,2017,0,12,2.7,4.4,0.27,0.506,Medium,184500.0,1325,0.67
EMP02219,Engineering,Senior Analyst,L3,Male,Bangalore,MBA,31,0.2,100400.0,3.7,4.0,3.5,23,2,0,0,Transfer,2015,0,1,4.0,3.1,0.34,0.312,Low,167700.0,568,0.42
EMP02220,Sales,Senior Analyst,L2,Male,Hyderabad,Bachelor's,29,1.3,141600.0,3.5,1.7,2.3,11,0,1,0,Contract End,2016,100,20,4.1,4.5,0.34,0.727,High,125200.0,209,0.6
EMP02221,Customer Success,Manager,L1,Female,Kolkata,Master's,30,3.8,66800.0,2.9,4.1,3.1,8,8,0,0,Transfer,2019,75,16,3.1,3.2,0.25,0.473,Medium,59000.0,1095,0.62
EMP02222,Engineering,Senior Analyst,L2,Male,Bangalore,MBA,51,12.6,59000.0,3.8,4.2,3.8,14,2,2,0,Transfer,2017,75,21,3.0,4.2,0.02,0.402,Medium,63200.0,229,0.78
EMP02223,Engineering,Senior Manager,L1,Female,Delhi,Master's,26,0.7,72700.0,3.9,3.4,3.2,11,5,1,0,Retirement,2015,75,17,3.7,3.8,0.26,0.474,Medium,59900.0,989,0.6
EMP02224,Marketing,Senior Analyst,L5,Female,Delhi,Bachelor's,33,2.9,112100.0,4.1,4.8,3.5,29,2,2,0,Retirement,2020,25,23,2.8,3.9,0.07,0.425,Medium,171800.0,259,0.5
EMP02225,Engineering,Individual Contributor,L3,Male,Kolkata,Bachelor's,36,0.8,90900.0,3.5,3.0,3.6,12,7,0,0,Resignation,2015,25,2,4.7,2.6,0.01,0.425,Medium,128300.0,347,0.85
EMP02226,Sales,Individual Contributor,L6,Male,Hyderabad,MBA,46,11.2,75900.0,3.6,2.6,3.9,11,8,2,0,Retirement,2020,75,10,4.3,4.6,0.29,0.419,Medium,124900.0,374,0.81
EMP02227,Sales,Senior Manager,L2,Male,Bangalore,MBA,34,0.1,110500.0,3.4,2.3,3.5,20,2,3,0,Contract End,2022,75,9,3.4,3.8,0.36,0.558,Medium,146900.0,494,0.66
EMP02228,Engineering,VP,L3,Female,Mumbai,Bachelor's,50,5.9,52400.0,3.7,3.7,2.2,7,7,1,0,Retirement,2018,50,15,4.8,3.8,0.22,0.485,Medium,87700.0,678,0.62
EMP02229,Operations,Individual Contributor,L1,Male,Bangalore,Master's,32,6.3,181400.0,4.0,3.4,2.8,30,2,2,0,Retirement,2020,50,17,3.2,4.4,0.21,0.473,Medium,264200.0,1325,0.59
EMP02230,Sales,Individual Contributor,L2,Female,Chennai,Master's,51,3.3,58200.0,3.6,3.5,3.9,24,8,1,1,Termination,2022,25,18,3.9,4.5,0.35,0.492,Medium,70200.0,327,0.45
EMP02231,Marketing,Director,L4,Female,Delhi,Bachelor's,43,3.7,52800.0,2.8,3.7,4.5,15,8,3,0,Contract End,2017,50,1,3.4,2.8,0.29,0.264,Low,100300.0,1221,0.8
EMP02232,Engineering,Senior Manager,L3,Female,Chennai,Diploma,28,1.1,62900.0,3.3,4.6,2.5,22,3,1,0,Retirement,2017,50,16,4.0,3.6,0.33,0.522,Medium,72500.0,890,0.72
EMP02233,Customer Success,Manager,L5,Male,Pune,Bachelor's,52,1.5,49600.0,4.6,3.7,3.6,23,2,0,0,Transfer,2015,25,13,3.7,3.8,0.33,0.491,Medium,40100.0,631,0.78
EMP02234,Engineering,VP,L1,Female,Noida,Bachelor's,47,1.8,59800.0,4.0,3.2,2.7,23,8,2,1,Termination,2016,50,8,2.0,4.0,0.24,0.525,Medium,67200.0,387,0.78
EMP02235,Sales,Analyst,L4,Male,Noida,Bachelor's,57,2.8,64800.0,3.9,2.1,3.1,9,1,1,0,Resignation,2018,50,1,4.3,3.1,0.1,0.452,Medium,128200.0,0,0.95
EMP02236,Engineering,VP,L2,Female,Hyderabad,PhD,28,9.7,146500.0,3.7,3.7,3.9,31,3,0,0,Termination,2019,0,17,4.0,4.8,0.21,0.393,Medium,175700.0,432,0.85
EMP02237,Engineering,VP,L3,Male,Pune,Bachelor's,41,2.0,87300.0,3.7,3.9,4.7,26,5,0,0,Resignation,2018,100,18,3.8,3.0,0.01,0.391,Medium,62000.0,497,0.73
EMP02238,Engineering,Individual Contributor,L1,Male,Chennai,Master's,52,11.7,47000.0,4.6,3.6,3.7,15,7,1,0,Contract End,2023,50,16,4.8,4.2,0.26,0.359,Medium,61400.0,975,0.55
EMP02239,Sales,Individual Contributor,L1,Non-Binary,Bangalore,Bachelor's,44,1.8,86200.0,4.1,3.7,3.9,9,4,2,0,Resignation,2019,50,15,3.9,3.9,0.08,0.431,Medium,93700.0,853,0.79
EMP02240,Engineering,Director,L3,Male,Noida,Master's,50,0.5,90800.0,3.1,4.1,4.5,0,7,1,0,Termination,2020,100,22,4.3,3.6,0.32,0.453,Medium,76500.0,103,0.45
EMP02241,Sales,Analyst,L5,Male,Hyderabad,MBA,28,11.4,106400.0,3.9,2.3,4.8,1,1,0,0,Resignation,2017,50,14,3.8,3.4,0.39,0.386,Medium,85700.0,35,0.46
EMP02242,Marketing,Individual Contributor,L4,Male,Bangalore,MBA,40,2.6,81400.0,3.8,3.5,3.3,22,1,1,0,Transfer,2021,75,14,4.1,4.0,0.25,0.452,Medium,111300.0,214,0.37
EMP02243,Engineering,Individual Contributor,L5,Female,Chennai,PhD,29,0.6,73100.0,4.8,3.5,2.7,17,8,0,0,Contract End,2017,0,16,2.5,4.8,0.16,0.528,Medium,136500.0,611,0.62
EMP02244,Operations,VP,L5,Female,Hyderabad,MBA,53,6.4,36000.0,3.3,2.3,3.1,31,4,1,0,Contract End,2015,25,12,2.8,3.0,0.22,0.55,Medium,54100.0,473,0.57
EMP02245,Engineering,Analyst,L6,Male,Bangalore,MBA,57,3.3,55600.0,3.5,4.5,4.1,28,1,2,0,Retirement,2022,50,1,3.3,4.6,0.22,0.297,Low,34100.0,948,0.82
EMP02246,Marketing,Manager,L3,Male,Pune,Bachelor's,30,0.9,76800.0,3.3,4.4,2.9,12,7,2,1,Resignation,2018,100,12,3.2,3.3,0.38,0.402,Medium,57900.0,823,0.29
EMP02247,Operations,Analyst,L1,Female,Noida,PhD,54,15.0,102400.0,2.4,4.8,4.9,31,5,2,0,Termination,2019,0,9,4.7,3.8,0.15,0.161,Low,150600.0,183,0.46
EMP02248,Marketing,Senior Analyst,L3,Female,Pune,Master's,46,2.3,106600.0,4.0,2.2,2.9,8,5,1,0,Termination,2022,75,24,4.3,2.4,0.38,0.642,Medium,118600.0,865,0.4
EMP02249,Engineering,Senior Manager,L5,Female,Bangalore,Diploma,49,0.1,99100.0,3.2,3.8,3.5,2,6,1,0,Resignation,2022,50,19,3.6,4.4,0.32,0.465,Medium,197800.0,78,0.79
EMP02250,Engineering,Senior Analyst,L1,Female,Pune,MBA,51,1.4,63200.0,3.5,3.9,2.9,9,1,1,0,Transfer,2021,50,4,3.3,2.5,0.38,0.37,Medium,59100.0,475,0.74
EMP02251,Engineering,Senior Manager,L3,Male,Hyderabad,Diploma,52,0.4,64300.0,3.7,1.8,4.6,26,3,2,0,Contract End,2019,75,5,3.6,3.4,0.06,0.46,Medium,40700.0,509,0.85
EMP02252,Engineering,Senior Analyst,L1,Male,Chennai,Bachelor's,56,4.2,146000.0,3.9,4.6,3.2,2,4,3,1,Transfer,2017,0,7,2.8,3.5,0.28,0.324,Low,189300.0,599,0.44
EMP02253,Marketing,Director,L4,Female,Pune,PhD,38,2.7,56600.0,3.0,4.7,4.0,16,6,2,0,Resignation,2017,50,18,3.2,2.5,0.05,0.381,Medium,98700.0,315,0.58
EMP02254,Customer Success,VP,L2,Female,Pune,Bachelor's,43,9.6,42500.0,3.9,3.8,3.6,14,4,0,0,Resignation,2016,100,8,4.0,2.8,0.12,0.314,Low,52400.0,1321,0.62
EMP02255,Sales,Director,L2,Female,Pune,Bachelor's,51,0.9,72300.0,4.0,3.7,3.9,20,5,1,1,Contract End,2022,25,10,4.1,3.5,0.29,0.371,Medium,120400.0,70,0.68
EMP02256,Operations,VP,L1,Male,Delhi,Bachelor's,54,0.4,80700.0,4.6,2.7,4.5,29,8,0,0,Retirement,2023,50,5,2.9,4.2,0.29,0.368,Medium,40500.0,866,0.63
EMP02257,Product,Individual Contributor,L6,Male,Mumbai,Bachelor's,46,0.5,88800.0,3.1,3.4,2.8,28,0,0,0,Transfer,2016,75,21,3.1,4.2,0.04,0.626,Medium,72100.0,1340,0.27
EMP02258,Customer Success,VP,L5,Female,Chennai,Master's,27,3.2,65200.0,4.5,2.7,4.3,12,8,0,0,Contract End,2022,50,16,4.5,4.6,0.1,0.459,Medium,43000.0,688,0.45
EMP02259,Sales,Manager,L2,Female,Kolkata,MBA,39,4.6,68000.0,3.5,2.8,3.8,12,8,1,0,Retirement,2020,50,6,4.4,4.5,0.3,0.358,Medium,107700.0,913,0.71
EMP02260,Engineering,Analyst,L4,Female,Chennai,PhD,55,4.4,72600.0,3.0,4.7,3.0,28,4,1,0,Contract End,2016,100,16,3.5,3.0,0.23,0.388,Medium,141000.0,815,0.5
EMP02261,Engineering,Individual Contributor,L3,Male,Chennai,Bachelor's,43,1.4,55900.0,4.8,4.2,2.4,1,4,1,0,Resignation,2016,0,7,4.0,3.3,0.25,0.383,Medium,63900.0,48,0.53
EMP02262,Engineering,Manager,L1,Female,Mumbai,Master's,32,7.5,110900.0,4.7,4.6,2.1,30,6,3,0,Termination,2022,100,3,2.9,3.4,0.04,0.387,Medium,203000.0,1068,0.48
EMP02263,Engineering,Director,L2,Female,Chennai,Bachelor's,42,5.8,43800.0,4.4,3.6,3.7,31,0,3,0,Retirement,2023,50,12,4.4,2.3,0.09,0.442,Medium,60900.0,1374,0.53
EMP02264,Customer Success,Individual Contributor,L3,Male,Pune,Master's,53,15.3,149600.0,4.5,4.6,3.9,17,2,0,0,Resignation,2016,100,2,4.6,4.6,0.33,0.187,Low,284100.0,1421,0.58
EMP02265,HR,Senior Manager,L5,Male,Noida,Diploma,28,3.3,103500.0,4.4,4.2,2.8,17,5,2,0,Termination,2016,0,7,2.8,2.2,0.22,0.392,Medium,78000.0,1205,0.85
EMP02266,Engineering,Individual Contributor,L1,Male,Noida,Master's,54,9.6,59100.0,4.1,4.3,4.0,22,7,0,0,Retirement,2017,100,6,4.3,2.3,0.37,0.298,Low,107800.0,449,0.51
EMP02267,Marketing,Senior Analyst,L3,Male,Chennai,MBA,43,1.0,57300.0,4.5,4.4,4.7,25,4,2,1,Contract End,2017,25,17,3.6,2.5,0.22,0.352,Medium,109300.0,836,0.67
EMP02268,Sales,Individual Contributor,L3,Male,Kolkata,PhD,29,4.1,72600.0,4.5,1.9,2.9,25,7,2,0,Termination,2019,75,15,3.5,3.2,0.08,0.609,Medium,141200.0,121,0.44
EMP02269,Engineering,Senior Manager,L3,Female,Delhi,Master's,33,0.5,103700.0,4.7,4.3,4.0,29,2,3,0,Transfer,2015,50,23,4.6,2.6,0.17,0.461,Medium,87200.0,1432,0.83
EMP02270,Customer Success,Analyst,L1,Female,Pune,Master's,42,1.5,70700.0,3.7,3.5,3.5,17,7,1,0,Retirement,2023,75,13,3.5,3.9,0.1,0.441,Medium,84500.0,971,0.78
EMP02271,Product,Senior Manager,L3,Female,Delhi,Bachelor's,29,9.6,100200.0,3.4,2.7,3.6,0,0,0,0,Transfer,2021,100,2,3.5,3.7,0.35,0.398,Medium,95100.0,765,0.7
EMP02272,Marketing,Manager,L2,Male,Bangalore,MBA,29,1.8,89000.0,4.5,3.8,2.3,30,3,3,0,Resignation,2017,0,13,3.5,4.8,0.39,0.542,Medium,170100.0,1007,0.73
EMP02273,Sales,Senior Manager,L5,Male,Noida,Master's,38,0.3,156700.0,4.7,4.3,4.7,28,7,1,0,Termination,2023,75,16,3.3,1.7,0.12,0.378,Medium,242800.0,96,0.4
EMP02274,Sales,Individual Contributor,L4,Male,Chennai,PhD,30,17.2,132400.0,4.4,4.2,4.4,10,6,2,0,Resignation,2023,50,3,3.9,4.7,0.38,0.149,Low,242500.0,601,0.6
EMP02275,Customer Success,Senior Manager,L3,Female,Hyderabad,Bachelor's,30,0.9,59500.0,4.3,2.7,4.5,21,2,3,0,Transfer,2015,75,24,3.5,3.1,0.3,0.516,Medium,111400.0,278,0.59
EMP02276,Operations,Analyst,L3,Female,Pune,Bachelor's,23,1.3,61900.0,4.5,4.5,4.3,27,3,1,0,Transfer,2020,50,8,4.5,4.3,0.18,0.287,Low,62800.0,1110,0.8
EMP02277,Product,Senior Analyst,L1,Female,Pune,Bachelor's,48,3.0,49800.0,4.4,4.4,4.0,27,1,2,0,Termination,2022,0,5,4.8,2.8,0.28,0.35,Medium,59600.0,254,0.78
EMP02278,HR,VP,L3,Female,Hyderabad,MBA,37,6.4,61700.0,3.8,4.0,4.0,30,3,2,0,Transfer,2016,100,21,3.3,3.5,0.13,0.44,Medium,93100.0,1087,0.5
EMP02279,Sales,Analyst,L1,Male,Mumbai,PhD,56,2.7,102200.0,4.8,4.7,3.0,10,8,0,0,Transfer,2018,0,9,3.3,3.6,0.31,0.397,Medium,185200.0,652,0.46
EMP02280,Product,Individual Contributor,L6,Male,Mumbai,Bachelor's,56,9.3,123600.0,3.0,3.2,3.4,26,7,2,0,Transfer,2018,50,11,3.4,3.3,0.05,0.387,Medium,143900.0,96,0.62
EMP02281,Marketing,Manager,L4,Female,Kolkata,Bachelor's,38,0.5,31500.0,4.8,2.9,4.2,31,6,0,0,Contract End,2023,100,15,4.0,4.7,0.07,0.441,Medium,55300.0,369,0.76
EMP02282,Product,Director,L2,Female,Mumbai,Bachelor's,57,5.0,56500.0,3.9,4.1,4.1,6,0,0,0,Resignation,2023,75,20,4.3,3.0,0.27,0.386,Medium,105100.0,70,0.77
EMP02283,Operations,Senior Analyst,L4,Female,Bangalore,PhD,32,1.9,83000.0,4.3,3.0,4.4,27,5,0,0,Resignation,2019,75,19,3.5,4.0,0.05,0.474,Medium,93800.0,1252,0.72
EMP02284,Product,Senior Analyst,L2,Male,Kolkata,Bachelor's,40,0.7,221300.0,3.7,4.2,4.8,9,5,0,0,Retirement,2015,0,14,3.2,3.6,0.28,0.322,Low,242600.0,1302,0.59
EMP02285,Engineering,Manager,L3,Female,Mumbai,Bachelor's,30,1.7,25100.0,3.1,3.0,3.8,9,6,2,1,Termination,2016,100,6,4.2,4.3,0.02,0.387,Medium,38800.0,1442,0.38
EMP02286,Operations,Manager,L5,Male,Pune,Master's,57,0.7,48900.0,4.4,3.8,3.4,12,3,0,0,Termination,2017,100,20,3.9,4.0,0.29,0.506,Medium,92500.0,447,0.51
EMP02287,Engineering,Individual Contributor,L5,Female,Kolkata,Diploma,49,1.1,27700.0,3.6,3.6,2.1,22,6,1,1,Contract End,2023,25,13,4.6,3.0,0.17,0.508,Medium,51900.0,902,0.6
EMP02288,HR,Manager,L2,Female,Hyderabad,Bachelor's,52,2.6,56100.0,4.7,3.5,2.6,28,6,3,0,Termination,2021,100,7,4.6,3.9,0.11,0.462,Medium,66600.0,1413,0.46
EMP02289,Operations,Senior Manager,L6,Male,Mumbai,Master's,26,2.4,44700.0,3.3,2.8,4.1,6,7,1,0,Termination,2020,50,7,3.4,3.7,0.05,0.414,Medium,33000.0,1108,0.68
EMP02290,HR,Individual Contributor,L2,Female,Chennai,Master's,32,1.2,167700.0,4.4,3.7,3.8,0,0,1,0,Retirement,2022,100,13,4.5,2.9,0.2,0.435,Medium,334200.0,501,0.54
EMP02291,Customer Success,Manager,L5,Male,Chennai,Bachelor's,25,1.1,82600.0,4.2,2.7,3.0,30,2,1,1,Contract End,2015,100,4,2.8,3.6,0.32,0.503,Medium,44100.0,91,0.21
EMP02292,Product,Senior Analyst,L1,Male,Kolkata,Bachelor's,48,6.2,88700.0,3.9,3.5,3.9,4,4,0,0,Resignation,2017,25,3,3.6,4.2,0.03,0.295,Low,94100.0,601,0.83
EMP02293,Sales,Analyst,L5,Male,Noida,Bachelor's,38,0.8,138400.0,3.6,3.3,3.8,31,0,3,0,Transfer,2019,100,18,3.1,4.0,0.21,0.467,Medium,209200.0,396,0.72
EMP02294,Finance,Director,L3,Male,Hyderabad,Bachelor's,23,3.3,108200.0,3.6,3.7,2.4,26,1,1,1,Transfer,2021,75,23,4.4,4.0,0.35,0.59,Medium,88100.0,76,0.92
EMP02295,Engineering,Senior Analyst,L6,Non-Binary,Delhi,Master's,31,8.4,90100.0,4.3,3.5,2.9,23,8,3,0,Transfer,2017,100,10,3.3,2.4,0.32,0.419,Medium,153800.0,420,0.85
EMP02296,Customer Success,Analyst,L1,Male,Kolkata,PhD,23,4.5,66300.0,3.4,2.9,3.1,15,6,1,0,Transfer,2022,0,17,3.7,3.5,0.15,0.578,Medium,33300.0,472,0.91
EMP02297,Finance,Analyst,L4,Male,Chennai,Bachelor's,42,1.9,88900.0,4.4,3.9,3.1,5,0,1,0,Resignation,2022,50,9,3.5,4.1,0.24,0.372,Medium,161200.0,136,0.6
EMP02298,Finance,Manager,L1,Male,Bangalore,PhD,35,2.1,130000.0,4.8,4.2,4.0,26,8,1,0,Retirement,2016,50,24,2.4,4.0,0.01,0.467,Medium,149700.0,213,0.48
EMP02299,Marketing,Director,L2,Male,Bangalore,Bachelor's,26,6.9,58800.0,3.3,4.3,4.3,9,6,3,1,Transfer,2019,75,3,3.7,4.0,0.09,0.214,Low,110400.0,594,0.65
EMP02300,Sales,Analyst,L2,Male,Kolkata,Bachelor's,34,9.6,144300.0,3.9,3.4,4.1,31,6,0,0,Resignation,2022,75,5,3.7,4.0,0.17,0.348,Medium,230500.0,1427,0.56
EMP02301,Engineering,Manager,L1,Female,Chennai,Bachelor's,37,2.7,59800.0,4.3,4.3,3.1,2,0,1,0,Contract End,2019,0,16,2.2,3.2,0.26,0.496,Medium,38300.0,219,0.85
EMP02302,Engineering,Manager,L1,Female,Mumbai,Bachelor's,49,3.6,43800.0,2.8,4.2,3.8,25,5,0,1,Resignation,2021,0,19,3.7,4.1,0.04,0.415,Medium,31400.0,950,0.56
EMP02303,Product,Manager,L1,Female,Delhi,Master's,47,5.2,69900.0,3.6,2.9,4.2,21,8,2,0,Contract End,2015,100,15,2.7,2.7,0.01,0.457,Medium,52400.0,894,0.56
EMP02304,Engineering,Individual Contributor,L3,Female,Noida,Bachelor's,53,0.7,72400.0,4.2,3.3,3.6,11,8,3,0,Transfer,2017,75,17,3.9,3.3,0.05,0.543,Medium,89300.0,150,0.57
EMP02305,Finance,Individual Contributor,L1,Male,Chennai,MBA,34,4.7,55400.0,4.2,3.7,4.5,8,8,2,0,Transfer,2023,50,8,4.5,3.5,0.12,0.313,Low,96700.0,1358,0.83
EMP02306,Engineering,Senior Manager,L3,Female,Chennai,MBA,42,0.8,66600.0,4.1,3.3,3.5,28,2,0,0,Transfer,2021,100,1,2.6,4.0,0.14,0.33,Low,97400.0,793,0.81
EMP02307,Customer Success,Senior Manager,L6,Male,Kolkata,Bachelor's,55,10.2,131200.0,4.0,2.6,3.7,26,7,0,0,Transfer,2015,0,20,3.2,4.3,0.09,0.476,Medium,175700.0,1011,0.61
EMP02308,Engineering,VP,L5,Male,Pune,MBA,56,8.8,101100.0,4.4,3.4,3.8,16,7,0,0,Transfer,2017,0,21,3.5,4.0,0.3,0.449,Medium,124100.0,943,0.64
EMP02309,Product,Director,L4,Female,Hyderabad,Bachelor's,54,0.9,102800.0,2.9,2.7,2.4,6,0,1,0,Termination,2020,50,11,3.1,2.6,0.08,0.503,Medium,180700.0,265,0.36
EMP02310,Operations,Manager,L2,Female,Chennai,Bachelor's,51,1.8,76600.0,4.4,4.4,2.8,28,2,1,0,Contract End,2017,100,11,3.9,4.7,0.4,0.423,Medium,72800.0,401,0.28
EMP02311,Finance,Individual Contributor,L3,Male,Pune,MBA,43,0.9,103200.0,3.1,4.4,3.0,30,1,2,0,Transfer,2018,75,7,2.4,2.3,0.03,0.365,Medium,203300.0,391,0.37
EMP02312,Sales,Manager,L3,Male,Kolkata,Bachelor's,44,4.5,54400.0,4.2,4.8,4.7,29,0,3,0,Transfer,2021,100,23,4.1,3.4,0.05,0.369,Medium,42500.0,677,0.23
EMP02313,HR,Senior Analyst,L3,Female,Pune,Bachelor's,46,2.5,34100.0,4.3,3.7,2.7,5,0,1,0,Resignation,2023,75,13,3.0,4.6,0.37,0.469,Medium,30500.0,1375,0.75
EMP02314,Sales,Analyst,L1,Male,Noida,MBA,33,1.4,56900.0,4.2,4.3,2.9,19,2,0,0,Transfer,2016,75,16,4.3,4.6,0.08,0.422,Medium,81000.0,529,0.26
EMP02315,Engineering,Individual Contributor,L2,Female,Bangalore,MBA,38,2.2,73300.0,4.6,3.8,3.9,1,3,3,0,Resignation,2015,100,8,3.6,4.0,0.02,0.364,Medium,142000.0,101,0.36
EMP02316,Customer Success,Individual Contributor,L1,Female,Hyderabad,MBA,56,4.5,117500.0,4.1,4.6,4.3,29,0,2,1,Contract End,2016,0,7,3.3,4.7,0.39,0.277,Low,158900.0,1247,0.41
EMP02317,Operations,Analyst,L4,Female,Noida,Bachelor's,31,2.1,44600.0,4.1,2.6,4.2,2,0,3,0,Termination,2021,75,16,3.3,4.0,0.37,0.495,Medium,54900.0,431,0.59
EMP02318,HR,VP,L2,Male,Kolkata,MBA,47,4.1,43900.0,3.3,3.0,4.5,24,6,3,0,Retirement,2015,100,10,4.6,2.5,0.36,0.408,Medium,74700.0,1155,0.5
EMP02319,Product,Senior Manager,L3,Male,Kolkata,Master's,47,0.9,57600.0,2.7,4.3,2.3,2,3,1,1,Contract End,2018,100,24,3.9,3.7,0.13,0.606,Medium,40600.0,342,0.73
EMP02320,Sales,Analyst,L2,Male,Bangalore,Master's,28,3.2,96400.0,3.8,3.2,2.3,29,3,3,1,Transfer,2015,50,10,4.9,2.8,0.37,0.504,Medium,143700.0,1141,0.84
EMP02321,Engineering,Individual Contributor,L3,Female,Kolkata,Bachelor's,26,7.4,48600.0,4.2,4.2,3.5,19,4,0,0,Termination,2016,50,2,4.7,4.3,0.14,0.241,Low,28900.0,215,0.38
EMP02322,Engineering,Senior Manager,L4,Male,Kolkata,Master's,22,0.2,65000.0,3.6,4.3,4.0,8,2,2,1,Resignation,2019,50,22,4.4,3.3,0.07,0.439,Medium,49100.0,485,0.66
EMP02323,Customer Success,Analyst,L3,Female,Kolkata,Master's,41,5.5,87800.0,4.7,4.5,2.7,13,6,1,0,Transfer,2020,0,13,4.0,4.6,0.35,0.403,Medium,79100.0,548,0.68
EMP02324,Sales,Manager,L2,Female,Delhi,Master's,33,2.7,90500.0,4.2,3.2,2.8,24,3,1,1,Retirement,2022,75,11,4.1,4.8,0.15,0.477,Medium,164700.0,459,0.43
EMP02325,Engineering,Analyst,L2,Female,Pune,Master's,54,2.6,40000.0,4.2,2.1,2.9,30,8,3,1,Transfer,2022,50,24,3.5,4.3,0.26,0.667,High,46900.0,1433,0.72
EMP02326,Operations,Manager,L3,Female,Mumbai,Bachelor's,26,1.5,135500.0,4.5,3.9,3.4,14,3,0,0,Termination,2023,75,23,3.9,4.4,0.1,0.497,Medium,156900.0,1157,0.61
EMP02327,Marketing,VP,L4,Male,Mumbai,Master's,41,0.9,61300.0,3.4,3.2,2.5,5,8,0,0,Resignation,2017,100,14,4.5,3.6,0.37,0.576,Medium,58100.0,15,0.66
EMP02328,Finance,Analyst,L2,Female,Kolkata,PhD,40,0.5,61600.0,4.4,3.7,3.0,0,1,2,0,Contract End,2023,75,21,4.0,2.6,0.35,0.543,Medium,72600.0,1189,0.6
EMP02329,Engineering,Director,L4,Male,Mumbai,PhD,34,6.0,62700.0,3.8,2.9,1.6,26,1,0,0,Retirement,2016,50,12,2.0,2.6,0.06,0.547,Medium,95500.0,676,0.57
EMP02330,Sales,Manager,L2,Male,Noida,Diploma,46,0.6,52600.0,4.1,4.2,3.3,28,3,0,0,Resignation,2018,50,20,3.1,2.4,0.29,0.483,Medium,48500.0,1202,0.48
EMP02331,Sales,Analyst,L3,Female,Chennai,Diploma,35,0.8,50900.0,2.2,4.0,2.1,22,2,2,1,Retirement,2021,0,14,3.9,1.8,0.13,0.524,Medium,87800.0,1469,0.51
EMP02332,Product,VP,L1,Female,Hyderabad,MBA,41,3.1,92000.0,4.7,3.0,2.8,15,2,2,0,Termination,2023,50,15,3.4,4.4,0.37,0.548,Medium,75700.0,1315,0.9
EMP02333,Engineering,Manager,L5,Female,Noida,MBA,56,3.7,76300.0,4.9,2.3,4.4,18,5,0,0,Retirement,2021,75,0,2.8,4.6,0.12,0.363,Medium,124200.0,1016,0.42
EMP02334,Operations,VP,L2,Female,Hyderabad,Master's,50,1.5,182400.0,4.5,4.0,3.3,28,4,1,0,Transfer,2018,50,2,3.4,4.7,0.08,0.325,Low,129700.0,91,0.52
EMP02335,HR,Director,L2,Female,Chennai,Master's,47,0.8,47100.0,4.6,4.1,3.2,14,7,3,0,Contract End,2016,75,0,2.9,2.1,0.3,0.364,Medium,50000.0,165,0.81
EMP02336,Marketing,Director,L3,Male,Delhi,Bachelor's,40,3.3,29000.0,3.1,2.3,2.7,17,4,1,0,Termination,2015,100,11,3.9,3.3,0.15,0.533,Medium,35200.0,264,0.64
EMP02337,Product,Director,L3,Female,Delhi,Master's,26,0.8,51400.0,3.2,3.7,4.1,25,4,2,0,Transfer,2019,100,9,2.9,2.9,0.0,0.344,Medium,90400.0,1362,0.56
EMP02338,Finance,Individual Contributor,L4,Female,Delhi,MBA,51,2.0,64200.0,4.7,2.1,3.8,5,4,2,1,Transfer,2015,100,2,2.8,2.9,0.06,0.387,Medium,87300.0,489,0.79
EMP02339,Sales,Manager,L2,Male,Delhi,PhD,43,0.8,37100.0,4.3,3.9,3.8,26,3,0,0,Termination,2023,25,20,3.4,2.9,0.36,0.443,Medium,50900.0,1358,0.73
EMP02340,Engineering,Senior Manager,L3,Female,Bangalore,MBA,43,7.7,56400.0,2.9,2.4,4.3,5,1,3,1,Contract End,2018,50,18,4.5,3.7,0.22,0.5,Medium,89000.0,1334,0.85
EMP02341,Finance,Senior Analyst,L3,Male,Kolkata,MBA,36,7.3,82400.0,4.0,3.5,4.2,18,3,1,0,Transfer,2016,75,0,4.5,4.0,0.05,0.239,Low,67700.0,126,0.76
EMP02342,Finance,Individual Contributor,L4,Male,Kolkata,PhD,23,8.0,68300.0,3.6,3.0,2.2,7,3,2,1,Retirement,2022,0,20,2.7,4.7,0.23,0.526,Medium,92900.0,509,0.44
EMP02343,Customer Success,VP,L2,Male,Chennai,Master's,26,3.8,70300.0,2.7,2.9,3.2,18,3,3,1,Resignation,2022,75,18,4.6,2.4,0.07,0.569,Medium,91600.0,27,0.76
EMP02344,Operations,Manager,L3,Female,Delhi,MBA,39,3.8,105200.0,4.4,3.1,4.8,10,6,0,0,Transfer,2019,50,2,4.0,3.2,0.11,0.283,Low,209300.0,1261,0.55
EMP02345,Engineering,Individual Contributor,L2,Female,Bangalore,MBA,46,0.3,43400.0,2.7,2.8,4.1,18,0,3,0,Contract End,2016,50,10,4.3,2.8,0.04,0.464,Medium,78200.0,1089,0.64
EMP02346,Product,Analyst,L1,Female,Pune,Bachelor's,37,5.2,157700.0,3.2,2.8,2.4,29,1,0,0,Transfer,2022,50,12,3.9,4.7,0.38,0.561,Medium,232200.0,617,0.56
EMP02347,Engineering,Individual Contributor,L5,Female,Pune,Bachelor's,56,2.3,190600.0,4.3,3.1,3.8,20,3,0,0,Termination,2021,50,10,3.2,3.8,0.2,0.441,Medium,240200.0,1031,0.63
EMP02348,Engineering,VP,L3,Female,Bangalore,Bachelor's,45,2.8,48600.0,2.7,3.7,4.9,1,7,3,0,Transfer,2021,100,3,3.2,1.8,0.21,0.258,Low,75700.0,815,0.57
EMP02349,Sales,Director,L2,Female,Pune,MBA,39,8.4,79200.0,3.1,4.2,3.7,14,0,2,1,Termination,2017,50,12,4.5,4.1,0.11,0.373,Medium,83600.0,304,0.86
EMP02350,Engineering,Director,L2,Female,Bangalore,MBA,55,0.2,77800.0,3.6,3.2,3.5,26,7,2,1,Retirement,2017,100,23,3.9,4.9,0.33,0.555,Medium,70100.0,865,0.43
EMP02351,Engineering,Manager,L4,Female,Bangalore,Master's,45,0.9,52800.0,4.2,4.4,2.7,20,3,0,1,Resignation,2021,50,3,2.9,3.6,0.13,0.321,Low,65400.0,1378,0.24
EMP02352,Finance,Manager,L5,Male,Chennai,Bachelor's,22,10.4,115400.0,4.1,3.9,3.9,7,5,0,0,Transfer,2021,75,14,3.1,3.6,0.24,0.341,Medium,66800.0,217,0.76
EMP02353,Customer Success,Director,L2,Male,Chennai,MBA,37,3.0,101500.0,4.6,3.9,3.0,8,0,0,1,Transfer,2017,100,7,4.6,3.9,0.33,0.426,Medium,190600.0,753,0.65
EMP02354,Operations,VP,L4,Female,Pune,Bachelor's,43,2.3,67800.0,3.1,3.3,4.4,31,2,2,0,Resignation,2016,50,2,4.0,4.8,0.35,0.325,Low,130800.0,1299,0.69
EMP02355,Engineering,Director,L2,Female,Mumbai,Bachelor's,49,6.7,80500.0,4.7,2.9,1.7,30,6,2,1,Retirement,2020,75,24,3.9,4.6,0.28,0.608,Medium,57600.0,895,0.85
EMP02356,Product,VP,L6,Male,Mumbai,Bachelor's,51,1.2,142000.0,4.2,4.1,2.5,23,5,0,1,Termination,2019,75,5,2.6,4.1,0.14,0.405,Medium,249200.0,510,0.51
EMP02357,Engineering,Senior Manager,L2,Female,Kolkata,MBA,50,2.7,100600.0,3.9,4.3,3.3,4,5,0,0,Termination,2022,50,24,4.5,4.4,0.36,0.498,Medium,66000.0,973,0.69
EMP02358,Sales,VP,L3,Female,Pune,PhD,26,1.4,154400.0,3.5,4.6,3.4,25,6,0,0,Resignation,2021,100,12,4.0,4.3,0.1,0.438,Medium,284900.0,1027,0.59
EMP02359,Customer Success,Senior Manager,L3,Male,Pune,Bachelor's,34,1.1,30400.0,4.3,2.8,2.8,4,0,3,0,Contract End,2016,75,2,4.7,2.4,0.26,0.452,Medium,49100.0,687,0.75
EMP02360,Engineering,Senior Manager,L5,Male,Chennai,Bachelor's,32,5.3,60300.0,4.1,4.6,3.7,10,4,0,0,Transfer,2017,0,13,2.5,3.8,0.14,0.312,Low,118100.0,1407,0.76
EMP02361,HR,VP,L6,Male,Hyderabad,MBA,23,3.6,95300.0,3.9,3.6,4.5,10,7,1,0,Transfer,2022,100,5,4.8,4.6,0.17,0.37,Medium,127500.0,350,0.71
EMP02362,Sales,Senior Analyst,L4,Female,Noida,MBA,42,3.3,89900.0,2.7,2.5,1.8,12,2,3,0,Transfer,2018,50,16,3.7,4.5,0.36,0.596,Medium,174200.0,379,0.72
EMP02363,Sales,Analyst,L4,Male,Hyderabad,Master's,28,0.3,63800.0,4.6,3.9,3.2,1,5,0,1,Retirement,2017,0,17,4.2,4.8,0.09,0.485,Medium,40800.0,1260,0.53
EMP02364,Operations,Individual Contributor,L6,Male,Hyderabad,PhD,28,0.6,48500.0,4.3,2.9,2.2,6,3,2,0,Contract End,2017,100,3,2.9,4.0,0.15,0.473,Medium,58300.0,933,0.73
EMP02365,Product,Manager,L3,Male,Delhi,Master's,37,8.3,80500.0,3.3,3.8,4.3,12,3,3,0,Termination,2016,100,4,3.7,3.1,0.05,0.289,Low,59200.0,13,0.43
EMP02366,Product,Individual Contributor,L6,Male,Hyderabad,Bachelor's,57,2.3,41300.0,4.9,2.0,2.3,25,1,0,0,Termination,2023,100,22,4.1,3.7,0.23,0.719,High,28000.0,1088,0.71
EMP02367,HR,Manager,L3,Male,Hyderabad,Master's,32,1.1,75100.0,4.8,3.6,4.3,17,0,1,0,Contract End,2021,50,3,3.5,4.5,0.26,0.362,Medium,121700.0,608,0.46
EMP02368,Engineering,Director,L3,Female,Hyderabad,Master's,44,1.5,51100.0,4.0,3.5,2.7,22,4,2,0,Termination,2019,0,11,2.2,4.3,0.25,0.458,Medium,33700.0,1146,0.51
EMP02369,Engineering,Analyst,L2,Male,Kolkata,MBA,32,4.3,61600.0,3.0,4.2,3.5,7,4,1,0,Contract End,2021,100,12,4.3,4.1,0.22,0.43,Medium,60100.0,774,0.71
EMP02370,Sales,Director,L3,Male,Bangalore,Diploma,32,3.8,75900.0,4.2,2.0,1.9,21,6,2,1,Resignation,2016,75,14,2.1,3.6,0.1,0.591,Medium,49800.0,620,0.62
EMP02371,Sales,Director,L2,Male,Hyderabad,MBA,43,5.4,89400.0,3.6,3.2,3.6,20,3,3,0,Transfer,2018,100,23,3.3,3.7,0.26,0.568,Medium,46200.0,1295,0.67
EMP02372,Product,Individual Contributor,L1,Male,Chennai,MBA,31,2.7,85200.0,4.1,3.3,2.9,22,8,1,0,Termination,2017,75,14,4.2,4.0,0.22,0.5,Medium,103900.0,1348,0.55
EMP02373,Product,Analyst,L6,Male,Mumbai,Master's,57,11.7,94600.0,3.2,3.0,4.6,6,5,0,1,Transfer,2021,75,9,2.6,4.3,0.36,0.352,Medium,80900.0,15,0.72
EMP02374,Operations,Senior Analyst,L2,Male,Mumbai,Bachelor's,28,1.0,64900.0,4.4,3.0,3.6,27,3,2,0,Resignation,2018,100,5,2.8,4.7,0.33,0.389,Medium,81500.0,1136,0.64
EMP02375,Sales,Analyst,L1,Male,Delhi,Bachelor's,26,3.4,42600.0,3.9,4.3,3.4,8,7,2,0,Contract End,2018,75,15,2.7,3.7,0.39,0.393,Medium,58100.0,851,0.82
EMP02376,Product,Manager,L4,Male,Hyderabad,Bachelor's,57,1.3,89400.0,1.6,3.9,4.3,8,0,2,0,Retirement,2016,0,18,4.4,3.6,0.07,0.449,Medium,129800.0,30,0.83
EMP02377,Operations,Analyst,L4,Female,Delhi,PhD,46,3.6,66100.0,3.7,4.0,3.5,17,0,0,1,Resignation,2023,50,8,4.6,4.6,0.16,0.328,Low,70700.0,1228,0.71
EMP02378,Operations,Senior Manager,L1,Male,Bangalore,Bachelor's,36,19.1,56200.0,1.6,3.7,2.6,12,3,1,0,Contract End,2017,25,24,4.3,4.3,0.29,0.467,Medium,46100.0,822,0.39
EMP02379,HR,Analyst,L1,Female,Pune,Master's,39,7.5,77000.0,4.2,3.2,3.6,18,7,3,0,Transfer,2021,100,8,3.2,2.4,0.13,0.379,Medium,85100.0,45,0.78
EMP02380,Customer Success,Senior Manager,L3,Male,Chennai,Master's,48,0.4,189800.0,3.6,4.2,3.6,26,5,0,0,Contract End,2022,0,14,2.3,3.8,0.29,0.422,Medium,198100.0,315,0.82
EMP02381,Engineering,Senior Manager,L4,Male,Bangalore,MBA,52,2.9,90400.0,3.8,2.0,3.6,28,5,3,0,Transfer,2015,75,19,3.2,4.5,0.29,0.617,Medium,67700.0,1122,0.83
EMP02382,Sales,VP,L1,Male,Hyderabad,MBA,35,0.3,35100.0,3.8,3.8,4.1,16,7,0,0,Contract End,2023,100,13,4.7,4.4,0.24,0.472,Medium,70200.0,588,0.85
EMP02383,Operations,Manager,L3,Male,Kolkata,Bachelor's,28,0.1,53700.0,4.5,4.4,2.8,14,0,1,0,Termination,2018,0,13,4.0,4.5,0.15,0.443,Medium,70800.0,779,0.6
EMP02384,Customer Success,Senior Manager,L4,Female,Delhi,Master's,38,1.4,82600.0,3.3,4.4,3.8,13,8,0,0,Contract End,2019,50,19,2.4,3.6,0.03,0.411,Medium,108200.0,1307,0.6
EMP02385,Engineering,Manager,L2,Female,Mumbai,MBA,33,6.7,27500.0,3.1,2.0,3.7,0,6,1,0,Termination,2015,0,24,4.8,1.9,0.08,0.635,Medium,49900.0,621,0.47
EMP02386,HR,Senior Analyst,L3,Female,Chennai,Master's,54,2.5,97400.0,4.3,3.9,3.7,0,4,1,1,Transfer,2023,100,16,3.5,2.8,0.34,0.495,Medium,188800.0,813,0.32
EMP02387,Engineering,Manager,L5,Male,Pune,Bachelor's,47,1.2,43000.0,5.0,3.7,3.5,23,6,1,0,Contract End,2021,100,9,4.4,4.0,0.17,0.401,Medium,83500.0,578,0.45
EMP02388,Sales,Senior Analyst,L2,Male,Delhi,Master's,25,1.1,59400.0,3.9,4.0,3.9,14,4,3,0,Transfer,2019,100,12,3.1,2.9,0.16,0.419,Medium,78500.0,1201,0.78
EMP02389,HR,Senior Analyst,L2,Male,Noida,Master's,30,1.7,94400.0,2.7,2.4,3.1,5,8,2,0,Resignation,2022,100,17,4.0,3.2,0.0,0.538,Medium,138700.0,437,0.82
EMP02390,Operations,Senior Manager,L2,Female,Bangalore,Master's,31,9.8,122900.0,4.5,4.2,2.4,3,8,3,0,Contract End,2019,100,4,2.3,3.9,0.02,0.376,Medium,202300.0,1195,0.51
EMP02391,Engineering,Manager,L3,Female,Delhi,MBA,29,5.5,105700.0,4.6,3.7,4.5,27,6,2,1,Retirement,2021,75,10,3.3,4.0,0.07,0.357,Medium,106400.0,297,0.56
EMP02392,Product,VP,L5,Female,Mumbai,Bachelor's,57,0.7,65400.0,4.6,4.5,4.5,30,3,0,0,Resignation,2021,100,6,4.1,3.5,0.14,0.315,Low,38600.0,564,0.39
EMP02393,Customer Success,Manager,L3,Male,Mumbai,Bachelor's,31,3.0,49600.0,2.8,3.7,3.5,13,2,2,0,Resignation,2022,100,4,2.7,3.4,0.3,0.35,Medium,70500.0,745,0.71
EMP02394,Marketing,Senior Analyst,L2,Female,Hyderabad,MBA,26,0.1,65700.0,4.7,4.5,2.1,16,2,0,1,Resignation,2017,50,16,3.8,3.7,0.15,0.495,Medium,95400.0,194,0.84
EMP02395,Marketing,VP,L2,Male,Hyderabad,Bachelor's,28,0.7,51800.0,3.4,3.2,3.1,23,1,3,0,Retirement,2021,50,15,3.6,2.3,0.03,0.563,Medium,30400.0,1466,0.53
EMP02396,Product,Analyst,L4,Male,Kolkata,MBA,22,1.5,126400.0,3.1,4.1,3.9,21,3,2,0,Transfer,2016,75,9,2.5,2.2,0.34,0.354,Medium,249800.0,1308,0.45
EMP02397,Sales,Individual Contributor,L5,Male,Mumbai,Diploma,42,0.5,64800.0,4.3,3.9,2.3,27,5,3,0,Transfer,2022,100,21,4.5,2.7,0.04,0.54,Medium,36400.0,842,0.69
EMP02398,Product,Analyst,L6,Female,Noida,Master's,45,2.0,43600.0,3.2,3.9,3.9,21,2,3,0,Resignation,2020,50,10,4.0,3.3,0.13,0.368,Medium,59000.0,680,0.54
EMP02399,Engineering,VP,L1,Male,Noida,Diploma,27,1.6,50700.0,3.5,2.8,1.7,20,6,3,0,Resignation,2021,100,2,4.3,4.4,0.24,0.548,Medium,28900.0,1463,0.9
EMP02400,Product,Director,L1,Non-Binary,Noida,Diploma,37,9.7,91300.0,4.8,2.2,3.0,1,4,2,0,Termination,2023,50,11,4.3,4.2,0.37,0.509,Medium,99400.0,472,0.68
EMP02401,Marketing,VP,L4,Male,Chennai,PhD,51,0.5,150000.0,4.0,3.8,4.1,12,1,3,1,Resignation,2018,75,0,3.1,3.1,0.21,0.322,Low,90800.0,986,0.4
EMP02402,Marketing,Senior Manager,L5,Female,Chennai,MBA,45,13.0,137200.0,4.7,3.1,3.9,12,5,0,0,Termination,2017,75,7,4.8,4.6,0.02,0.301,Low,260300.0,632,0.68
EMP02403,Marketing,Manager,L1,Female,Pune,MBA,27,4.4,108400.0,4.6,4.2,2.8,15,0,1,0,Transfer,2022,75,6,2.6,3.0,0.09,0.34,Medium,182600.0,537,0.6
EMP02404,Sales,VP,L3,Male,Pune,Master's,44,6.8,26400.0,4.6,4.8,2.3,23,4,1,0,Transfer,2017,0,13,4.6,4.5,0.4,0.356,Medium,28100.0,1309,0.68
EMP02405,Sales,Senior Analyst,L6,Male,Chennai,MBA,45,0.9,74800.0,3.9,3.2,3.7,23,0,1,0,Retirement,2015,50,13,4.2,4.1,0.26,0.479,Medium,140300.0,1257,0.87
EMP02406,Operations,Manager,L3,Male,Bangalore,Diploma,39,1.8,85000.0,3.0,4.1,4.3,21,8,3,0,Transfer,2021,75,12,4.3,3.6,0.28,0.41,Medium,123000.0,832,0.55
EMP02407,Customer Success,Senior Analyst,L3,Male,Chennai,Bachelor's,46,8.3,102000.0,4.7,2.9,3.9,7,4,3,0,Contract End,2022,25,9,3.7,1.9,0.22,0.415,Medium,193900.0,1390,0.63
EMP02408,Operations,Analyst,L6,Female,Mumbai,Master's,25,0.5,62900.0,4.2,3.0,2.8,4,4,2,0,Resignation,2015,75,15,3.8,3.9,0.33,0.58,Medium,42200.0,781,0.2
EMP02409,Product,Senior Manager,L2,Female,Hyderabad,Master's,46,2.3,132300.0,3.0,2.6,2.8,27,1,1,0,Resignation,2021,100,7,4.0,4.8,0.1,0.452,Medium,234400.0,316,0.61
EMP02410,Finance,Manager,L1,Female,Bangalore,PhD,33,8.5,40400.0,3.2,4.0,3.2,0,2,3,1,Transfer,2015,75,9,2.7,4.8,0.26,0.372,Medium,69100.0,1051,0.6
EMP02411,Operations,Senior Manager,L4,Female,Kolkata,Bachelor's,57,8.8,63500.0,3.3,4.2,4.3,22,2,2,0,Retirement,2022,100,6,3.9,4.4,0.18,0.268,Low,60900.0,1112,0.67
EMP02412,Product,VP,L4,Female,Kolkata,Diploma,48,0.7,79700.0,3.4,2.8,3.8,6,5,2,0,Resignation,2023,100,9,3.8,4.5,0.19,0.497,Medium,66800.0,1003,0.43
EMP02413,Sales,Individual Contributor,L3,Non-Binary,Noida,Master's,48,6.2,107300.0,4.1,3.2,3.8,6,5,3,1,Contract End,2021,25,20,2.5,3.7,0.38,0.477,Medium,140900.0,41,0.75
EMP02414,Operations,Senior Manager,L3,Female,Bangalore,Bachelor's,38,4.3,110700.0,3.7,4.7,3.6,27,3,2,0,Retirement,2018,75,10,3.6,4.1,0.04,0.304,Low,114300.0,1387,0.54
EMP02415,HR,Senior Analyst,L4,Male,Kolkata,Master's,38,1.2,131600.0,4.3,4.0,3.1,27,1,1,0,Resignation,2020,50,17,4.0,4.2,0.37,0.523,Medium,177300.0,1386,0.64
EMP02416,HR,Senior Manager,L1,Female,Mumbai,Master's,53,4.4,103700.0,4.3,3.0,3.5,0,1,3,0,Termination,2021,0,9,3.3,4.3,0.24,0.4,Medium,144200.0,66,0.64
EMP02417,Engineering,Senior Analyst,L1,Male,Delhi,MBA,36,1.0,46800.0,4.1,3.4,3.6,24,6,3,0,Resignation,2019,50,18,4.7,3.6,0.4,0.48,Medium,93300.0,490,0.67
EMP02418,Engineering,Senior Analyst,L1,Male,Noida,Bachelor's,54,4.9,105200.0,3.9,3.0,4.0,1,6,1,1,Termination,2018,0,3,3.3,2.9,0.01,0.359,Medium,141200.0,1493,0.79
EMP02419,Finance,Senior Analyst,L3,Male,Chennai,MBA,51,2.8,90600.0,3.8,3.9,3.8,24,3,3,0,Termination,2020,50,7,4.1,3.0,0.3,0.401,Medium,147600.0,1125,0.63
EMP02420,Marketing,VP,L4,Male,Pune,Bachelor's,26,0.5,135800.0,4.3,4.7,3.7,18,6,1,0,Retirement,2021,0,5,3.7,2.8,0.34,0.287,Low,262300.0,186,0.58
EMP02421,Engineering,Senior Analyst,L4,Male,Chennai,Master's,55,10.6,69600.0,3.1,4.5,3.5,6,1,2,0,Retirement,2020,100,16,4.3,2.5,0.11,0.326,Low,126100.0,88,0.64
EMP02422,Engineering,Individual Contributor,L3,Male,Hyderabad,PhD,54,1.6,167200.0,3.6,4.6,4.3,11,4,1,0,Transfer,2015,100,22,4.7,3.0,0.33,0.478,Medium,290100.0,510,0.71
EMP02423,Product,VP,L5,Male,Bangalore,MBA,39,1.3,123600.0,3.7,3.8,3.9,20,8,3,0,Termination,2015,0,6,4.3,4.1,0.27,0.319,Low,76500.0,929,0.65
EMP02424,Finance,Manager,L5,Male,Pune,Master's,29,0.5,86500.0,4.4,4.1,2.8,8,3,3,0,Contract End,2020,0,20,2.3,3.5,0.33,0.507,Medium,45400.0,639,0.78
EMP02425,Sales,VP,L1,Female,Bangalore,Master's,36,0.9,119400.0,4.2,2.9,2.1,18,0,2,0,Termination,2023,50,9,3.6,4.6,0.28,0.528,Medium,108700.0,1383,0.62
EMP02426,Finance,Individual Contributor,L4,Female,Kolkata,MBA,25,0.2,86600.0,3.8,4.5,3.9,21,4,1,0,Transfer,2021,50,22,4.3,3.1,0.24,0.45,Medium,115900.0,568,0.78
EMP02427,Engineering,Manager,L2,Female,Delhi,Master's,40,3.9,81400.0,3.6,3.9,3.4,2,3,2,0,Resignation,2015,50,0,1.6,4.6,0.13,0.349,Medium,85900.0,128,0.78
EMP02428,Finance,Director,L3,Female,Delhi,MBA,32,5.0,48300.0,4.6,4.3,4.2,9,8,1,0,Contract End,2017,50,21,3.2,4.4,0.3,0.406,Medium,41900.0,1187,0.71
EMP02429,Engineering,Individual Contributor,L1,Female,Chennai,MBA,44,7.7,76900.0,4.3,3.6,4.2,25,5,2,0,Transfer,2015,100,13,4.1,4.0,0.35,0.349,Medium,145900.0,879,0.82
EMP02430,Operations,Individual Contributor,L3,Female,Kolkata,Diploma,24,0.2,125300.0,3.1,4.8,4.6,20,1,3,0,Resignation,2021,25,24,4.4,4.6,0.11,0.452,Medium,242300.0,318,0.68
EMP02431,Product,Senior Analyst,L3,Female,Noida,Master's,42,0.1,151400.0,3.2,4.2,4.7,10,7,2,0,Resignation,2020,50,2,3.9,3.9,0.19,0.294,Low,97000.0,1169,0.42
EMP02432,Engineering,Analyst,L4,Male,Pune,Bachelor's,49,3.5,34400.0,3.0,2.5,4.7,13,2,1,0,Retirement,2022,75,2,4.7,4.2,0.06,0.394,Medium,45200.0,805,0.69
EMP02433,Operations,VP,L4,Female,Noida,MBA,44,6.9,71200.0,4.4,2.9,2.6,7,1,1,0,Resignation,2022,100,23,1.8,3.6,0.05,0.607,Medium,126600.0,925,0.59
EMP02434,Product,Senior Manager,L1,Female,Pune,MBA,57,0.4,85400.0,3.9,4.3,3.5,1,3,3,0,Retirement,2015,100,12,3.1,2.5,0.3,0.392,Medium,62800.0,1106,0.76
EMP02435,Sales,Analyst,L4,Male,Bangalore,Diploma,42,0.9,92900.0,4.5,4.3,1.8,23,3,0,0,Termination,2019,75,19,2.8,3.0,0.09,0.543,Medium,184400.0,603,0.47
EMP02436,Engineering,Director,L3,Female,Pune,MBA,38,4.0,133400.0,3.1,3.6,3.3,6,3,0,1,Contract End,2020,50,0,2.6,3.0,0.08,0.334,Medium,228500.0,659,0.63
EMP02437,Engineering,Director,L3,Male,Kolkata,Master's,36,6.1,87500.0,3.6,4.0,3.8,0,0,2,0,Transfer,2017,50,20,3.6,1.8,0.3,0.438,Medium,126700.0,273,0.53
EMP02438,Sales,Senior Analyst,L4,Male,Bangalore,Master's,30,2.2,154000.0,4.1,2.7,4.3,16,6,2,0,Transfer,2022,0,19,3.3,2.5,0.21,0.478,Medium,293500.0,1218,0.73
EMP02439,Product,Director,L5,Male,Kolkata,PhD,25,0.4,38200.0,4.9,3.8,4.0,5,3,2,0,Termination,2021,50,10,3.6,4.0,0.34,0.398,Medium,65400.0,413,0.88
EMP02440,Sales,Senior Manager,L1,Male,Kolkata,Master's,33,18.8,61200.0,3.8,3.8,3.1,10,6,0,1,Transfer,2022,75,19,4.0,3.7,0.27,0.337,Medium,99300.0,558,0.54
EMP02441,Product,Manager,L4,Male,Bangalore,Master's,27,11.0,56800.0,4.5,3.8,3.4,20,4,0,0,Retirement,2018,75,13,3.8,4.8,0.19,0.375,Medium,66100.0,144,0.25
EMP02442,Sales,Individual Contributor,L4,Male,Kolkata,Bachelor's,53,5.0,28700.0,3.2,4.2,3.6,3,3,2,0,Transfer,2016,50,11,2.5,3.6,0.25,0.365,Medium,42700.0,735,0.68
EMP02443,Engineering,Individual Contributor,L5,Female,Hyderabad,Bachelor's,52,3.1,126200.0,4.3,4.1,3.4,21,7,0,0,Retirement,2022,100,4,4.6,2.8,0.38,0.315,Low,147700.0,856,0.52
EMP02444,Sales,Director,L2,Female,Delhi,Bachelor's,37,0.8,99200.0,1.7,3.8,4.4,18,5,2,0,Contract End,2018,0,5,4.1,2.9,0.37,0.315,Low,180500.0,170,0.67
EMP02445,Marketing,Senior Analyst,L2,Male,Noida,Diploma,47,2.6,50300.0,3.5,4.3,4.3,26,4,1,0,Resignation,2023,50,9,3.1,4.3,0.26,0.33,Low,57800.0,1133,0.66
EMP02446,Operations,Individual Contributor,L3,Male,Bangalore,Bachelor's,40,1.0,101700.0,2.4,3.3,1.9,10,3,0,0,Retirement,2017,50,6,3.9,2.2,0.34,0.528,Medium,51700.0,1419,0.77
EMP02447,HR,Senior Manager,L2,Female,Pune,Master's,25,5.4,92500.0,4.4,4.2,3.1,13,0,3,0,Contract End,2020,0,15,4.4,4.4,0.36,0.39,Medium,117100.0,1485,0.45
EMP02448,Engineering,Individual Contributor,L4,Male,Kolkata,Master's,38,3.0,68100.0,3.7,4.6,4.2,15,3,1,1,Termination,2016,100,14,4.0,3.5,0.16,0.349,Medium,103400.0,542,0.46
EMP02449,Sales,Analyst,L1,Male,Delhi,MBA,53,0.9,61900.0,3.0,2.9,1.8,17,8,0,1,Resignation,2015,100,14,4.4,2.9,0.05,0.58,Medium,73100.0,401,0.88
EMP02450,HR,Manager,L5,Female,Hyderabad,PhD,24,2.9,93100.0,3.9,2.8,3.6,22,8,0,0,Retirement,2017,50,23,3.4,3.9,0.03,0.61,Medium,160000.0,1131,0.66
EMP02451,HR,Director,L6,Male,Chennai,Master's,35,1.2,68500.0,2.9,3.3,3.6,3,7,1,0,Termination,2018,100,15,3.9,4.3,0.16,0.478,Medium,108400.0,1446,0.5
EMP02452,Engineering,VP,L5,Male,Pune,MBA,57,0.1,55400.0,3.7,3.2,2.7,13,1,1,1,Contract End,2018,100,2,2.4,3.9,0.27,0.48,Medium,69200.0,1343,0.55
EMP02453,Engineering,Director,L5,Male,Mumbai,Bachelor's,49,0.4,43800.0,3.7,3.7,3.4,15,4,1,0,Contract End,2021,100,10,4.7,3.9,0.06,0.444,Medium,24100.0,1228,0.78
EMP02454,Sales,Analyst,L4,Female,Pune,Bachelor's,44,8.0,50700.0,3.4,2.6,3.0,24,5,0,0,Contract End,2018,75,21,4.0,4.1,0.12,0.515,Medium,85400.0,901,0.85
EMP02455,Sales,Individual Contributor,L3,Male,Hyderabad,Diploma,41,2.3,185500.0,3.8,3.1,2.9,3,4,2,0,Transfer,2017,25,9,3.5,3.1,0.35,0.507,Medium,345200.0,178,0.49
EMP02456,Engineering,Director,L2,Female,Pune,Master's,30,1.4,73800.0,3.1,3.4,2.5,31,2,1,0,Resignation,2019,100,21,2.7,3.0,0.1,0.552,Medium,95900.0,211,0.81
EMP02457,Product,Individual Contributor,L1,Female,Delhi,Bachelor's,35,7.4,51700.0,3.4,3.0,3.9,17,8,3,0,Transfer,2016,50,16,4.7,2.8,0.33,0.475,Medium,81000.0,559,0.64
EMP02458,Sales,Senior Analyst,L3,Female,Pune,Diploma,42,2.5,65000.0,3.4,4.0,2.5,25,1,0,0,Resignation,2019,50,3,2.0,3.3,0.27,0.438,Medium,64600.0,492,0.67
EMP02459,Operations,Analyst,L4,Male,Hyderabad,Bachelor's,50,1.2,117400.0,4.4,3.4,3.6,26,0,2,1,Resignation,2017,50,15,4.4,3.0,0.17,0.532,Medium,142600.0,727,0.35
EMP02460,Product,VP,L4,Male,Mumbai,MBA,55,1.2,91900.0,4.7,2.6,2.5,25,8,2,0,Termination,2015,25,4,2.2,3.9,0.28,0.485,Medium,129900.0,69,0.42
EMP02461,Operations,Manager,L3,Female,Chennai,MBA,37,3.8,45300.0,3.6,3.9,4.1,8,5,0,1,Transfer,2016,50,9,4.4,2.6,0.34,0.339,Medium,45400.0,798,0.53
EMP02462,Operations,Senior Analyst,L5,Male,Mumbai,Bachelor's,53,0.5,33000.0,3.6,4.6,4.1,23,3,1,1,Termination,2023,0,9,3.0,3.7,0.13,0.387,Medium,40000.0,488,0.74
EMP02463,Product,Manager,L3,Female,Kolkata,Bachelor's,42,2.3,69600.0,4.0,3.5,3.7,11,6,0,0,Retirement,2017,100,21,3.3,3.8,0.37,0.491,Medium,55200.0,460,0.64
EMP02464,Operations,Senior Analyst,L5,Male,Mumbai,Bachelor's,24,7.8,74400.0,4.8,4.0,4.2,20,1,1,1,Contract End,2017,75,10,3.6,2.1,0.4,0.372,Medium,89200.0,132,0.68
EMP02465,Engineering,Manager,L2,Female,Delhi,MBA,23,0.3,92400.0,3.8,4.1,4.8,7,0,0,1,Transfer,2023,75,3,4.5,2.6,0.38,0.257,Low,146900.0,1103,0.78
EMP02466,Sales,Analyst,L2,Male,Noida,Master's,53,0.3,48500.0,4.8,3.7,4.7,8,3,3,0,Retirement,2016,50,9,3.5,3.1,0.08,0.41,Medium,33200.0,797,0.66
EMP02467,Engineering,Director,L4,Male,Pune,PhD,31,15.0,80900.0,4.0,2.6,3.5,29,1,1,0,Contract End,2020,50,0,3.0,2.8,0.32,0.264,Low,110700.0,1113,0.58
EMP02468,Product,Senior Manager,L2,Female,Pune,Bachelor's,46,6.2,69700.0,3.5,3.0,3.9,24,0,2,0,Retirement,2022,50,1,4.8,4.5,0.35,0.315,Low,48200.0,1227,0.59
EMP02469,Product,Senior Analyst,L4,Male,Noida,Diploma,41,1.0,196800.0,4.4,3.0,3.5,8,2,1,1,Transfer,2021,100,17,3.7,3.2,0.17,0.529,Medium,164900.0,483,0.54
EMP02470,Operations,Senior Manager,L3,Female,Pune,Bachelor's,37,6.9,136700.0,1.9,4.3,3.7,5,8,2,0,Resignation,2023,0,10,4.5,4.1,0.14,0.351,Medium,168400.0,1494,0.72
EMP02471,Operations,Senior Analyst,L2,Female,Bangalore,Master's,42,9.2,53800.0,3.2,3.5,2.7,21,8,2,0,Retirement,2022,75,1,2.9,4.2,0.08,0.298,Low,99700.0,1084,0.58
EMP02472,Product,Manager,L3,Male,Hyderabad,Diploma,23,18.4,63700.0,3.3,2.5,4.6,6,3,2,0,Contract End,2017,75,9,3.2,3.2,0.24,0.28,Low,57800.0,113,0.89
EMP02473,Product,Individual Contributor,L3,Female,Delhi,Bachelor's,46,4.9,65200.0,4.6,2.8,3.4,29,8,1,0,Resignation,2018,75,5,3.5,4.5,0.17,0.384,Medium,100600.0,1354,0.87
EMP02474,Customer Success,Analyst,L4,Male,Chennai,Bachelor's,33,1.4,78800.0,2.3,4.5,4.5,5,0,3,0,Transfer,2016,50,1,3.6,2.3,0.25,0.267,Low,75700.0,1057,0.79
EMP02475,Engineering,Senior Manager,L2,Male,Kolkata,MBA,44,3.1,60000.0,3.0,3.2,3.8,28,7,3,0,Contract End,2020,0,6,3.7,2.1,0.01,0.381,Medium,116500.0,109,0.83
EMP02476,Sales,VP,L3,Male,Noida,Bachelor's,45,6.2,56800.0,4.0,3.4,4.0,4,3,2,0,Transfer,2016,75,17,4.4,3.7,0.09,0.446,Medium,50800.0,578,0.62
EMP02477,Marketing,Individual Contributor,L4,Female,Kolkata,Master's,41,2.8,35500.0,3.9,4.0,2.5,5,0,1,0,Contract End,2023,25,18,4.5,4.2,0.23,0.505,Medium,28900.0,64,0.13
EMP02478,Finance,Analyst,L4,Male,Pune,Diploma,44,20.0,58500.0,2.8,3.1,3.1,11,2,1,0,Transfer,2019,25,0,4.8,2.5,0.26,0.249,Low,61100.0,478,0.65
EMP02479,Engineering,Individual Contributor,L1,Male,Kolkata,MBA,34,3.2,97600.0,2.6,4.9,2.8,20,5,1,0,Retirement,2023,100,20,3.1,1.9,0.08,0.483,Medium,57700.0,142,0.71
EMP02480,Product,Manager,L3,Male,Chennai,PhD,45,3.1,31200.0,4.2,3.2,2.5,9,7,1,1,Resignation,2015,50,16,3.7,3.3,0.38,0.502,Medium,47800.0,1242,0.31
EMP02481,Engineering,Analyst,L2,Female,Mumbai,Master's,28,2.8,100300.0,3.2,3.6,4.6,25,6,1,0,Termination,2018,50,4,4.3,2.8,0.28,0.299,Low,191200.0,174,0.74
EMP02482,HR,Senior Analyst,L6,Male,Noida,Bachelor's,23,3.9,56900.0,3.6,4.0,3.2,19,0,1,0,Retirement,2023,50,4,3.7,3.8,0.33,0.373,Medium,57800.0,240,0.85
EMP02483,HR,Analyst,L5,Male,Hyderabad,MBA,56,1.9,68400.0,2.4,3.8,2.9,30,6,1,0,Termination,2015,100,10,4.8,2.8,0.34,0.48,Medium,114800.0,1486,0.4
EMP02484,Operations,Manager,L2,Female,Delhi,Bachelor's,34,4.9,90700.0,4.3,4.3,2.4,29,4,1,0,Resignation,2016,100,19,4.4,3.6,0.26,0.516,Medium,157400.0,68,0.78
EMP02485,Sales,Director,L5,Female,Kolkata,Diploma,26,1.2,53200.0,4.1,2.9,4.0,7,0,1,0,Contract End,2023,50,4,3.4,3.1,0.35,0.404,Medium,37000.0,18,0.74
EMP02486,Engineering,Analyst,L4,Female,Chennai,Diploma,44,0.1,44500.0,4.0,4.2,4.1,2,7,3,1,Contract End,2017,100,12,3.7,2.7,0.2,0.418,Medium,24200.0,765,0.54
EMP02487,Operations,Director,L1,Female,Pune,Diploma,44,2.8,93800.0,3.8,4.2,2.1,13,6,3,0,Retirement,2023,0,2,3.7,4.4,0.11,0.419,Medium,111500.0,709,0.47
EMP02488,Engineering,Director,L2,Male,Hyderabad,MBA,49,2.6,33900.0,4.3,4.5,3.9,10,6,2,0,Contract End,2016,75,3,4.2,4.3,0.14,0.315,Low,39800.0,38,0.42
EMP02489,Product,Manager,L1,Male,Mumbai,Bachelor's,53,2.4,46300.0,3.3,3.2,3.7,14,7,1,0,Retirement,2023,50,3,4.6,4.0,0.12,0.408,Medium,80400.0,1351,0.61
EMP02490,Engineering,Senior Manager,L1,Non-Binary,Mumbai,Diploma,55,2.7,58200.0,4.1,3.8,3.1,28,8,2,0,Termination,2022,0,16,4.3,3.3,0.11,0.463,Medium,100900.0,779,0.49
EMP02491,Sales,Senior Manager,L3,Female,Mumbai,Bachelor's,44,3.9,81300.0,2.8,4.2,3.6,28,2,0,0,Resignation,2021,75,5,4.5,4.7,0.04,0.295,Low,75300.0,668,0.63
EMP02492,Finance,VP,L3,Female,Pune,Master's,51,2.3,131000.0,4.2,4.7,4.1,11,5,3,0,Retirement,2015,100,11,4.2,3.8,0.29,0.377,Medium,174000.0,430,0.35
EMP02493,Customer Success,Individual Contributor,L3,Male,Chennai,Bachelor's,54,9.4,44100.0,3.7,2.8,3.4,8,8,2,0,Termination,2020,75,0,3.5,3.8,0.37,0.365,Medium,31900.0,190,0.31
EMP02494,Marketing,Director,L1,Male,Chennai,Bachelor's,29,1.2,95600.0,3.4,3.9,4.7,26,7,2,0,Contract End,2022,0,4,3.6,2.4,0.01,0.28,Low,81600.0,275,0.64
EMP02495,Engineering,Director,L5,Male,Chennai,Bachelor's,28,5.8,34900.0,4.2,2.8,4.6,5,3,2,1,Contract End,2021,100,10,3.9,2.7,0.15,0.346,Medium,45700.0,751,0.58
EMP02496,Operations,Director,L3,Female,Pune,Master's,41,1.3,45900.0,4.0,2.8,3.3,20,1,0,1,Resignation,2018,100,15,4.1,3.1,0.12,0.53,Medium,88500.0,630,0.65
EMP02497,Engineering,Director,L3,Female,Chennai,Bachelor's,29,0.1,54900.0,2.7,3.4,3.8,15,8,2,0,Contract End,2020,100,16,4.9,3.2,0.26,0.525,Medium,66700.0,556,0.6
EMP02498,Engineering,Director,L2,Female,Chennai,Bachelor's,48,2.0,69700.0,3.8,4.0,4.7,8,7,2,1,Retirement,2022,0,14,4.4,4.0,0.28,0.361,Medium,83600.0,1421,0.65
EMP02499,Product,Senior Analyst,L3,Female,Mumbai,PhD,22,10.7,63200.0,4.7,4.6,3.1,14,5,0,1,Termination,2020,100,5,3.6,3.4,0.16,0.233,Low,87500.0,975,0.85
